{
    "providers":[
       {"type":"bitmap","file":"prefixes/hadmin.png","ascent":7,"height":7,"chars":["丟"]},
       {"type":"bitmap","file":"prefixes/admin.png","ascent":7,"height":7,"chars":["丛"]},
       {"type":"bitmap","file":"prefixes/mod.png","ascent":7,"height":7,"chars":["丞"]},
       {"type":"bitmap","file":"prefixes/helper2.png","ascent":7,"height":7,"chars":["丧"]},
       {"type":"bitmap","file":"prefixes/helper.png","ascent":7,"height":7,"chars":["丵"]},
       {"type":"bitmap","file":"prefixes/vip.png","ascent":7,"height":7,"chars":["临"]},
       {"type":"bitmap","file":"prefixes/premium.png","ascent":7,"height":7,"chars":["丹"]},
       {"type":"bitmap","file":"prefixes/sponsor.png","ascent":7,"height":7,"chars":["丱"]},
       {"type":"bitmap","file":"prefixes/king.png","ascent":7,"height":7,"chars":["乌"]},
       {"type":"bitmap","file":"prefixes/duke.png","ascent":7,"height":7,"chars":["之"]},
       {"type":"bitmap","file":"prefixes/marquis.png","ascent":7,"height":7,"chars":["估"]},
       {"type":"bitmap","file":"prefixes/graf.png","ascent":7,"height":7,"chars":["伱"]},
       {"type":"bitmap","file":"prefixes/baron.png","ascent":7,"height":7,"chars":["伲"]},
       {"type":"bitmap","file":"prefixes/knight.png","ascent":7,"height":7,"chars":["伳"]},
       {"type":"bitmap","file":"prefixes/krestianin.png","ascent":7,"height":7,"chars":["伵"]},
       {"type":"bitmap","file":"prefixes/player.png","ascent":7,"height":7,"chars":["伶"]},
       {"type":"bitmap","file":"sbicons/bal.png","ascent":8,"height":8,"chars":["伹"]},
       {"type":"bitmap","file":"sbicons/coins.png","ascent":8,"height":8,"chars":["伺"]},
       {"type":"bitmap","file":"sbicons/deaths.png","ascent":8,"height":8,"chars":["伻"]},
       {"type":"bitmap","file":"sbicons/group.png","ascent":8,"height":8,"chars":["伽"]},
       {"type":"bitmap","file":"sbicons/kills.png","ascent":8,"height":8,"chars":["伾"]},
       {"type":"bitmap","file":"sbicons/mayor.png","ascent":8,"height":8,"chars":["佀"]},
       {"type":"bitmap","file":"sbicons/res.png","ascent":8,"height":8,"chars":["佂"]},
       {"type":"bitmap","file":"sbicons/site.png","ascent":8,"height":8,"chars":["佃"]}
    ]
 }