{
	"credit": "www.sebxter.pl",
	"texture_size": [128, 128],
	"textures": {
		"1": "block/vehiles/heli/helicopter",
		"2": "block/vehiles/heli/helicopter_propeller",
		"particle": "block/vehiles/heli/seats",
		"1_1": "block/vehiles/heli/seats"
	},
	"elements": [
		{
			"from": [3.39613, 3.62905, -11.90493],
			"to": [12.60387, 4.94445, 1.24899],
			"rotation": {"angle": 0, "axis": "y", "origin": [8.12058, 6.6211, 1.01545]},
			"faces": {
				"north": {"uv": [7.25, 0.375, 8.40625, 0.53125], "texture": "#1"},
				"east": {"uv": [1, 6.875, 2.65625, 7.03125], "texture": "#1"},
				"south": {"uv": [7.25, 4, 8.40625, 4.15625], "texture": "#1"},
				"west": {"uv": [6.875, 6.75, 8.53125, 6.90625], "texture": "#1"},
				"up": {"uv": [4.15625, 2.78125, 3, 1.125], "texture": "#1"},
				"down": {"uv": [4.15625, 3, 3, 4.65625], "texture": "#1"}
			}
		},
		{
			"from": [12.15113, 4.92445, -14.77],
			"to": [12.59887, 12.8568, 7.58167],
			"shade": false,
			"rotation": {"angle": 0, "axis": "y", "origin": [12.375, 8.91562, -3.59416]},
			"faces": {
				"east": {"uv": [0, 0, 2.78125, 1], "texture": "#1"},
				"west": {"uv": [0, 1.125, 2.78125, 2.125], "texture": "#1"}
			}
		},
		{
			"from": [3.40113, 4.92445, -14.77],
			"to": [3.84887, 12.8568, 7.58167],
			"shade": false,
			"rotation": {"angle": 0, "axis": "y", "origin": [3.625, 8.91562, -3.59416]},
			"faces": {
				"east": {"uv": [0, 2.25, 2.78125, 3.25], "texture": "#1"},
				"west": {"uv": [3, 0, 5.78125, 1], "texture": "#1"}
			}
		},
		{
			"from": [3.4027, 3.77401, 0.09278],
			"to": [12.5973, 5.07625, 6.65659],
			"rotation": {"angle": -22.5, "axis": "x", "origin": [8.12058, 6.6211, 1.01545]},
			"faces": {
				"north": {"uv": [7.25, 4.375, 8.40625, 4.53125], "texture": "#1"},
				"east": {"uv": [8, 1.5, 8.8125, 1.65625], "texture": "#1"},
				"south": {"uv": [7.25, 4.75, 8.40625, 4.90625], "texture": "#1"},
				"west": {"uv": [3.25, 8.25, 4.0625, 8.40625], "texture": "#1"},
				"up": {"uv": [5.53125, 1.9375, 4.375, 1.125], "texture": "#1"},
				"down": {"uv": [5.53125, 2.125, 4.375, 2.9375], "texture": "#1"}
			}
		},
		{
			"from": [3.39613, 6.14595, 6.00992],
			"to": [12.60387, 10.09213, 7.32531],
			"rotation": {"angle": 0, "axis": "x", "origin": [8.12058, 6.6211, 1.01545]},
			"faces": {
				"north": {"uv": [5.75, 1.125, 6.90625, 1.625], "texture": "#1"},
				"east": {"uv": [8.625, 4.75, 8.78125, 5.25], "texture": "#1"},
				"south": {"uv": [1.625, 5.75, 2.78125, 6.25], "texture": "#1"},
				"west": {"uv": [6.875, 8.625, 7.03125, 9.125], "texture": "#1"},
				"up": {"uv": [8.65625, 2.90625, 7.5, 2.75], "texture": "#1"},
				"down": {"uv": [8.65625, 3.125, 7.5, 3.28125], "texture": "#1"}
			}
		},
		{
			"from": [6.02691, 6.86942, 5.23098],
			"to": [9.97309, 12.13099, 10.49255],
			"rotation": {"angle": 0, "axis": "x", "origin": [8.12058, 6.6211, 1.01545]},
			"faces": {
				"north": {"uv": [4.625, 6, 5.125, 6.65625], "texture": "#1"},
				"east": {"uv": [5.75, 4.25, 6.40625, 4.90625], "texture": "#1"},
				"south": {"uv": [6.625, 0, 7.125, 0.65625], "texture": "#1"},
				"west": {"uv": [5.5, 5.75, 6.15625, 6.40625], "texture": "#1"},
				"up": {"uv": [7.125, 4.90625, 6.625, 4.25], "texture": "#1"},
				"down": {"uv": [5.75, 6.625, 5.25, 7.28125], "texture": "#1"}
			}
		},
		{
			"from": [6.68461, 8.18481, 10.49255],
			"to": [9.31539, 12.13099, 22.33108],
			"rotation": {"angle": 0, "axis": "x", "origin": [8.12058, 6.6211, 1.01545]},
			"faces": {
				"north": {"uv": [5.5, 7.875, 5.84375, 8.375], "texture": "#1"},
				"east": {"uv": [5.5, 5.125, 6.96875, 5.625], "texture": "#1"},
				"south": {"uv": [6, 7.875, 6.34375, 8.375], "texture": "#1"},
				"west": {"uv": [0, 5.625, 1.46875, 6.125], "texture": "#1"},
				"up": {"uv": [3.34375, 7.21875, 3, 5.75], "texture": "#1"},
				"down": {"uv": [3.84375, 5.75, 3.5, 7.21875], "texture": "#1"}
			}
		},
		{
			"from": [7.34231, 9.5002, 22.33108],
			"to": [8.6577, 12.13099, 30.22343],
			"rotation": {"angle": 0, "axis": "x", "origin": [8.82211, 11.11705, 27.09937]},
			"faces": {
				"north": {"uv": [7.25, 8.625, 7.40625, 8.96875], "texture": "#1"},
				"east": {"uv": [6.375, 5.75, 7.375, 6.09375], "texture": "#1"},
				"south": {"uv": [8.875, 5.75, 9.03125, 6.09375], "texture": "#1"},
				"west": {"uv": [6.375, 6.25, 7.375, 6.59375], "texture": "#1"},
				"up": {"uv": [1.15625, 9, 1, 8], "texture": "#1"},
				"down": {"uv": [7.90625, 8.125, 7.75, 9.125], "texture": "#1"}
			}
		},
		{
			"from": [5.14645, 9.66486, 26.80984],
			"to": [7.77723, 10.98025, 28.12523],
			"rotation": {"angle": -45, "axis": "x", "origin": [7.88972, 11.11705, 27.09937]},
			"faces": {
				"north": {"uv": [8.875, 6.25, 9.21875, 6.40625], "texture": "#1"},
				"east": {"uv": [9.25, 9.125, 9.40625, 9.28125], "texture": "#1"},
				"south": {"uv": [8.75, 8.875, 9.09375, 9.03125], "texture": "#1"},
				"west": {"uv": [9.375, 0, 9.53125, 0.15625], "texture": "#1"},
				"up": {"uv": [9.34375, 1.65625, 9, 1.5], "texture": "#1"},
				"down": {"uv": [9.34375, 1.875, 9, 2.03125], "texture": "#1"}
			}
		},
		{
			"from": [5.42304, 9.3376, 17.77782],
			"to": [10.57696, 10.65299, 20.4086],
			"rotation": {"angle": 0, "axis": "x", "origin": [8, 9.99529, 19.09321]},
			"faces": {
				"north": {"uv": [6.875, 8.25, 7.53125, 8.40625], "texture": "#1"},
				"east": {"uv": [9, 2.25, 9.34375, 2.40625], "texture": "#1"},
				"south": {"uv": [8.375, 7.125, 9.03125, 7.28125], "texture": "#1"},
				"west": {"uv": [3.25, 9, 3.59375, 9.15625], "texture": "#1"},
				"up": {"uv": [7.78125, 1.21875, 7.125, 0.875], "texture": "#1"},
				"down": {"uv": [7.78125, 1.375, 7.125, 1.71875], "texture": "#1"}
			}
		},
		{
			"from": [3.1209, 9.3376, 19.42921],
			"to": [6.27482, 10.65299, 22.05999],
			"rotation": {"angle": 22.5, "axis": "y", "origin": [1.69786, 9.99529, 20.7446]},
			"faces": {
				"north": {"uv": [8.875, 2.625, 9.28125, 2.78125], "texture": "#1"},
				"east": {"uv": [1.375, 9.125, 1.71875, 9.28125], "texture": "#1"},
				"south": {"uv": [8.875, 3, 9.28125, 3.15625], "texture": "#1"},
				"west": {"uv": [1.875, 9.125, 2.21875, 9.28125], "texture": "#1"},
				"up": {"uv": [8.53125, 8.46875, 8.125, 8.125], "texture": "#1"},
				"down": {"uv": [1.78125, 8.25, 1.375, 8.59375], "texture": "#1"}
			}
		},
		{
			"from": [9.72518, 9.3376, 19.42921],
			"to": [12.8791, 10.65299, 22.05999],
			"rotation": {"angle": -22.5, "axis": "y", "origin": [14.30214, 9.99529, 20.7446]},
			"faces": {
				"north": {"uv": [8.875, 3.375, 9.28125, 3.53125], "texture": "#1"},
				"east": {"uv": [2.375, 9.125, 2.71875, 9.28125], "texture": "#1"},
				"south": {"uv": [8.875, 5.375, 9.28125, 5.53125], "texture": "#1"},
				"west": {"uv": [7.25, 9.125, 7.59375, 9.28125], "texture": "#1"},
				"up": {"uv": [2.40625, 8.59375, 2, 8.25], "texture": "#1"},
				"down": {"uv": [3.03125, 8.25, 2.625, 8.59375], "texture": "#1"}
			}
		},
		{
			"from": [7.34888, 10.59185, 24.95163],
			"to": [8.65112, 17.15565, 27.56926],
			"rotation": {"angle": 22.5, "axis": "x", "origin": [8.82212, 11.11705, 27.09937]},
			"faces": {
				"north": {"uv": [4.25, 8.25, 4.40625, 9.0625], "texture": "#1"},
				"east": {"uv": [4.625, 6.875, 4.9375, 7.6875], "texture": "#1"},
				"south": {"uv": [4.625, 8.25, 4.78125, 9.0625], "texture": "#1"},
				"west": {"uv": [7, 3, 7.3125, 3.8125], "texture": "#1"},
				"up": {"uv": [3.03125, 9.4375, 2.875, 9.125], "texture": "#1"},
				"down": {"uv": [4.28125, 9.25, 4.125, 9.5625], "texture": "#1"}
			}
		},
		{
			"from": [7.34888, 5.90058, 24.55463],
			"to": [8.65112, 11.149, 27.17226],
			"rotation": {"angle": -22.5, "axis": "x", "origin": [8.82212, 11.11705, 27.09937]},
			"faces": {
				"north": {"uv": [5.375, 8.5, 5.53125, 9.15625], "texture": "#1"},
				"east": {"uv": [4, 7, 4.3125, 7.65625], "texture": "#1"},
				"south": {"uv": [5.75, 8.5, 5.90625, 9.15625], "texture": "#1"},
				"west": {"uv": [7.125, 1.875, 7.4375, 2.53125], "texture": "#1"},
				"up": {"uv": [4.65625, 9.5625, 4.5, 9.25], "texture": "#1"},
				"down": {"uv": [5.03125, 9.25, 4.875, 9.5625], "texture": "#1"}
			}
		},
		{
			"from": [3.40271, -1.08104, -13.71602],
			"to": [12.5973, 0.2212, -9.783],
			"rotation": {"angle": 22.5, "axis": "x", "origin": [8.12058, 6.6211, 1.01545]},
			"faces": {
				"north": {"uv": [7.5, 3.5, 8.65625, 3.65625], "texture": "#1"},
				"east": {"uv": [8.125, 8.625, 8.625, 8.78125], "texture": "#1"},
				"south": {"uv": [5.125, 7.5, 6.28125, 7.65625], "texture": "#1"},
				"west": {"uv": [8.75, 0, 9.25, 0.15625], "texture": "#1"},
				"up": {"uv": [6.90625, 2.25, 5.75, 1.75], "texture": "#1"},
				"down": {"uv": [6.90625, 2.375, 5.75, 2.875], "texture": "#1"}
			}
		},
		{
			"from": [3.39613, 5.13919, -15.55073],
			"to": [12.60387, 7.76997, -14.23534],
			"rotation": {"angle": 0, "axis": "x", "origin": [8.12058, 6.6211, 1.01545]},
			"faces": {
				"north": {"uv": [0, 6.25, 1.15625, 6.59375], "texture": "#1"},
				"east": {"uv": [3.75, 9, 3.90625, 9.34375], "texture": "#1"},
				"south": {"uv": [1.375, 6.375, 2.53125, 6.71875], "texture": "#1"},
				"west": {"uv": [9, 3.75, 9.15625, 4.09375], "texture": "#1"},
				"up": {"uv": [8.65625, 5.65625, 7.5, 5.5], "texture": "#1"},
				"down": {"uv": [8.65625, 5.875, 7.5, 6.03125], "texture": "#1"}
			}
		},
		{
			"from": [3.4027, 12.7133, -13.84347],
			"to": [12.5973, 14.01553, -8.59505],
			"rotation": {"angle": -22.5, "axis": "x", "origin": [8.12058, 6.6211, 1.01545]},
			"faces": {
				"north": {"uv": [7.5, 6.25, 8.65625, 6.40625], "texture": "#1"},
				"east": {"uv": [8.625, 0.375, 9.28125, 0.53125], "texture": "#1"},
				"south": {"uv": [6.5, 7.5, 7.65625, 7.65625], "texture": "#1"},
				"west": {"uv": [3.25, 8.625, 3.90625, 8.78125], "texture": "#1"},
				"up": {"uv": [1.15625, 5.40625, 0, 4.75], "texture": "#1"},
				"down": {"uv": [2.53125, 4.75, 1.375, 5.40625], "texture": "#1"}
			}
		},
		{
			"from": [3.39942, 0.0771, -9.58829],
			"to": [12.60058, 6.65406, -8.2822],
			"rotation": {"angle": 45, "axis": "x", "origin": [8.11729, 6.6211, 1.01545]},
			"faces": {
				"north": {"uv": [4.375, 3.125, 5.53125, 3.9375], "texture": "#1"},
				"east": {"uv": [5, 8.25, 5.15625, 9.0625], "texture": "#1"},
				"south": {"uv": [4.375, 4.125, 5.53125, 4.9375], "texture": "#1"},
				"west": {"uv": [6.5, 8.25, 6.65625, 9.0625], "texture": "#1"},
				"down": {"uv": [1.15625, 7.625, 0, 7.78125], "texture": "#1"}
			}
		},
		{
			"from": [3.4027, 12.84014, -6.45922],
			"to": [12.5973, 14.14238, 2.73537],
			"rotation": {"angle": 0, "axis": "x", "origin": [8.12058, 6.6211, 1.01545]},
			"faces": {
				"east": {"uv": [7.625, 1.875, 8.78125, 2.03125], "texture": "#1"},
				"south": {"uv": [7.625, 2.25, 8.78125, 2.40625], "texture": "#1"},
				"west": {"uv": [1.375, 7.875, 2.53125, 8.03125], "texture": "#1"},
				"up": {"uv": [1.15625, 4.53125, 0, 3.375], "texture": "#1"},
				"down": {"uv": [2.53125, 3.375, 1.375, 4.53125], "texture": "#1"}
			}
		},
		{
			"from": [2.73843, 13.09715, -0.37246],
			"to": [13.26157, 14.41255, 0.94293],
			"rotation": {"angle": 22.5, "axis": "x", "origin": [8.12058, 6.6211, 1.01545]},
			"faces": {
				"north": {"uv": [7.125, 5.125, 8.4375, 5.28125], "texture": "#1"},
				"east": {"uv": [3.25, 9.375, 3.40625, 9.53125], "texture": "#1"},
				"south": {"uv": [6.875, 7.125, 8.1875, 7.28125], "texture": "#1"},
				"west": {"uv": [9.375, 3.75, 9.53125, 3.90625], "texture": "#1"},
				"up": {"uv": [1.3125, 7.40625, 0, 7.25], "texture": "#1"},
				"down": {"uv": [8.5625, 0, 7.25, 0.15625], "texture": "#1"}
			}
		},
		{
			"from": [3.72498, 13.82011, -4.49271],
			"to": [12.27503, 15.1355, -0.54654],
			"rotation": {"angle": 0, "axis": "x", "origin": [8.12058, 6.6211, 1.01545]},
			"faces": {
				"north": {"uv": [6.5, 7.875, 7.5625, 8.03125], "texture": "#1"},
				"east": {"uv": [1.375, 8.75, 1.875, 8.90625], "texture": "#1"},
				"south": {"uv": [7.875, 7.5, 8.9375, 7.65625], "texture": "#1"},
				"west": {"uv": [2, 8.75, 2.5, 8.90625], "texture": "#1"},
				"up": {"uv": [6.8125, 3.5, 5.75, 3], "texture": "#1"},
				"down": {"uv": [6.8125, 3.625, 5.75, 4.125], "texture": "#1"}
			}
		},
		{
			"from": [6.02691, 13.11544, -4.19099],
			"to": [9.97309, 15.74622, 2.38597],
			"rotation": {"angle": 0, "axis": "x", "origin": [8.12058, 6.6211, 1.01545]},
			"faces": {
				"north": {"uv": [2.75, 7.375, 3.25, 7.71875], "texture": "#1"},
				"east": {"uv": [0, 6.75, 0.8125, 7.09375], "texture": "#1"},
				"south": {"uv": [3.375, 7.375, 3.875, 7.71875], "texture": "#1"},
				"west": {"uv": [5.875, 6.75, 6.6875, 7.09375], "texture": "#1"},
				"up": {"uv": [6.5, 0.8125, 6, 0], "texture": "#1"},
				"down": {"uv": [4.5, 6, 4, 6.8125], "texture": "#1"}
			}
		},
		{
			"from": [6.02142, 15.74622, -0.91319],
			"to": [7.33681, 18.37701, 0.4022],
			"rotation": {"angle": -45, "axis": "y", "origin": [8.12057, 6.6211, 1.01545]},
			"faces": {
				"north": {"uv": [9, 4.25, 9.15625, 4.59375], "texture": "#1"},
				"east": {"uv": [9, 4.75, 9.15625, 5.09375], "texture": "#1"},
				"south": {"uv": [8.125, 9, 8.28125, 9.34375], "texture": "#1"},
				"west": {"uv": [1, 9.125, 1.15625, 9.46875], "texture": "#1"},
				"up": {"uv": [9.53125, 4.28125, 9.375, 4.125], "texture": "#1"},
				"down": {"uv": [9.53125, 4.5, 9.375, 4.65625], "texture": "#1"}
			}
		},
		{
			"from": [6.03349, 15.73521, -3.58454],
			"to": [9.96651, 17.03745, -0.30921],
			"rotation": {"angle": -22.5, "axis": "x", "origin": [8.12058, 6.6211, 1.01545]},
			"faces": {
				"north": {"uv": [2.625, 8.75, 3.125, 8.90625], "texture": "#1"},
				"east": {"uv": [8.75, 8.125, 9.15625, 8.28125], "texture": "#1"},
				"south": {"uv": [8.75, 6.625, 9.25, 6.78125], "texture": "#1"},
				"west": {"uv": [8.75, 8.5, 9.15625, 8.65625], "texture": "#1"},
				"up": {"uv": [2, 7.65625, 1.5, 7.25], "texture": "#1"},
				"down": {"uv": [2.625, 7.25, 2.125, 7.65625], "texture": "#1"}
			}
		},
		{
			"from": [3.40139, 4.61899, 6.62145],
			"to": [12.59861, 9.87004, 7.92632],
			"rotation": {"angle": -45, "axis": "x", "origin": [8.12058, 6.6211, 1.01545]},
			"faces": {
				"north": {"uv": [2.75, 4.875, 3.90625, 5.53125], "texture": "#1"},
				"east": {"uv": [6.125, 8.5, 6.28125, 9.15625], "texture": "#1"},
				"south": {"uv": [4.125, 5.125, 5.28125, 5.78125], "texture": "#1"},
				"west": {"uv": [8.625, 3.875, 8.78125, 4.53125], "texture": "#1"},
				"up": {"uv": [3.90625, 8.03125, 2.75, 7.875], "texture": "#1"},
				"down": {"uv": [5.28125, 7.875, 4.125, 8.03125], "texture": "#1"}
			}
		},
		{
			"from": [2.21664, 1.5618, -10.75],
			"to": [2.96664, 2.3118, 2.75],
			"rotation": {"angle": 0, "axis": "z", "origin": [2.71664, 2.0618, -9.5]},
			"faces": {
				"north": {"uv": [8.5, 9, 8.59375, 9.09375], "texture": "#1"},
				"east": {"uv": [8, 1, 9.6875, 1.09375], "texture": "#1"},
				"south": {"uv": [9.5, 9.5, 9.59375, 9.59375], "texture": "#1"},
				"west": {"uv": [8, 1.25, 9.6875, 1.34375], "texture": "#1"},
				"up": {"uv": [0.59375, 9.6875, 0.5, 8], "texture": "#1"},
				"down": {"uv": [0.84375, 8, 0.75, 9.6875], "texture": "#1"}
			}
		},
		{
			"from": [2.21664, 2.63567, -12.88721],
			"to": [2.96664, 3.38567, -10.38721],
			"rotation": {"angle": 22.5, "axis": "x", "origin": [2.59164, 3.01067, -13.26795]},
			"faces": {
				"north": {"uv": [1, 9.625, 1.09375, 9.71875], "texture": "#1"},
				"east": {"uv": [6.375, 7.25, 6.6875, 7.34375], "texture": "#1"},
				"south": {"uv": [2.875, 9.625, 2.96875, 9.71875], "texture": "#1"},
				"west": {"uv": [9.25, 8.875, 9.5625, 8.96875], "texture": "#1"},
				"up": {"uv": [2.84375, 4.6875, 2.75, 4.375], "texture": "#1"},
				"down": {"uv": [5.34375, 6, 5.25, 6.3125], "texture": "#1"}
			}
		},
		{
			"from": [3.25, 2.75, -9.75],
			"to": [3.75, 4.75, -9.25],
			"rotation": {"angle": -22.5, "axis": "z", "origin": [0.75, 4.5, 0.25]},
			"faces": {
				"north": {"uv": [9.5, 7.375, 9.5625, 7.625], "texture": "#1"},
				"east": {"uv": [7.5, 9.5, 7.5625, 9.75], "texture": "#1"},
				"south": {"uv": [8.125, 9.5, 8.1875, 9.75], "texture": "#1"},
				"west": {"uv": [9.25, 9.5, 9.3125, 9.75], "texture": "#1"},
				"up": {"uv": [9.6875, 6.6875, 9.625, 6.625], "texture": "#1"},
				"down": {"uv": [6.8125, 9.625, 6.75, 9.6875], "texture": "#1"}
			}
		},
		{
			"from": [3, 4.5, -10.25],
			"to": [4, 6, -8.75],
			"rotation": {"angle": -22.5, "axis": "z", "origin": [0.75, 4.5, 0.25]},
			"faces": {
				"north": {"uv": [1.375, 9.5, 1.5, 9.6875], "texture": "#1"},
				"east": {"uv": [8.5, 9.25, 8.6875, 9.4375], "texture": "#1"},
				"south": {"uv": [9.5, 1.5, 9.625, 1.6875], "texture": "#1"},
				"west": {"uv": [8.875, 9.25, 9.0625, 9.4375], "texture": "#1"},
				"up": {"uv": [1.75, 9.6875, 1.625, 9.5], "texture": "#1"},
				"down": {"uv": [2, 9.5, 1.875, 9.6875], "texture": "#1"}
			}
		},
		{
			"from": [3, 4.5, 0.25],
			"to": [4, 6, 1.75],
			"rotation": {"angle": -22.5, "axis": "z", "origin": [0.75, 4.5, 0.25]},
			"faces": {
				"north": {"uv": [9.375, 6.5, 9.5, 6.6875], "texture": "#1"},
				"east": {"uv": [9.25, 7, 9.4375, 7.1875], "texture": "#1"},
				"south": {"uv": [9.375, 8.125, 9.5, 8.3125], "texture": "#1"},
				"west": {"uv": [7.75, 9.25, 7.9375, 9.4375], "texture": "#1"},
				"up": {"uv": [9.5, 8.6875, 9.375, 8.5], "texture": "#1"},
				"down": {"uv": [9.625, 0.375, 9.5, 0.5625], "texture": "#1"}
			}
		},
		{
			"from": [3.25, 2.75, 0.75],
			"to": [3.75, 4.75, 1.25],
			"rotation": {"angle": -22.5, "axis": "z", "origin": [0.75, 4.5, 0.25]},
			"faces": {
				"north": {"uv": [3.625, 9.5, 3.6875, 9.75], "texture": "#1"},
				"east": {"uv": [3.875, 9.5, 3.9375, 9.75], "texture": "#1"},
				"south": {"uv": [9.5, 5.25, 9.5625, 5.5], "texture": "#1"},
				"west": {"uv": [7.25, 9.5, 7.3125, 9.75], "texture": "#1"},
				"up": {"uv": [9.6875, 6.4375, 9.625, 6.375], "texture": "#1"},
				"down": {"uv": [6.5625, 9.625, 6.5, 9.6875], "texture": "#1"}
			}
		},
		{
			"from": [13.03336, 1.5618, -10.75],
			"to": [13.78336, 2.3118, 2.75],
			"rotation": {"angle": 0, "axis": "z", "origin": [13.28336, 2.0618, -9.5]},
			"faces": {
				"north": {"uv": [4.125, 4.875, 4.21875, 4.96875], "texture": "#1"},
				"east": {"uv": [7.75, 7.875, 9.4375, 7.96875], "texture": "#1"},
				"south": {"uv": [7, 4, 7.09375, 4.09375], "texture": "#1"},
				"west": {"uv": [8, 0.75, 9.6875, 0.84375], "texture": "#1"},
				"up": {"uv": [0.09375, 9.6875, 0, 8], "texture": "#1"},
				"down": {"uv": [0.34375, 8, 0.25, 9.6875], "texture": "#1"}
			}
		},
		{
			"from": [13.03336, 2.63567, -12.88721],
			"to": [13.78336, 3.38567, -10.38721],
			"rotation": {"angle": 22.5, "axis": "x", "origin": [13.40836, 3.01067, -13.26795]},
			"faces": {
				"north": {"uv": [7.125, 2.75, 7.21875, 2.84375], "texture": "#1"},
				"east": {"uv": [6.625, 0.875, 6.9375, 0.96875], "texture": "#1"},
				"south": {"uv": [7.125, 5.5, 7.21875, 5.59375], "texture": "#1"},
				"west": {"uv": [5.875, 7.25, 6.1875, 7.34375], "texture": "#1"},
				"up": {"uv": [2.84375, 3.6875, 2.75, 3.375], "texture": "#1"},
				"down": {"uv": [2.84375, 3.875, 2.75, 4.1875], "texture": "#1"}
			}
		},
		{
			"from": [12.25, 2.75, -9.75],
			"to": [12.75, 4.75, -9.25],
			"rotation": {"angle": 22.5, "axis": "z", "origin": [15.25, 4.5, 0.25]},
			"faces": {
				"north": {"uv": [9.5, 1.875, 9.5625, 2.125], "texture": "#1"},
				"east": {"uv": [2.125, 9.5, 2.1875, 9.75], "texture": "#1"},
				"south": {"uv": [9.5, 2.25, 9.5625, 2.5], "texture": "#1"},
				"west": {"uv": [2.375, 9.5, 2.4375, 9.75], "texture": "#1"},
				"up": {"uv": [9.6875, 4.9375, 9.625, 4.875], "texture": "#1"},
				"down": {"uv": [9.6875, 5.625, 9.625, 5.6875], "texture": "#1"}
			}
		},
		{
			"from": [12, 4.5, -10.25],
			"to": [13, 6, -8.75],
			"rotation": {"angle": 22.5, "axis": "z", "origin": [15.25, 4.5, 0.25]},
			"faces": {
				"north": {"uv": [2.75, 6.375, 2.875, 6.5625], "texture": "#1"},
				"east": {"uv": [9.125, 7.5, 9.3125, 7.6875], "texture": "#1"},
				"south": {"uv": [9.375, 4.875, 9.5, 5.0625], "texture": "#1"},
				"west": {"uv": [9.25, 5.75, 9.4375, 5.9375], "texture": "#1"},
				"up": {"uv": [5.375, 9.5625, 5.25, 9.375], "texture": "#1"},
				"down": {"uv": [5.625, 9.375, 5.5, 9.5625], "texture": "#1"}
			}
		},
		{
			"from": [12, 4.5, 0.25],
			"to": [13, 6, 1.75],
			"rotation": {"angle": 22.5, "axis": "z", "origin": [15.25, 4.5, 0.25]},
			"faces": {
				"north": {"uv": [5.75, 9.375, 5.875, 9.5625], "texture": "#1"},
				"east": {"uv": [6.5, 9.25, 6.6875, 9.4375], "texture": "#1"},
				"south": {"uv": [6, 9.375, 6.125, 9.5625], "texture": "#1"},
				"west": {"uv": [6.875, 9.25, 7.0625, 9.4375], "texture": "#1"},
				"up": {"uv": [9.5, 6.3125, 9.375, 6.125], "texture": "#1"},
				"down": {"uv": [6.375, 9.375, 6.25, 9.5625], "texture": "#1"}
			}
		},
		{
			"from": [12.25, 2.75, 0.75],
			"to": [12.75, 4.75, 1.25],
			"rotation": {"angle": 22.5, "axis": "z", "origin": [15.25, 4.5, 0.25]},
			"faces": {
				"north": {"uv": [2.625, 9.5, 2.6875, 9.75], "texture": "#1"},
				"east": {"uv": [9.5, 2.625, 9.5625, 2.875], "texture": "#1"},
				"south": {"uv": [9.5, 3, 9.5625, 3.25], "texture": "#1"},
				"west": {"uv": [9.5, 3.375, 9.5625, 3.625], "texture": "#1"},
				"up": {"uv": [9.6875, 5.9375, 9.625, 5.875], "texture": "#1"},
				"down": {"uv": [9.6875, 6.125, 9.625, 6.1875], "texture": "#1"}
			}
		},
		{
			"from": [-8.325, 16.84, -14.075],
			"to": [29.675, 17.565, 23.925],
			"rotation": {"angle": 45, "axis": "y", "origin": [2.225, 13.54, 5.239]},
			"faces": {
				"up": {"uv": [2, 1.92969, 14, 13.92969], "texture": "#2"},
				"down": {"uv": [2, 13.92969, 14, 1.92969], "texture": "#2"}
			}
		},
		{
			"from": [6.05917, 9.2025, 17.04192],
			"to": [6.78417, 23.2025, 31.04192],
			"rotation": {"angle": 45, "axis": "x", "origin": [1.42167, 8.9275, 19.46692]},
			"faces": {
				"east": {"uv": [2, 13.92969, 14, 1.92969], "texture": "#2"},
				"west": {"uv": [2, 1.92969, 14, 13.92969], "rotation": 180, "texture": "#2"}
			}
		},
		{
			"from": [8.57958, 6.13408, -5.80699],
			"to": [11.76958, 10.19408, -4.64699],
			"rotation": {"angle": 22.5, "axis": "x", "origin": [10.17458, 8.16408, -5.22699]},
			"faces": {
				"north": {"uv": [3.5, 3, 4.875, 4.75], "texture": "#1_1"},
				"east": {"uv": [3.5, 7, 4, 8.75], "texture": "#1_1"},
				"south": {"uv": [0, 4, 1.375, 5.75], "texture": "#1_1"},
				"west": {"uv": [7, 4, 7.5, 5.75], "texture": "#1_1"},
				"up": {"uv": [7.625, 8, 6.25, 7.5], "texture": "#1_1"},
				"down": {"uv": [0, 0, 0, 0], "texture": "#1_1"}
			}
		},
		{
			"from": [8.5819, 6.06665, -8.36566],
			"to": [11.76958, 7.22433, -5.46798],
			"rotation": {"angle": 0, "axis": "y", "origin": [10.17574, 7.37049, -6.91682]},
			"faces": {
				"north": {"uv": [7.75, 4, 9.125, 4.5], "texture": "#1_1"},
				"east": {"uv": [6.25, 8.25, 7.5, 8.75], "texture": "#1_1"},
				"south": {"uv": [0, 0, 0, 0], "texture": "#1_1"},
				"west": {"uv": [7.75, 8.25, 9, 8.75], "texture": "#1_1"},
				"up": {"uv": [6.625, 4.25, 5.25, 3], "texture": "#1_1"},
				"down": {"uv": [6.625, 4.5, 5.25, 5.75], "texture": "#1_1"}
			}
		},
		{
			"from": [4.22958, 6.06665, -8.36566],
			"to": [7.41726, 7.22433, -5.46798],
			"rotation": {"angle": 0, "axis": "y", "origin": [5.82342, 7.37049, -6.91682]},
			"faces": {
				"north": {"uv": [7.75, 4.75, 9.125, 5.25], "texture": "#1_1"},
				"east": {"uv": [8.5, 1.5, 9.75, 2], "texture": "#1_1"},
				"south": {"uv": [0, 0, 0, 0], "texture": "#1_1"},
				"west": {"uv": [8.5, 2.25, 9.75, 2.75], "texture": "#1_1"},
				"up": {"uv": [1.375, 7.25, 0, 6], "texture": "#1_1"},
				"down": {"uv": [3.125, 6, 1.75, 7.25], "texture": "#1_1"}
			}
		},
		{
			"from": [4.22726, 6.13408, -5.80699],
			"to": [7.41726, 10.19408, -4.64699],
			"rotation": {"angle": 22.5, "axis": "x", "origin": [5.82226, 8.16408, -5.22699]},
			"faces": {
				"north": {"uv": [1.75, 4, 3.125, 5.75], "texture": "#1_1"},
				"east": {"uv": [4.25, 7, 4.75, 8.75], "texture": "#1_1"},
				"south": {"uv": [3.5, 5, 4.875, 6.75], "texture": "#1_1"},
				"west": {"uv": [0, 7.5, 0.5, 9.25], "texture": "#1_1"},
				"up": {"uv": [9.375, 8, 8, 7.5], "texture": "#1_1"},
				"down": {"uv": [0, 0, 0, 0], "texture": "#1_1"}
			}
		},
		{
			"from": [4.23074, 6.06549, -4.0145],
			"to": [11.76842, 7.22317, -1.11682],
			"rotation": {"angle": 0, "axis": "y", "origin": [3.35958, 6.20933, -5.75566]},
			"faces": {
				"north": {"uv": [5.25, 6, 8.5, 6.5], "texture": "#1_1"},
				"east": {"uv": [8.5, 3, 9.75, 3.5], "texture": "#1_1"},
				"south": {"uv": [5.25, 6.75, 8.5, 7.25], "texture": "#1_1"},
				"west": {"uv": [8.75, 5.5, 10, 6], "texture": "#1_1"},
				"up": {"uv": [6.75, 1.25, 3.5, 0], "texture": "#1_1"},
				"down": {"uv": [6.75, 1.5, 3.5, 2.75], "texture": "#1_1"}
			}
		},
		{
			"from": [4.22842, 6.17707, -1.67778],
			"to": [11.76842, 10.23707, -0.51778],
			"rotation": {"angle": 22.5, "axis": "x", "origin": [5.96842, 7.62707, -1.09778]},
			"faces": {
				"north": {"uv": [0, 0, 3.25, 1.75], "texture": "#1_1"},
				"east": {"uv": [0.75, 7.5, 1.25, 9.25], "texture": "#1_1"},
				"south": {"uv": [0, 2, 3.25, 3.75], "texture": "#1_1"},
				"west": {"uv": [1.5, 7.5, 2, 9.25], "texture": "#1_1"},
				"up": {"uv": [10.25, 0.5, 7, 0], "texture": "#1_1"},
				"down": {"uv": [10.25, 0.75, 7, 1.25], "texture": "#1_1"}
			}
		},
		{
			"from": [4.23074, 6.06549, 0.7355],
			"to": [11.76842, 7.22317, 3.63318],
			"rotation": {"angle": 0, "axis": "y", "origin": [3.35958, 6.20933, -1.00566]},
			"faces": {
				"north": {"uv": [5.25, 6, 8.5, 6.5], "texture": "#1_1"},
				"east": {"uv": [8.5, 3, 9.75, 3.5], "texture": "#1_1"},
				"south": {"uv": [5.25, 6.75, 8.5, 7.25], "texture": "#1_1"},
				"west": {"uv": [8.75, 5.5, 10, 6], "texture": "#1_1"},
				"up": {"uv": [6.75, 1.25, 3.5, 0], "texture": "#1_1"},
				"down": {"uv": [6.75, 1.5, 3.5, 2.75], "texture": "#1_1"}
			}
		},
		{
			"from": [4.22842, 6.17707, 3.07222],
			"to": [11.76842, 10.23707, 4.23222],
			"rotation": {"angle": 22.5, "axis": "x", "origin": [5.96842, 7.62707, 3.65222]},
			"faces": {
				"north": {"uv": [0, 0, 3.25, 1.75], "texture": "#1_1"},
				"east": {"uv": [0.75, 7.5, 1.25, 9.25], "texture": "#1_1"},
				"south": {"uv": [0, 2, 3.25, 3.75], "texture": "#1_1"},
				"west": {"uv": [1.5, 7.5, 2, 9.25], "texture": "#1_1"},
				"up": {"uv": [10.25, 0.5, 7, 0], "texture": "#1_1"},
				"down": {"uv": [10.25, 0.75, 7, 1.25], "texture": "#1_1"}
			}
		},
		{
			"from": [4.51958, 7.73183, -10.39566],
			"to": [7.41958, 10.05183, -9.52566],
			"rotation": {"angle": 0, "axis": "y", "origin": [3.35958, 6.20933, -10.68566]},
			"faces": {
				"north": {"uv": [7, 1.5, 8.25, 2.5], "texture": "#1_1"},
				"east": {"uv": [5, 8.75, 5.375, 9.75], "texture": "#1_1"},
				"south": {"uv": [7, 2.75, 8.25, 3.75], "texture": "#1_1"},
				"west": {"uv": [3.75, 9, 4.125, 10], "texture": "#1_1"},
				"up": {"uv": [10, 6.625, 8.75, 6.25], "texture": "#1_1"},
				"down": {"uv": [3.5, 9, 2.25, 9.375], "texture": "#1_1"}
			}
		},
		{
			"from": [5.82458, 9.32683, -9.94616],
			"to": [6.11458, 9.61683, -9.07616],
			"rotation": {"angle": -22.5, "axis": "x", "origin": [5.96958, 9.25433, -9.96066]},
			"faces": {
				"north": {"uv": [6.25, 9, 6.375, 9.125], "texture": "#1_1"},
				"east": {"uv": [7.75, 5.5, 8.125, 5.625], "texture": "#1_1"},
				"south": {"uv": [6.75, 9, 6.875, 9.125], "texture": "#1_1"},
				"west": {"uv": [8.75, 7, 9.125, 7.125], "texture": "#1_1"},
				"up": {"uv": [5.875, 9.125, 5.75, 8.75], "texture": "#1_1"},
				"down": {"uv": [4.625, 9, 4.5, 9.375], "texture": "#1_1"}
			}
		},
		{
			"from": [4.95458, 8.45683, -9.04716],
			"to": [6.98458, 10.48683, -9.04716],
			"rotation": {"angle": -22.5, "axis": "x", "origin": [5.96958, 9.25433, -9.96066]},
			"faces": {
				"north": {"uv": [2.25, 7.5, 3.125, 8.375], "texture": "#1_1"},
				"east": {"uv": [0, 0, 0, 0], "texture": "#1_1"},
				"south": {"uv": [5, 7.5, 5.875, 8.375], "texture": "#1_1"},
				"west": {"uv": [0, 0, 0, 0], "texture": "#1_1"},
				"up": {"uv": [0, 0, 0, 0], "texture": "#1_1"},
				"down": {"uv": [0, 0, 0, 0], "texture": "#1_1"}
			}
		}
	],
	"display": {
		"thirdperson_righthand": {
			"rotation": [90, 0, 0],
			"translation": [-5, -61.5, 14],
			"scale": [4, 4, 4]
		},
		"thirdperson_lefthand": {
			"rotation": [75, 45, 0],
			"translation": [0, 2.5, 0],
			"scale": [0.375, 0.375, 0.375]
		},
		"firstperson_righthand": {
			"rotation": [0, 45, 0],
			"scale": [0.4, 0.4, 0.4]
		},
		"firstperson_lefthand": {
			"rotation": [0, 225, 0],
			"scale": [0.4, 0.4, 0.4]
		},
		"ground": {
			"translation": [0, 3, 0],
			"scale": [0.25, 0.25, 0.25]
		},
		"gui": {
			"rotation": [30, 225, 0],
			"translation": [-0.75, -0.25, 0],
			"scale": [0.4, 0.4, 0.4]
		},
		"head": {
			"scale": [4, 1, 1]
		},
		"fixed": {
			"scale": [0.5, 0.5, 0.5]
		}
	},
	"groups": [
		{
			"name": "group",
			"origin": [1.23095, 6, -6.5],
			"color": 0,
			"children": [0, 1, 2, 3, 4, 5, 6, 7, 8, 9, 10, 11, 12, 13, 14, 15, 16, 17, 18, 19, 20, 21, 22, 23, 24]
		},
		{
			"name": "group",
			"origin": [0.75, 4.5, 0.25],
			"color": 0,
			"children": [25, 26, 27, 28, 29, 30]
		},
		{
			"name": "group",
			"origin": [0.75, 4.5, 0.25],
			"color": 0,
			"children": [31, 32, 33, 34, 35, 36]
		},
		37,
		38,
		{
			"name": "lp_seats",
			"origin": [8, 8, 8],
			"color": 0,
			"children": [
				{
					"name": "group",
					"origin": [4.5, 6.25, 0.25],
					"color": 0,
					"children": [
						{
							"name": "group",
							"origin": [11.752, 3.002, 5.498],
							"color": 0,
							"children": [39, 40, 41, 42]
						},
						43,
						44,
						45,
						46,
						47,
						48,
						49
					]
				}
			]
		}
	]
}