{
	"credit": "Made with Blockbench",
	"texture_size": [128, 128],
	"textures": {
		"1": "block/vehiles/heli/mi8",
		"2": "block/vehiles/heli/helicopter_propeller",
		"particle": "block/vehiles/heli/mi8"
	},
	"elements": [
		{
			"from": [3.42917, 2.14363, 7.89271],
			"to": [12.57083, 3.66724, 32],
			"rotation": {"angle": 0, "axis": "y", "origin": [8, 9.2475, 10.34859]},
			"faces": {
				"north": {"uv": [9.5, 6.5, 10.5625, 6.6875], "texture": "#1"},
				"east": {"uv": [6.5, 6.5, 9.3125, 6.6875], "texture": "#1"},
				"south": {"uv": [9.5, 6.875, 10.5625, 7.0625], "texture": "#1"},
				"west": {"uv": [6.5, 6.875, 9.3125, 7.0625], "texture": "#1"},
				"up": {"uv": [1.0625, 2.8125, 0, 0], "texture": "#1"},
				"down": {"uv": [2.3125, 0, 1.25, 2.8125], "texture": "#1"}
			}
		},
		{
			"from": [4.425, 4.47187, 25.41348],
			"to": [7.175, 7.77187, 25.96348],
			"rotation": {"angle": -22.5, "axis": "x", "origin": [5.8, 6.39687, 25.68848]},
			"faces": {
				"north": {"uv": [9.75, 5.125, 10.0625, 5.5], "texture": "#1"},
				"east": {"uv": [10, 11.5, 10.0625, 11.875], "texture": "#1"},
				"south": {"uv": [9.75, 5.125, 10.0625, 5.5], "texture": "#1"},
				"west": {"uv": [11.5, 11.125, 11.5625, 11.5], "texture": "#1"},
				"up": {"uv": [11.9375, 7.5625, 11.625, 7.5], "texture": "#1"},
				"down": {"uv": [11.9375, 7.75, 11.625, 7.8125], "texture": "#1"}
			}
		},
		{
			"from": [4.425, 3.66724, 26.06585],
			"to": [7.175, 4.76724, 28.81585],
			"rotation": {"angle": 0, "axis": "y", "origin": [3.875, 8.02111, 10.62359]},
			"faces": {
				"north": {"uv": [11, 0.875, 11.3125, 1], "texture": "#1"},
				"east": {"uv": [11, 1.125, 11.3125, 1.25], "texture": "#1"},
				"south": {"uv": [11, 4.375, 11.3125, 4.5], "texture": "#1"},
				"west": {"uv": [11, 7.375, 11.3125, 7.5], "texture": "#1"},
				"up": {"uv": [6.6875, 10.3125, 6.375, 10], "texture": "#1"},
				"down": {"uv": [10.4375, 0.875, 10.125, 1.1875], "texture": "#1"}
			}
		},
		{
			"from": [8.825, 4.47187, 25.41348],
			"to": [11.575, 7.77187, 25.96348],
			"rotation": {"angle": -22.5, "axis": "x", "origin": [10.2, 6.39687, 25.68848]},
			"faces": {
				"north": {"uv": [9.75, 5.125, 10.0625, 5.5], "texture": "#1"},
				"east": {"uv": [10, 11.5, 10.0625, 11.875], "texture": "#1"},
				"south": {"uv": [9.75, 5.125, 10.0625, 5.5], "texture": "#1"},
				"west": {"uv": [11.5, 11.125, 11.5625, 11.5], "texture": "#1"},
				"up": {"uv": [11.9375, 7.5625, 11.625, 7.5], "texture": "#1"},
				"down": {"uv": [11.9375, 7.75, 11.625, 7.8125], "texture": "#1"}
			}
		},
		{
			"from": [8.825, 3.66724, 26.06585],
			"to": [11.575, 4.76724, 28.81585],
			"rotation": {"angle": 0, "axis": "y", "origin": [8.275, 8.02111, 10.62359]},
			"faces": {
				"north": {"uv": [11, 0.875, 11.3125, 1], "texture": "#1"},
				"east": {"uv": [11, 1.125, 11.3125, 1.25], "texture": "#1"},
				"south": {"uv": [11, 4.375, 11.3125, 4.5], "texture": "#1"},
				"west": {"uv": [11, 7.375, 11.3125, 7.5], "texture": "#1"},
				"up": {"uv": [6.6875, 10.3125, 6.375, 10], "texture": "#1"},
				"down": {"uv": [10.4375, 0.875, 10.125, 1.1875], "texture": "#1"}
			}
		},
		{
			"from": [3.97917, 3.66724, 11.917],
			"to": [6.72917, 4.76724, 23.467],
			"rotation": {"angle": 0, "axis": "y", "origin": [7.28061, 5.18002, 19.892]},
			"faces": {
				"north": {"uv": [11.125, 1.625, 11.4375, 1.75], "texture": "#1"},
				"east": {"uv": [9.5, 7.25, 10.8125, 7.375], "texture": "#1"},
				"south": {"uv": [11.125, 3.5, 11.4375, 3.625], "texture": "#1"},
				"west": {"uv": [9.5, 7.5, 10.8125, 7.625], "texture": "#1"},
				"up": {"uv": [2.0625, 6.0625, 1.75, 4.75], "texture": "#1"},
				"down": {"uv": [4.1875, 7.125, 3.875, 8.4375], "texture": "#1"}
			}
		},
		{
			"from": [9.27083, 3.66724, 11.917],
			"to": [12.02083, 4.76724, 23.467],
			"rotation": {"angle": 0, "axis": "y", "origin": [8.71939, 5.18002, 19.892]},
			"faces": {
				"north": {"uv": [11.4375, 1.625, 11.125, 1.75], "texture": "#1"},
				"east": {"uv": [10.8125, 7.5, 9.5, 7.625], "texture": "#1"},
				"south": {"uv": [11.4375, 3.5, 11.125, 3.625], "texture": "#1"},
				"west": {"uv": [10.8125, 7.25, 9.5, 7.375], "texture": "#1"},
				"up": {"uv": [1.75, 6.0625, 2.0625, 4.75], "texture": "#1"},
				"down": {"uv": [3.875, 7.125, 4.1875, 8.4375], "texture": "#1"}
			}
		},
		{
			"from": [7.49917, 0.32043, 25.70399],
			"to": [8.50083, 1.09043, 26.47399],
			"rotation": {"angle": 0, "axis": "y", "origin": [8, 9.2475, 10.34859]},
			"faces": {
				"north": {"uv": [11.875, 5.625, 12, 5.6875], "texture": "#1"},
				"east": {"uv": [12, 11.375, 12.0625, 11.4375], "texture": "#1"},
				"south": {"uv": [12, 2.25, 12.125, 2.3125], "texture": "#1"},
				"west": {"uv": [11.5, 12, 11.5625, 12.0625], "texture": "#1"},
				"up": {"uv": [4.75, 12.0625, 4.625, 12], "texture": "#1"},
				"down": {"uv": [5, 12, 4.875, 12.0625], "texture": "#1"}
			}
		},
		{
			"from": [7.725, 1.09043, 25.81399],
			"to": [8.275, 2.41043, 26.36399],
			"rotation": {"angle": 0, "axis": "y", "origin": [8, 10.0175, 10.34859]},
			"faces": {
				"north": {"uv": [12, 4.875, 12.0625, 5], "texture": "#1"},
				"east": {"uv": [5.125, 12, 5.1875, 12.125], "texture": "#1"},
				"south": {"uv": [12, 5.125, 12.0625, 5.25], "texture": "#1"},
				"west": {"uv": [5.375, 12, 5.4375, 12.125], "texture": "#1"},
				"up": {"uv": [12.0625, 11.6875, 12, 11.625], "texture": "#1"},
				"down": {"uv": [12.0625, 11.875, 12, 11.9375], "texture": "#1"}
			}
		},
		{
			"from": [8.48917, -0.46888, 24.98899],
			"to": [9.27083, 1.74224, 27.18899],
			"rotation": {"angle": 0, "axis": "y", "origin": [8.055, 8.7525, 17.77359]},
			"faces": {
				"north": {"uv": [11.625, 8, 11.6875, 8.25], "texture": "#1"},
				"east": {"uv": [4.625, 10.375, 4.875, 10.625], "texture": "#1"},
				"south": {"uv": [11.625, 8.375, 11.6875, 8.625], "texture": "#1"},
				"west": {"uv": [5, 10.375, 5.25, 10.625], "texture": "#1"},
				"up": {"uv": [8.8125, 11.875, 8.75, 11.625], "texture": "#1"},
				"down": {"uv": [11.6875, 8.75, 11.625, 9], "texture": "#1"}
			}
		},
		{
			"from": [6.72917, -0.46888, 24.98899],
			"to": [7.51083, 1.74224, 27.18899],
			"rotation": {"angle": 0, "axis": "y", "origin": [7.945, 8.7525, 17.77359]},
			"faces": {
				"north": {"uv": [2.625, 11.875, 2.6875, 12.125], "texture": "#1"},
				"east": {"uv": [10.5, 5.125, 10.75, 5.375], "texture": "#1"},
				"south": {"uv": [3.125, 11.875, 3.1875, 12.125], "texture": "#1"},
				"west": {"uv": [10.5, 5.5, 10.75, 5.75], "texture": "#1"},
				"up": {"uv": [3.4375, 12.125, 3.375, 11.875], "texture": "#1"},
				"down": {"uv": [3.6875, 11.875, 3.625, 12.125], "texture": "#1"}
			}
		},
		{
			"from": [12.57083, 3.24363, 8.99271],
			"to": [14.56249, 5.31724, 19.48899],
			"rotation": {"angle": 0, "axis": "y", "origin": [6.14166, 9.2475, 10.34859]},
			"faces": {
				"north": {"uv": [0.5, 10.5, 0.75, 10.75], "texture": "#1"},
				"east": {"uv": [8.25, 3.25, 9.4375, 3.5], "texture": "#1"},
				"south": {"uv": [10.5, 3.25, 10.75, 3.5], "texture": "#1"},
				"west": {"uv": [8.375, 4.375, 9.5625, 4.625], "texture": "#1"},
				"up": {"uv": [3, 9.1875, 2.75, 8], "texture": "#1"},
				"down": {"uv": [3.375, 8, 3.125, 9.1875], "texture": "#1"}
			}
		},
		{
			"from": [1.57083, 3.24363, 8.99271],
			"to": [3.56249, 5.31724, 19.48899],
			"rotation": {"angle": 0, "axis": "y", "origin": [9.99166, 9.2475, 10.34859]},
			"faces": {
				"north": {"uv": [6.375, 10.5, 6.625, 10.75], "texture": "#1"},
				"east": {"uv": [8.375, 4.75, 9.5625, 5], "texture": "#1"},
				"south": {"uv": [10.5, 8.5, 10.75, 8.75], "texture": "#1"},
				"west": {"uv": [8.375, 5.125, 9.5625, 5.375], "texture": "#1"},
				"up": {"uv": [3.75, 9.1875, 3.5, 8], "texture": "#1"},
				"down": {"uv": [7, 8.125, 6.75, 9.3125], "texture": "#1"}
			}
		},
		{
			"from": [3.40167, 5.96087, 3.58881],
			"to": [12.59833, 12.05531, 9.68325],
			"rotation": {"angle": -45, "axis": "x", "origin": [8, 9.2475, 10.34859]},
			"faces": {
				"north": {"uv": [4.75, 3.625, 5.8125, 4.3125], "texture": "#1"},
				"east": {"uv": [1.25, 6.5, 1.9375, 7.1875], "texture": "#1"},
				"south": {"uv": [4.75, 4.5, 5.8125, 5.1875], "texture": "#1"},
				"west": {"uv": [1.9375, 6.5, 1.25, 7.1875], "texture": "#1"},
				"up": {"uv": [5.8125, 6.0625, 4.75, 5.375], "texture": "#1"},
				"down": {"uv": [1.0625, 5.625, 0, 6.3125], "texture": "#1"}
			}
		},
		{
			"from": [3.42917, 3.42804, 8.03269],
			"to": [12.57083, 10.07248, 12.20213],
			"rotation": {"angle": 0, "axis": "x", "origin": [9.1, 7.30026, 8.05491]},
			"faces": {
				"north": {"uv": [0, 4.75, 1.0625, 5.5], "texture": "#1"},
				"east": {"uv": [5.375, 7.125, 5.875, 7.875], "texture": "#1"},
				"south": {"uv": [4.75, 1, 5.8125, 1.75], "texture": "#1"},
				"west": {"uv": [7.25, 1.75, 7.75, 2.5], "texture": "#1"},
				"up": {"uv": [1.0625, 7, 0, 6.5], "texture": "#1"},
				"down": {"uv": [6.3125, 6.5, 5.25, 7], "texture": "#1"}
			}
		},
		{
			"from": [3.42917, 6.45304, 3.58329],
			"to": [12.57083, 12.54748, 9.67773],
			"rotation": {"angle": 0, "axis": "x", "origin": [8, 9.2475, 10.34859]},
			"faces": {
				"north": {"uv": [6, 1, 7.0625, 1.6875], "texture": "#1"},
				"east": {"uv": [0, 7.125, 0.6875, 7.8125], "texture": "#1"},
				"south": {"uv": [6, 1.875, 7.0625, 2.5625], "texture": "#1"},
				"west": {"uv": [3, 7.125, 3.6875, 7.8125], "texture": "#1"},
				"up": {"uv": [7.0625, 3.4375, 6, 2.75], "texture": "#1"},
				"down": {"uv": [7.0625, 3.625, 6, 4.3125], "texture": "#1"}
			}
		},
		{
			"from": [6.47639, 9.95363, -12.45501],
			"to": [9.52361, 12.82215, 13.53571],
			"rotation": {"angle": 0, "axis": "x", "origin": [8, 9.2475, 10.34859]},
			"faces": {
				"north": {"uv": [9.75, 5.625, 10.125, 5.9375], "texture": "#1"},
				"east": {"uv": [4.25, 0, 7.1875, 0.3125], "texture": "#1"},
				"south": {"uv": [0, 9.875, 0.375, 10.1875], "texture": "#1"},
				"west": {"uv": [4.25, 0.5, 7.1875, 0.8125], "texture": "#1"},
				"up": {"uv": [4.125, 2.9375, 3.75, 0], "texture": "#1"},
				"down": {"uv": [4.125, 3.125, 3.75, 6.0625], "texture": "#1"}
			}
		},
		{
			"from": [3.34139, 10.28789, -6.18501],
			"to": [12.65861, 11.38789, -3.18429],
			"rotation": {"angle": 0, "axis": "x", "origin": [8, 9.2475, 10.34859]},
			"faces": {
				"north": {"uv": [6.875, 9.625, 7.9375, 9.75], "texture": "#1"},
				"east": {"uv": [11.125, 5.125, 11.4375, 5.25], "texture": "#1"},
				"south": {"uv": [8.125, 9.625, 9.1875, 9.75], "texture": "#1"},
				"west": {"uv": [11.125, 5.375, 11.4375, 5.5], "texture": "#1"},
				"up": {"uv": [8.3125, 7.5625, 7.25, 7.25], "texture": "#1"},
				"down": {"uv": [8.4375, 0, 7.375, 0.3125], "texture": "#1"}
			}
		},
		{
			"from": [6.94664, 11.2368, -13.54306],
			"to": [9.05336, 18.86165, -10.67453],
			"rotation": {"angle": -45, "axis": "x", "origin": [8, 14.22422, -11.58629]},
			"faces": {
				"north": {"uv": [6.375, 8.5, 6.625, 9.375], "texture": "#1"},
				"east": {"uv": [5.375, 8.5, 5.6875, 9.375], "texture": "#1"},
				"south": {"uv": [0.75, 9, 1, 9.875], "texture": "#1"},
				"west": {"uv": [5.875, 8.5, 6.1875, 9.375], "texture": "#1"},
				"up": {"uv": [10.375, 3.3125, 10.125, 3], "texture": "#1"},
				"down": {"uv": [7.125, 10.125, 6.875, 10.4375], "texture": "#1"}
			}
		},
		{
			"from": [9.01992, 16.99165, -12.50067],
			"to": [10.08164, 17.7754, -11.71692],
			"rotation": {"angle": -45, "axis": "x", "origin": [7.98328, 14.22422, -11.58629]},
			"faces": {
				"north": {"uv": [12, 5.375, 12.125, 5.4375], "texture": "#1"},
				"east": {"uv": [0, 12.125, 0.0625, 12.1875], "texture": "#1"},
				"south": {"uv": [12, 5.875, 12.125, 5.9375], "texture": "#1"},
				"west": {"uv": [0.5, 12.125, 0.5625, 12.1875], "texture": "#1"},
				"up": {"uv": [12.125, 6.5625, 12, 6.5], "texture": "#1"},
				"down": {"uv": [7, 12, 6.875, 12.0625], "texture": "#1"}
			}
		},
		{
			"from": [10.08164, 15.68371, -14.61328],
			"to": [11.18164, 16.46746, -9.64953],
			"rotation": {"angle": 0, "axis": "x", "origin": [10.60414, 16.08871, -13.89949]},
			"faces": {
				"north": {"uv": [8.5, 12, 8.625, 12.0625], "texture": "#1"},
				"east": {"uv": [11.125, 5.625, 11.6875, 5.6875], "texture": "#1"},
				"south": {"uv": [8.75, 12, 8.875, 12.0625], "texture": "#1"},
				"west": {"uv": [11.125, 9.25, 11.6875, 9.3125], "texture": "#1"},
				"up": {"uv": [5.25, 9.1875, 5.125, 8.625], "texture": "#1"},
				"down": {"uv": [5.75, 10.25, 5.625, 10.8125], "texture": "#1"}
			}
		},
		{
			"from": [10.08164, 15.0847, -16],
			"to": [11.18164, 20.04845, -15.2757],
			"rotation": {"angle": -45, "axis": "x", "origin": [10.63164, 17.56657, -15.66758]},
			"faces": {
				"north": {"uv": [5.875, 10.25, 6, 10.8125], "texture": "#1"},
				"east": {"uv": [11.25, 10.875, 11.3125, 11.4375], "texture": "#1"},
				"south": {"uv": [6.125, 10.25, 6.25, 10.8125], "texture": "#1"},
				"west": {"uv": [0.5, 11.375, 0.5625, 11.9375], "texture": "#1"},
				"up": {"uv": [10.125, 12.0625, 10, 12], "texture": "#1"},
				"down": {"uv": [10.625, 12, 10.5, 12.0625], "texture": "#1"}
			}
		},
		{
			"from": [10.08164, 12.12899, -16],
			"to": [11.18164, 17.09274, -15.27569],
			"rotation": {"angle": 45, "axis": "x", "origin": [10.63164, 14.61086, -15.66757]},
			"faces": {
				"north": {"uv": [10.25, 10.125, 10.375, 10.6875], "texture": "#1"},
				"east": {"uv": [0.75, 11.375, 0.8125, 11.9375], "texture": "#1"},
				"south": {"uv": [0, 10.375, 0.125, 10.9375], "texture": "#1"},
				"west": {"uv": [11.375, 8.375, 11.4375, 8.9375], "texture": "#1"},
				"up": {"uv": [12.125, 11.1875, 12, 11.125], "texture": "#1"},
				"down": {"uv": [11.375, 12, 11.25, 12.0625], "texture": "#1"}
			}
		},
		{
			"from": [3.48417, 9.76168, 7.89271],
			"to": [12.54333, 10.52348, 22.367],
			"rotation": {"angle": 0, "axis": "y", "origin": [8, 9.2475, 10.34859]},
			"faces": {
				"north": {"uv": [10.5, 4.625, 11.5, 4.6875], "texture": "#1"},
				"east": {"uv": [6.875, 9.875, 8.5, 9.9375], "texture": "#1"},
				"south": {"uv": [10.5, 4.875, 11.5, 4.9375], "texture": "#1"},
				"west": {"uv": [8.625, 9.875, 10.25, 9.9375], "texture": "#1"},
				"up": {"uv": [1, 4.625, 0, 3], "texture": "#1"},
				"down": {"uv": [2.125, 3, 1.125, 4.625], "texture": "#1"}
			}
		},
		{
			"from": [11.80903, 3.66724, 7.89271],
			"to": [12.57083, 9.76168, 12.467],
			"rotation": {"angle": 0, "axis": "y", "origin": [8, 9.2475, 10.34859]},
			"faces": {
				"north": {"uv": [10.875, 5.125, 10.9375, 5.8125], "texture": "#1"},
				"east": {"uv": [7.25, 2.625, 7.75, 3.3125], "texture": "#1"},
				"south": {"uv": [6.375, 10.875, 6.4375, 11.5625], "texture": "#1"},
				"west": {"uv": [7.25, 3.5, 7.75, 4.1875], "texture": "#1"},
				"up": {"uv": [11.5625, 0.5, 11.5, 0], "texture": "#1"},
				"down": {"uv": [11.5625, 0.625, 11.5, 1.125], "texture": "#1"}
			}
		},
		{
			"from": [14.04979, 0.66142, 11.917],
			"to": [14.59979, 10.05586, 12.467],
			"rotation": {"angle": 22.5, "axis": "z", "origin": [14.32479, 4.80864, 12.192]},
			"faces": {
				"north": {"uv": [0.25, 10.375, 0.3125, 11.4375], "texture": "#1"},
				"east": {"uv": [1.5, 10.375, 1.5625, 11.4375], "texture": "#1"},
				"south": {"uv": [1.75, 10.375, 1.8125, 11.4375], "texture": "#1"},
				"west": {"uv": [2, 10.375, 2.0625, 11.4375], "texture": "#1"},
				"up": {"uv": [0.8125, 12.1875, 0.75, 12.125], "texture": "#1"},
				"down": {"uv": [1.0625, 12.125, 1, 12.1875], "texture": "#1"}
			}
		},
		{
			"from": [12.50115, 2.64848, 11.917],
			"to": [16.12059, 3.19848, 12.467],
			"rotation": {"angle": -22.5, "axis": "z", "origin": [11.42337, 2.92348, 12.192]},
			"faces": {
				"north": {"uv": [11.375, 3.25, 11.8125, 3.3125], "texture": "#1"},
				"east": {"uv": [12.125, 1.125, 12.1875, 1.1875], "texture": "#1"},
				"south": {"uv": [11.5, 1.25, 11.9375, 1.3125], "texture": "#1"},
				"west": {"uv": [1.25, 12.125, 1.3125, 12.1875], "texture": "#1"},
				"up": {"uv": [11.9375, 4.3125, 11.5, 4.25], "texture": "#1"},
				"down": {"uv": [7.6875, 11.5, 7.25, 11.5625], "texture": "#1"}
			}
		},
		{
			"from": [1.40021, 0.97222, 11.65213],
			"to": [1.95021, 10.36666, 12.20213],
			"rotation": {"angle": -22.5, "axis": "z", "origin": [1.67521, 5.11944, 11.92713]},
			"faces": {
				"north": {"uv": [2.25, 10.375, 2.3125, 11.4375], "texture": "#1"},
				"east": {"uv": [2.5, 10.375, 2.5625, 11.4375], "texture": "#1"},
				"south": {"uv": [2.75, 10.375, 2.8125, 11.4375], "texture": "#1"},
				"west": {"uv": [4.375, 10.375, 4.4375, 11.4375], "texture": "#1"},
				"up": {"uv": [12.1875, 9.8125, 12.125, 9.75], "texture": "#1"},
				"down": {"uv": [12.1875, 10, 12.125, 10.0625], "texture": "#1"}
			}
		},
		{
			"from": [-0.12059, 2.95929, 11.65213],
			"to": [3.49885, 3.50929, 12.20213],
			"rotation": {"angle": 22.5, "axis": "z", "origin": [4.57663, 3.23429, 11.92713]},
			"faces": {
				"north": {"uv": [11.5, 7.25, 11.9375, 7.3125], "texture": "#1"},
				"east": {"uv": [12.125, 9.25, 12.1875, 9.3125], "texture": "#1"},
				"south": {"uv": [7.875, 11.5, 8.3125, 11.5625], "texture": "#1"},
				"west": {"uv": [12.125, 9.5, 12.1875, 9.5625], "texture": "#1"},
				"up": {"uv": [11.9375, 9.5625, 11.5, 9.5], "texture": "#1"},
				"down": {"uv": [11.9375, 10.875, 11.5, 10.9375], "texture": "#1"}
			}
		},
		{
			"from": [15.65779, 0.32187, 11.367],
			"to": [16.19723, 1.97187, 13.017],
			"rotation": {"angle": 0, "axis": "z", "origin": [14.85501, 1.14687, 12.192]},
			"faces": {
				"north": {"uv": [12, 1.5, 12.0625, 1.6875], "texture": "#1"},
				"east": {"uv": [11.125, 9.5, 11.3125, 9.6875], "texture": "#1"},
				"south": {"uv": [12, 1.875, 12.0625, 2.0625], "texture": "#1"},
				"west": {"uv": [11.25, 2.625, 11.4375, 2.8125], "texture": "#1"},
				"up": {"uv": [12.0625, 2.9375, 12, 2.75], "texture": "#1"},
				"down": {"uv": [12.0625, 3.125, 12, 3.3125], "texture": "#1"}
			}
		},
		{
			"from": [16.14223, -0.50313, 10.542],
			"to": [17.39667, 2.79687, 13.842],
			"rotation": {"angle": 0, "axis": "z", "origin": [14.89945, 1.14687, 12.192]},
			"faces": {
				"north": {"uv": [2.25, 3.875, 2.375, 4.25], "texture": "#1"},
				"east": {"uv": [4.25, 5.75, 4.625, 6.125], "texture": "#1"},
				"south": {"uv": [4.625, 10.75, 4.75, 11.125], "texture": "#1"},
				"west": {"uv": [6.375, 9.5, 6.75, 9.875], "texture": "#1"},
				"up": {"uv": [5, 11.125, 4.875, 10.75], "texture": "#1"},
				"down": {"uv": [5.25, 10.75, 5.125, 11.125], "texture": "#1"}
			}
		},
		{
			"from": [-1.39667, -0.19232, 10.27713],
			"to": [-0.14223, 3.10768, 13.57713],
			"rotation": {"angle": 0, "axis": "z", "origin": [1.10055, 1.45768, 11.92713]},
			"faces": {
				"north": {"uv": [10.75, 6.5, 10.875, 6.875], "texture": "#1"},
				"east": {"uv": [9.625, 3, 10, 3.375], "texture": "#1"},
				"south": {"uv": [10.75, 10.625, 10.875, 11], "texture": "#1"},
				"west": {"uv": [3.375, 9.625, 3.75, 10], "texture": "#1"},
				"up": {"uv": [0.625, 11.25, 0.5, 10.875], "texture": "#1"},
				"down": {"uv": [0.875, 10.875, 0.75, 11.25], "texture": "#1"}
			}
		},
		{
			"from": [-0.19723, 0.63268, 11.10213],
			"to": [0.34221, 2.28268, 12.75213],
			"rotation": {"angle": 0, "axis": "z", "origin": [0.55811, 3.54263, 11.92713]},
			"faces": {
				"north": {"uv": [12, 3.5, 12.0625, 3.6875], "texture": "#1"},
				"east": {"uv": [11.25, 6.5, 11.4375, 6.6875], "texture": "#1"},
				"south": {"uv": [12, 3.875, 12.0625, 4.0625], "texture": "#1"},
				"west": {"uv": [11.25, 6.875, 11.4375, 7.0625], "texture": "#1"},
				"up": {"uv": [4.1875, 12.1875, 4.125, 12], "texture": "#1"},
				"down": {"uv": [4.4375, 12, 4.375, 12.1875], "texture": "#1"}
			}
		},
		{
			"from": [11.80903, 3.66724, 23.467],
			"to": [12.57083, 9.76168, 24.65242],
			"rotation": {"angle": 0, "axis": "y", "origin": [8, 9.2475, 10.34859]},
			"faces": {
				"north": {"uv": [10.875, 8.5, 10.9375, 9.1875], "texture": "#1"},
				"east": {"uv": [2.25, 3, 2.375, 3.6875], "texture": "#1"},
				"south": {"uv": [10.25, 10.875, 10.3125, 11.5625], "texture": "#1"},
				"west": {"uv": [3.125, 9.875, 3.25, 10.5625], "texture": "#1"},
				"up": {"uv": [9.0625, 12.125, 9, 12], "texture": "#1"},
				"down": {"uv": [9.3125, 12, 9.25, 12.125], "texture": "#1"}
			}
		},
		{
			"from": [4.17222, 3.66724, 23.467],
			"to": [11.80903, 9.76168, 24.65242],
			"rotation": {"angle": 0, "axis": "y", "origin": [8.33819, 9.2475, 10.34859]},
			"faces": {
				"north": {"uv": [4.25, 6.25, 5.125, 6.9375], "texture": "#1"},
				"east": {"uv": [3.375, 10.125, 3.5, 10.8125], "texture": "#1"},
				"south": {"uv": [4.25, 6.25, 5.125, 6.9375], "texture": "#1"},
				"west": {"uv": [3.625, 10.125, 3.75, 10.8125], "texture": "#1"},
				"up": {"uv": [10.75, 0.125, 9.875, 0], "texture": "#1"},
				"down": {"uv": [10.75, 0.625, 9.875, 0.75], "texture": "#1"}
			}
		},
		{
			"from": [11.80903, 3.66724, 12.467],
			"to": [12.57083, 5.86724, 23.467],
			"rotation": {"angle": 0, "axis": "y", "origin": [8, 9.2475, 10.26317]},
			"faces": {
				"north": {"uv": [9, 11.625, 9.0625, 11.875], "texture": "#1"},
				"east": {"uv": [7.375, 0.5, 8.625, 0.75], "texture": "#1"},
				"south": {"uv": [9.25, 11.625, 9.3125, 11.875], "texture": "#1"},
				"west": {"uv": [7.875, 3.625, 9.125, 3.875], "texture": "#1"},
				"up": {"uv": [7.3125, 11.375, 7.25, 10.125], "texture": "#1"},
				"down": {"uv": [7.5625, 10.125, 7.5, 11.375], "texture": "#1"}
			}
		},
		{
			"from": [11.80903, 8.06724, 12.467],
			"to": [12.57083, 9.99224, 23.467],
			"rotation": {"angle": 0, "axis": "y", "origin": [8, 8.4225, 10.26317]},
			"faces": {
				"north": {"uv": [9.5, 11.625, 9.5625, 11.875], "texture": "#1"},
				"east": {"uv": [7.875, 4, 9.125, 4.25], "texture": "#1"},
				"south": {"uv": [11.625, 9.75, 11.6875, 10], "texture": "#1"},
				"west": {"uv": [8, 7.75, 9.25, 8], "texture": "#1"},
				"up": {"uv": [7.8125, 11.375, 7.75, 10.125], "texture": "#1"},
				"down": {"uv": [8.0625, 10.125, 8, 11.375], "texture": "#1"}
			}
		},
		{
			"from": [11.80903, 5.86724, 20.717],
			"to": [12.57083, 8.06724, 21.267],
			"rotation": {"angle": 0, "axis": "y", "origin": [8, 9.2475, 10.26317]},
			"faces": {
				"north": {"uv": [11.625, 10.125, 11.6875, 10.375], "texture": "#1"},
				"east": {"uv": [10.5, 11.625, 10.5625, 11.875], "texture": "#1"},
				"south": {"uv": [11.625, 10.5, 11.6875, 10.75], "texture": "#1"},
				"west": {"uv": [11.25, 11.625, 11.3125, 11.875], "texture": "#1"},
				"up": {"uv": [1.5625, 12.1875, 1.5, 12.125], "texture": "#1"},
				"down": {"uv": [1.8125, 12.125, 1.75, 12.1875], "texture": "#1"}
			}
		},
		{
			"from": [11.80903, 5.86724, 17.967],
			"to": [12.57083, 8.06724, 18.517],
			"rotation": {"angle": 0, "axis": "y", "origin": [8, 9.2475, 10.26317]},
			"faces": {
				"north": {"uv": [11.5, 11.625, 11.5625, 11.875], "texture": "#1"},
				"east": {"uv": [11.75, 0, 11.8125, 0.25], "texture": "#1"},
				"south": {"uv": [11.75, 0.375, 11.8125, 0.625], "texture": "#1"},
				"west": {"uv": [11.75, 0.75, 11.8125, 1], "texture": "#1"},
				"up": {"uv": [2.0625, 12.1875, 2, 12.125], "texture": "#1"},
				"down": {"uv": [2.3125, 12.125, 2.25, 12.1875], "texture": "#1"}
			}
		},
		{
			"from": [11.80903, 5.86724, 15.217],
			"to": [12.57083, 8.06724, 15.767],
			"rotation": {"angle": 0, "axis": "y", "origin": [8, 9.2475, 10.26317]},
			"faces": {
				"north": {"uv": [11.75, 1.75, 11.8125, 2], "texture": "#1"},
				"east": {"uv": [11.75, 2.125, 11.8125, 2.375], "texture": "#1"},
				"south": {"uv": [2.875, 11.75, 2.9375, 12], "texture": "#1"},
				"west": {"uv": [11.75, 2.875, 11.8125, 3.125], "texture": "#1"},
				"up": {"uv": [12.1875, 2.5625, 12.125, 2.5], "texture": "#1"},
				"down": {"uv": [2.9375, 12.125, 2.875, 12.1875], "texture": "#1"}
			}
		},
		{
			"from": [11.80903, 5.86724, 12.467],
			"to": [12.57083, 8.06724, 13.017],
			"rotation": {"angle": 0, "axis": "y", "origin": [8, 9.2475, 10.26317]},
			"faces": {
				"north": {"uv": [11.75, 5.875, 11.8125, 6.125], "texture": "#1"},
				"east": {"uv": [6.375, 11.75, 6.4375, 12], "texture": "#1"},
				"south": {"uv": [7.25, 11.75, 7.3125, 12], "texture": "#1"},
				"west": {"uv": [7.5, 11.75, 7.5625, 12], "texture": "#1"},
				"up": {"uv": [12.1875, 4.3125, 12.125, 4.25], "texture": "#1"},
				"down": {"uv": [12.1875, 4.5, 12.125, 4.5625], "texture": "#1"}
			}
		},
		{
			"from": [3.42917, 5.86724, 20.717],
			"to": [4.19098, 8.06724, 21.267],
			"rotation": {"angle": 0, "axis": "y", "origin": [8, 9.2475, 10.26317]},
			"faces": {
				"north": {"uv": [11, 11.875, 11.0625, 12.125], "texture": "#1"},
				"east": {"uv": [11.75, 11.875, 11.8125, 12.125], "texture": "#1"},
				"south": {"uv": [12, 0, 12.0625, 0.25], "texture": "#1"},
				"west": {"uv": [0.25, 12, 0.3125, 12.25], "texture": "#1"},
				"up": {"uv": [12.1875, 8.8125, 12.125, 8.75], "texture": "#1"},
				"down": {"uv": [12.1875, 9, 12.125, 9.0625], "texture": "#1"}
			}
		},
		{
			"from": [3.42917, 5.86724, 17.967],
			"to": [4.19098, 8.06724, 18.517],
			"rotation": {"angle": 0, "axis": "y", "origin": [8, 9.2475, 10.26317]},
			"faces": {
				"north": {"uv": [11.875, 9.75, 11.9375, 10], "texture": "#1"},
				"east": {"uv": [11.875, 10.125, 11.9375, 10.375], "texture": "#1"},
				"south": {"uv": [11.875, 10.5, 11.9375, 10.75], "texture": "#1"},
				"west": {"uv": [10.75, 11.875, 10.8125, 12.125], "texture": "#1"},
				"up": {"uv": [12.1875, 8.3125, 12.125, 8.25], "texture": "#1"},
				"down": {"uv": [12.1875, 8.5, 12.125, 8.5625], "texture": "#1"}
			}
		},
		{
			"from": [3.42917, 5.86724, 15.217],
			"to": [4.19098, 8.06724, 15.767],
			"rotation": {"angle": 0, "axis": "y", "origin": [8, 9.2475, 10.26317]},
			"faces": {
				"north": {"uv": [11.875, 8, 11.9375, 8.25], "texture": "#1"},
				"east": {"uv": [11.875, 8.375, 11.9375, 8.625], "texture": "#1"},
				"south": {"uv": [11.875, 8.75, 11.9375, 9], "texture": "#1"},
				"west": {"uv": [11.875, 9.125, 11.9375, 9.375], "texture": "#1"},
				"up": {"uv": [12.1875, 8.0625, 12.125, 8], "texture": "#1"},
				"down": {"uv": [8.1875, 12.125, 8.125, 12.1875], "texture": "#1"}
			}
		},
		{
			"from": [3.42917, 5.86724, 12.467],
			"to": [4.19098, 8.06724, 13.017],
			"rotation": {"angle": 0, "axis": "y", "origin": [8, 9.2475, 10.26317]},
			"faces": {
				"north": {"uv": [5.625, 11.875, 5.6875, 12.125], "texture": "#1"},
				"east": {"uv": [5.875, 11.875, 5.9375, 12.125], "texture": "#1"},
				"south": {"uv": [6.125, 11.875, 6.1875, 12.125], "texture": "#1"},
				"west": {"uv": [6.625, 11.875, 6.6875, 12.125], "texture": "#1"},
				"up": {"uv": [12.1875, 7.8125, 12.125, 7.75], "texture": "#1"},
				"down": {"uv": [7.9375, 12.125, 7.875, 12.1875], "texture": "#1"}
			}
		},
		{
			"from": [3.42917, 3.66724, 23.467],
			"to": [4.19098, 9.76168, 24.65242],
			"rotation": {"angle": 0, "axis": "y", "origin": [9.52014, 9.2475, 10.34859]},
			"faces": {
				"north": {"uv": [11, 0, 11.0625, 0.6875], "texture": "#1"},
				"east": {"uv": [3.875, 10.125, 4, 10.8125], "texture": "#1"},
				"south": {"uv": [11, 2, 11.0625, 2.6875], "texture": "#1"},
				"west": {"uv": [4.125, 10.125, 4.25, 10.8125], "texture": "#1"},
				"up": {"uv": [9.5625, 12.125, 9.5, 12], "texture": "#1"},
				"down": {"uv": [9.8125, 12, 9.75, 12.125], "texture": "#1"}
			}
		},
		{
			"from": [3.42917, 3.66724, 12.467],
			"to": [4.19098, 5.86724, 23.467],
			"rotation": {"angle": 0, "axis": "y", "origin": [9.52014, 9.2475, 10.26317]},
			"faces": {
				"north": {"uv": [7.75, 11.75, 7.8125, 12], "texture": "#1"},
				"east": {"uv": [5.375, 8.125, 6.625, 8.375], "texture": "#1"},
				"south": {"uv": [8, 11.75, 8.0625, 12], "texture": "#1"},
				"west": {"uv": [8, 8.125, 9.25, 8.375], "texture": "#1"},
				"up": {"uv": [8.3125, 11.375, 8.25, 10.125], "texture": "#1"},
				"down": {"uv": [8.5625, 10.125, 8.5, 11.375], "texture": "#1"}
			}
		},
		{
			"from": [3.42917, 8.06724, 12.467],
			"to": [4.19098, 9.99224, 23.467],
			"rotation": {"angle": 0, "axis": "y", "origin": [9.52014, 8.4225, 10.26317]},
			"faces": {
				"north": {"uv": [3.875, 11.875, 3.9375, 12.125], "texture": "#1"},
				"east": {"uv": [8.25, 1.75, 9.5, 2], "texture": "#1"},
				"south": {"uv": [11.875, 4.5, 11.9375, 4.75], "texture": "#1"},
				"west": {"uv": [8.25, 2.125, 9.5, 2.375], "texture": "#1"},
				"up": {"uv": [9.8125, 11.375, 9.75, 10.125], "texture": "#1"},
				"down": {"uv": [10.0625, 10.125, 10, 11.375], "texture": "#1"}
			}
		},
		{
			"from": [3.42917, 3.66724, 7.89271],
			"to": [4.19098, 9.76168, 12.467],
			"rotation": {"angle": 0, "axis": "y", "origin": [9.52014, 9.2475, 10.34859]},
			"faces": {
				"north": {"uv": [3.25, 11, 3.3125, 11.6875], "texture": "#1"},
				"east": {"uv": [6, 7.25, 6.5, 7.9375], "texture": "#1"},
				"south": {"uv": [3.5, 11, 3.5625, 11.6875], "texture": "#1"},
				"west": {"uv": [6.625, 7.25, 7.125, 7.9375], "texture": "#1"},
				"up": {"uv": [11.5625, 2.375, 11.5, 1.875], "texture": "#1"},
				"down": {"uv": [11.5625, 5.875, 11.5, 6.375], "texture": "#1"}
			}
		},
		{
			"from": [11.80903, 3.66724, 24.65242],
			"to": [12.57083, 5.95265, 32],
			"rotation": {"angle": 0, "axis": "y", "origin": [8, 9.2475, 10.34859]},
			"faces": {
				"north": {"uv": [8.25, 11.75, 8.3125, 12], "texture": "#1"},
				"east": {"uv": [8.75, 0.625, 9.6875, 0.875], "texture": "#1"},
				"south": {"uv": [10.25, 11.75, 10.3125, 12], "texture": "#1"},
				"west": {"uv": [9, 1, 9.9375, 1.25], "texture": "#1"},
				"up": {"uv": [8.8125, 11.4375, 8.75, 10.5], "texture": "#1"},
				"down": {"uv": [9.0625, 10.5, 9, 11.4375], "texture": "#1"}
			}
		},
		{
			"from": [12.18992, -2.1293, 27.51299],
			"to": [12.57083, 3.20333, 28.27479],
			"rotation": {"angle": -22.5, "axis": "x", "origin": [8, 9.2475, 10.34859]},
			"faces": {
				"north": {"uv": [0, 11.125, 0.0625, 11.75], "texture": "#1"},
				"east": {"uv": [11.125, 8.5, 11.1875, 9.125], "texture": "#1"},
				"south": {"uv": [10.75, 11.125, 10.8125, 11.75], "texture": "#1"},
				"west": {"uv": [11.25, 0, 11.3125, 0.625], "texture": "#1"},
				"up": {"uv": [12.1875, 5.6875, 12.125, 5.625], "texture": "#1"},
				"down": {"uv": [12.1875, 6.125, 12.125, 6.1875], "texture": "#1"}
			}
		},
		{
			"from": [3.42916, -2.1293, 27.51299],
			"to": [3.81007, 3.20333, 28.27479],
			"rotation": {"angle": -22.5, "axis": "x", "origin": [-0.76076, 9.2475, 10.34859]},
			"faces": {
				"north": {"uv": [11.25, 1.875, 11.3125, 2.5], "texture": "#1"},
				"east": {"uv": [4.625, 11.25, 4.6875, 11.875], "texture": "#1"},
				"south": {"uv": [4.875, 11.25, 4.9375, 11.875], "texture": "#1"},
				"west": {"uv": [5.125, 11.25, 5.1875, 11.875], "texture": "#1"},
				"up": {"uv": [12.1875, 7.5625, 12.125, 7.5], "texture": "#1"},
				"down": {"uv": [7.6875, 12.125, 7.625, 12.1875], "texture": "#1"}
			}
		},
		{
			"from": [10.66631, -2.6793, 27.51299],
			"to": [11.04722, 3.20333, 28.27479],
			"rotation": {"angle": -22.5, "axis": "x", "origin": [8, 9.2475, 10.34859]},
			"faces": {
				"north": {"uv": [3.75, 11, 3.8125, 11.6875], "texture": "#1"},
				"east": {"uv": [4, 11, 4.0625, 11.6875], "texture": "#1"},
				"south": {"uv": [5.625, 11, 5.6875, 11.6875], "texture": "#1"},
				"west": {"uv": [5.875, 11, 5.9375, 11.6875], "texture": "#1"},
				"up": {"uv": [6.4375, 12.1875, 6.375, 12.125], "texture": "#1"},
				"down": {"uv": [12.1875, 6.75, 12.125, 6.8125], "texture": "#1"}
			}
		},
		{
			"from": [5.33368, -2.6793, 27.51299],
			"to": [5.71459, 3.20333, 28.27479],
			"rotation": {"angle": -22.5, "axis": "x", "origin": [2.66736, 9.2475, 10.34859]},
			"faces": {
				"north": {"uv": [6.125, 11, 6.1875, 11.6875], "texture": "#1"},
				"east": {"uv": [11, 6.5, 11.0625, 7.1875], "texture": "#1"},
				"south": {"uv": [11, 10.125, 11.0625, 10.8125], "texture": "#1"},
				"west": {"uv": [11, 11, 11.0625, 11.6875], "texture": "#1"},
				"up": {"uv": [12.1875, 7.3125, 12.125, 7.25], "texture": "#1"},
				"down": {"uv": [7.4375, 12.125, 7.375, 12.1875], "texture": "#1"}
			}
		},
		{
			"from": [7.61909, -4.41472, 27.51299],
			"to": [8.3809, 3.20333, 28.27479],
			"rotation": {"angle": -22.5, "axis": "x", "origin": [8, 9.2475, 10.34859]},
			"faces": {
				"north": {"uv": [6.75, 10.625, 6.8125, 11.5], "texture": "#1"},
				"east": {"uv": [7, 10.625, 7.0625, 11.5], "texture": "#1"},
				"south": {"uv": [10.5, 10.625, 10.5625, 11.5], "texture": "#1"},
				"west": {"uv": [3, 10.75, 3.0625, 11.625], "texture": "#1"},
				"up": {"uv": [12.1875, 7.0625, 12.125, 7], "texture": "#1"},
				"down": {"uv": [7.1875, 12.125, 7.125, 12.1875], "texture": "#1"}
			}
		},
		{
			"from": [3.42917, 3.66724, 24.65242],
			"to": [4.19098, 5.95265, 32],
			"rotation": {"angle": 0, "axis": "y", "origin": [8, 9.2475, 10.34859]},
			"faces": {
				"north": {"uv": [11.75, 11.125, 11.8125, 11.375], "texture": "#1"},
				"east": {"uv": [9, 1.375, 9.9375, 1.625], "texture": "#1"},
				"south": {"uv": [11.75, 11.5, 11.8125, 11.75], "texture": "#1"},
				"west": {"uv": [3.875, 9, 4.8125, 9.25], "texture": "#1"},
				"up": {"uv": [9.3125, 11.4375, 9.25, 10.5], "texture": "#1"},
				"down": {"uv": [9.5625, 10.5, 9.5, 11.4375], "texture": "#1"}
			}
		},
		{
			"from": [4.19098, 3.66724, 30.19686],
			"to": [11.80903, 5.95265, 32],
			"rotation": {"angle": 0, "axis": "y", "origin": [8, 9.2475, 10.34859]},
			"faces": {
				"north": {"uv": [8, 9, 8.875, 9.25], "texture": "#1"},
				"east": {"uv": [8.75, 10.125, 9.0625, 10.375], "texture": "#1"},
				"south": {"uv": [9, 8.5, 9.875, 8.75], "texture": "#1"},
				"west": {"uv": [9.25, 10.125, 9.5625, 10.375], "texture": "#1"},
				"up": {"uv": [9.375, 7.5625, 8.5, 7.25], "texture": "#1"},
				"down": {"uv": [8.875, 8.5, 8, 8.8125], "texture": "#1"}
			}
		},
		{
			"from": [3.42917, 9.76168, 22.367],
			"to": [12.57083, 10.52348, 29.22325],
			"rotation": {"angle": 0, "axis": "y", "origin": [8, 9.2475, 10.34859]},
			"faces": {
				"north": {"uv": [9.875, 9.375, 10.9375, 9.4375], "texture": "#1"},
				"east": {"uv": [10.625, 1.375, 11.375, 1.4375], "texture": "#1"},
				"south": {"uv": [10.25, 6, 11.3125, 6.0625], "texture": "#1"},
				"west": {"uv": [10.625, 6.25, 11.375, 6.3125], "texture": "#1"},
				"up": {"uv": [5.8125, 2.625, 4.75, 1.875], "texture": "#1"},
				"down": {"uv": [5.8125, 2.75, 4.75, 3.5], "texture": "#1"}
			}
		},
		{
			"from": [3.42917, 10.38674, 8.91026],
			"to": [12.57083, 11.38367, 27.14656],
			"rotation": {"angle": 0, "axis": "y", "origin": [8, 9.2475, 10.34859]},
			"faces": {
				"north": {"uv": [9.375, 9.625, 10.4375, 9.75], "texture": "#1"},
				"east": {"uv": [8.375, 6.25, 10.4375, 6.375], "texture": "#1"},
				"south": {"uv": [9.75, 4.375, 10.8125, 4.5], "texture": "#1"},
				"west": {"uv": [8.75, 0.375, 10.8125, 0.5], "texture": "#1"},
				"up": {"uv": [3.5625, 2.0625, 2.5, 0], "texture": "#1"},
				"down": {"uv": [3.5625, 2.25, 2.5, 4.3125], "texture": "#1"}
			}
		},
		{
			"from": [3.45667, 16.84054, 25.05041],
			"to": [12.54333, 17.64937, 27.2982],
			"rotation": {"angle": 22.5, "axis": "x", "origin": [8, 9.2475, 10.34859]},
			"faces": {
				"north": {"uv": [10.375, 9.875, 11.4375, 9.9375], "texture": "#1"},
				"east": {"uv": [11.75, 6.25, 12, 6.3125], "texture": "#1"},
				"south": {"uv": [10.5, 3, 11.5625, 3.0625], "texture": "#1"},
				"west": {"uv": [1, 11.875, 1.25, 11.9375], "texture": "#1"},
				"up": {"uv": [9.6875, 0.25, 8.625, 0], "texture": "#1"},
				"down": {"uv": [4.9375, 8.625, 3.875, 8.875], "texture": "#1"}
			}
		},
		{
			"from": [7.97492, 11.38367, 7.02926],
			"to": [11.16008, 14.02647, 26.20606],
			"rotation": {"angle": 0, "axis": "y", "origin": [8, 9.2475, 10.34859]},
			"faces": {
				"north": {"uv": [1.625, 9.875, 2, 10.1875], "texture": "#1"},
				"east": {"uv": [6, 4.5, 8.1875, 4.8125], "texture": "#1"},
				"south": {"uv": [2.125, 9.875, 2.5, 10.1875], "texture": "#1"},
				"west": {"uv": [6, 5, 8.1875, 5.3125], "texture": "#1"},
				"up": {"uv": [4.625, 3.1875, 4.25, 1], "texture": "#1"},
				"down": {"uv": [4.625, 3.375, 4.25, 5.5625], "texture": "#1"}
			}
		},
		{
			"from": [4.83992, 11.38367, 7.02926],
			"to": [8.02508, 14.02647, 26.20606],
			"rotation": {"angle": 0, "axis": "y", "origin": [8, 9.2475, 10.34859]},
			"faces": {
				"north": {"uv": [2.625, 9.875, 3, 10.1875], "texture": "#1"},
				"east": {"uv": [6, 5.5, 8.1875, 5.8125], "texture": "#1"},
				"south": {"uv": [4.375, 9.875, 4.75, 10.1875], "texture": "#1"},
				"west": {"uv": [6, 6, 8.1875, 6.3125], "texture": "#1"},
				"up": {"uv": [4.25, 3.1875, 4.625, 1], "texture": "#1"},
				"down": {"uv": [3.125, 4.5, 2.75, 6.6875], "texture": "#1"}
			}
		},
		{
			"from": [9.74933, 17.48306, 11.31934],
			"to": [11.36699, 20.12586, 13.96214],
			"rotation": {"angle": 45, "axis": "x", "origin": [8, 9.2475, 9.30359]},
			"faces": {
				"north": {"uv": [10.5, 10.125, 10.6875, 10.4375], "texture": "#1"},
				"east": {"uv": [10.125, 2, 10.4375, 2.3125], "texture": "#1"},
				"south": {"uv": [10.625, 0.875, 10.8125, 1.1875], "texture": "#1"},
				"west": {"uv": [10.125, 2.5, 10.4375, 2.8125], "texture": "#1"},
				"up": {"uv": [10.8125, 2.3125, 10.625, 2], "texture": "#1"},
				"down": {"uv": [10.8125, 2.5, 10.625, 2.8125], "texture": "#1"}
			}
		},
		{
			"from": [6.25067, 14.02647, 8.91026],
			"to": [9.74933, 16.19903, 23.38456],
			"rotation": {"angle": 0, "axis": "y", "origin": [8, 9.2475, 10.34859]},
			"faces": {
				"north": {"uv": [10, 8.5, 10.375, 8.75], "texture": "#1"},
				"east": {"uv": [7.25, 1, 8.875, 1.25], "texture": "#1"},
				"south": {"uv": [10.125, 1.375, 10.5, 1.625], "texture": "#1"},
				"west": {"uv": [8.875, 1, 7.25, 1.25], "texture": "#1"},
				"up": {"uv": [3.625, 6.125, 3.25, 4.5], "texture": "#1"},
				"down": {"uv": [1.625, 4.75, 1.25, 6.375], "texture": "#1"}
			}
		},
		{
			"from": [7.582, 17.54658, 17.74156],
			"to": [8.418, 18.67414, 18.57756],
			"rotation": {"angle": 0, "axis": "y", "origin": [8, 8.58761, 9.30359]},
			"faces": {
				"north": {"uv": [5.75, 6.25, 5.875, 6.375], "texture": "#1"},
				"east": {"uv": [3, 6.875, 3.125, 7], "texture": "#1"},
				"south": {"uv": [2.75, 7.75, 2.875, 7.875], "texture": "#1"},
				"west": {"uv": [4.375, 9.625, 4.5, 9.75], "texture": "#1"},
				"up": {"uv": [10.875, 7.125, 10.75, 7], "texture": "#1"},
				"down": {"uv": [0.125, 11.875, 0, 12], "texture": "#1"}
			}
		},
		{
			"from": [7.32075, 16.19903, 17.48031],
			"to": [8.67925, 17.54658, 18.83881],
			"rotation": {"angle": 0, "axis": "y", "origin": [8, 9.33006, 9.30359]},
			"faces": {
				"north": {"uv": [1.375, 11.875, 1.5, 12], "texture": "#1"},
				"east": {"uv": [1.625, 11.875, 1.75, 12], "texture": "#1"},
				"south": {"uv": [1.875, 11.875, 2, 12], "texture": "#1"},
				"west": {"uv": [2.125, 11.875, 2.25, 12], "texture": "#1"},
				"up": {"uv": [2.5, 12, 2.375, 11.875], "texture": "#1"},
				"down": {"uv": [12, 2.5, 11.875, 2.625], "texture": "#1"}
			}
		},
		{
			"from": [6.27817, 12.06697, 9.17772],
			"to": [9.72183, 15.18002, 14.24701],
			"rotation": {"angle": -45, "axis": "x", "origin": [8, 9.2475, 10.34859]},
			"faces": {
				"north": {"uv": [9.625, 2, 10, 2.375], "texture": "#1"},
				"east": {"uv": [1.125, 9.25, 1.6875, 9.625], "texture": "#1"},
				"south": {"uv": [9.625, 2.5, 10, 2.875], "texture": "#1"},
				"west": {"uv": [1.6875, 9.25, 1.125, 9.625], "texture": "#1"},
				"up": {"uv": [5.75, 10.0625, 5.375, 9.5], "texture": "#1"},
				"down": {"uv": [6.25, 9.5, 5.875, 10.0625], "texture": "#1"}
			}
		},
		{
			"from": [5.78042, 11.85392, 26.20606],
			"to": [7.39808, 13.55622, 27.0431],
			"rotation": {"angle": 0, "axis": "y", "origin": [8, 9.2475, 10.34859]},
			"faces": {
				"north": {"uv": [11.25, 7.625, 11.4375, 7.8125], "texture": "#1"},
				"east": {"uv": [0.25, 11.625, 0.375, 11.8125], "texture": "#1"},
				"south": {"uv": [11.25, 8, 11.4375, 8.1875], "texture": "#1"},
				"west": {"uv": [11.625, 2.5, 11.75, 2.6875], "texture": "#1"},
				"up": {"uv": [11.8125, 3.625, 11.625, 3.5], "texture": "#1"},
				"down": {"uv": [11.8125, 3.75, 11.625, 3.875], "texture": "#1"}
			}
		},
		{
			"from": [8.60192, 11.85392, 26.20606],
			"to": [10.21958, 13.55622, 27.0431],
			"rotation": {"angle": 0, "axis": "y", "origin": [8, 9.2475, 10.34859]},
			"faces": {
				"north": {"uv": [11.25, 10.125, 11.4375, 10.3125], "texture": "#1"},
				"east": {"uv": [4.25, 11.625, 4.375, 11.8125], "texture": "#1"},
				"south": {"uv": [11.25, 10.5, 11.4375, 10.6875], "texture": "#1"},
				"west": {"uv": [11.625, 4.5, 11.75, 4.6875], "texture": "#1"},
				"up": {"uv": [11.8125, 4.125, 11.625, 4], "texture": "#1"},
				"down": {"uv": [11.8125, 4.875, 11.625, 5], "texture": "#1"}
			}
		},
		{
			"from": [-3.089, 16.84, -2.411],
			"to": [28.011, 17.565, 31.7],
			"rotation": {"angle": -22.5, "axis": "y", "origin": [2.225, 13.54, 5.239]},
			"faces": {
				"up": {"uv": [2, 1.92969, 14, 13.92969], "rotation": 270, "texture": "#2"},
				"down": {"uv": [2, 13.92969, 14, 1.92969], "rotation": 90, "texture": "#2"}
			}
		}
	],
	"display": {
		"thirdperson_righthand": {
			"translation": [-6, -2.25, 2]
		},
		"head": {
			"rotation": [0, 180, 0],
			"translation": [0, -10.5, 39.25],
			"scale": [4, 4, 4]
		}
	}
}