{
	"credit": "Made with Blockbench",
	"textures": {
		"0": "block/ammo/rgbsheet1",
		"particle": "block/ammo/rgbsheet1"
	},
	"elements": [
		{
			"name": "Cube",
			"from": [7, 2, 10],
			"to": [8, 2.75, 13],
			"rotation": {"angle": 0, "axis": "y", "origin": [6.25, 2.375, 11.5]},
			"faces": {
				"north": {"uv": [9, 14, 10, 15], "texture": "#0"},
				"east": {"uv": [9, 14, 10, 15], "texture": "#0"},
				"south": {"uv": [9, 14, 10, 15], "texture": "#0"},
				"west": {"uv": [9, 14, 10, 15], "texture": "#0"},
				"up": {"uv": [9, 14, 10, 15], "texture": "#0"},
				"down": {"uv": [9, 14, 10, 15], "texture": "#0"}
			}
		},
		{
			"name": "Cube",
			"from": [7, 2, 10],
			"to": [8, 2.75, 13],
			"rotation": {"angle": 45, "axis": "x", "origin": [6.25, 2.375, 11.5]},
			"faces": {
				"north": {"uv": [9, 14, 10, 15], "texture": "#0"},
				"east": {"uv": [9, 14, 10, 15], "texture": "#0"},
				"south": {"uv": [9, 14, 10, 15], "texture": "#0"},
				"west": {"uv": [9, 14, 10, 15], "texture": "#0"},
				"up": {"uv": [9, 14, 10, 15], "texture": "#0"},
				"down": {"uv": [9, 14, 10, 15], "texture": "#0"}
			}
		},
		{
			"name": "Cube",
			"from": [7, 0.875, 11.125],
			"to": [8, 3.875, 11.875],
			"rotation": {"angle": 0, "axis": "x", "origin": [6.25, 2.375, 11.5]},
			"faces": {
				"north": {"uv": [9, 14, 10, 15], "rotation": 180, "texture": "#0"},
				"east": {"uv": [9, 14, 10, 15], "rotation": 270, "texture": "#0"},
				"south": {"uv": [9, 14, 10, 15], "texture": "#0"},
				"west": {"uv": [9, 14, 10, 15], "rotation": 90, "texture": "#0"},
				"up": {"uv": [9, 14, 10, 15], "rotation": 180, "texture": "#0"},
				"down": {"uv": [9, 14, 10, 15], "texture": "#0"}
			}
		},
		{
			"name": "Cube",
			"from": [7, 0.875, 11.125],
			"to": [8, 3.875, 11.875],
			"rotation": {"angle": 45, "axis": "x", "origin": [6.25, 2.375, 11.5]},
			"faces": {
				"north": {"uv": [9, 14, 10, 15], "rotation": 180, "texture": "#0"},
				"east": {"uv": [9, 14, 10, 15], "rotation": 270, "texture": "#0"},
				"south": {"uv": [9, 14, 10, 15], "texture": "#0"},
				"west": {"uv": [9, 14, 10, 15], "rotation": 90, "texture": "#0"},
				"up": {"uv": [9, 14, 10, 15], "rotation": 180, "texture": "#0"},
				"down": {"uv": [9, 14, 10, 15], "texture": "#0"}
			}
		},
		{
			"name": "Cube",
			"from": [7, 2, 10],
			"to": [8, 2.75, 13],
			"rotation": {"angle": 22.5, "axis": "x", "origin": [6.25, 2.375, 11.5]},
			"faces": {
				"north": {"uv": [9, 14, 10, 15], "texture": "#0"},
				"east": {"uv": [9, 14, 10, 15], "texture": "#0"},
				"south": {"uv": [9, 14, 10, 15], "texture": "#0"},
				"west": {"uv": [9, 14, 10, 15], "texture": "#0"},
				"up": {"uv": [9, 14, 10, 15], "texture": "#0"},
				"down": {"uv": [9, 14, 10, 15], "texture": "#0"}
			}
		},
		{
			"name": "Cube",
			"from": [7, 0.875, 11.125],
			"to": [8, 3.875, 11.875],
			"rotation": {"angle": -22.5, "axis": "x", "origin": [6.25, 2.375, 11.5]},
			"faces": {
				"north": {"uv": [9, 14, 10, 15], "rotation": 180, "texture": "#0"},
				"east": {"uv": [9, 14, 10, 15], "rotation": 270, "texture": "#0"},
				"south": {"uv": [9, 14, 10, 15], "texture": "#0"},
				"west": {"uv": [9, 14, 10, 15], "rotation": 90, "texture": "#0"},
				"up": {"uv": [9, 14, 10, 15], "rotation": 180, "texture": "#0"},
				"down": {"uv": [9, 14, 10, 15], "texture": "#0"}
			}
		},
		{
			"name": "Cube",
			"from": [7, 0.875, 11.125],
			"to": [8, 3.875, 11.875],
			"rotation": {"angle": 22.5, "axis": "x", "origin": [6.25, 2.375, 11.5]},
			"faces": {
				"north": {"uv": [9, 14, 10, 15], "rotation": 180, "texture": "#0"},
				"east": {"uv": [9, 14, 10, 15], "rotation": 270, "texture": "#0"},
				"south": {"uv": [9, 14, 10, 15], "texture": "#0"},
				"west": {"uv": [9, 14, 10, 15], "rotation": 90, "texture": "#0"},
				"up": {"uv": [9, 14, 10, 15], "rotation": 180, "texture": "#0"},
				"down": {"uv": [9, 14, 10, 15], "texture": "#0"}
			}
		},
		{
			"name": "Cube",
			"from": [7, 2, 10],
			"to": [8, 2.75, 13],
			"rotation": {"angle": -22.5, "axis": "x", "origin": [6.25, 2.375, 11.5]},
			"faces": {
				"north": {"uv": [9, 14, 10, 15], "rotation": 180, "texture": "#0"},
				"east": {"uv": [9, 14, 10, 15], "rotation": 180, "texture": "#0"},
				"south": {"uv": [9, 14, 10, 15], "rotation": 180, "texture": "#0"},
				"west": {"uv": [9, 14, 10, 15], "rotation": 180, "texture": "#0"},
				"up": {"uv": [9, 14, 10, 15], "texture": "#0"},
				"down": {"uv": [9, 14, 10, 15], "texture": "#0"}
			}
		},
		{
			"name": "Shell 2 side",
			"from": [3, 2, 10],
			"to": [7, 2.75, 13],
			"rotation": {"angle": 0, "axis": "y", "origin": [6.25, 2.375, 11.5]},
			"faces": {
				"north": {"uv": [2, 5, 3, 6], "texture": "#0"},
				"east": {"uv": [2, 5, 3, 6], "texture": "#0"},
				"south": {"uv": [2, 5, 3, 6], "texture": "#0"},
				"west": {"uv": [2, 5, 3, 6], "texture": "#0"},
				"up": {"uv": [2, 5, 3, 6], "texture": "#0"},
				"down": {"uv": [2, 5, 3, 6], "texture": "#0"}
			}
		},
		{
			"name": "Shell 2 side",
			"from": [3, 2, 10],
			"to": [7, 2.75, 13],
			"rotation": {"angle": 45, "axis": "x", "origin": [6.25, 2.375, 11.5]},
			"faces": {
				"north": {"uv": [2, 5, 3, 6], "texture": "#0"},
				"east": {"uv": [2, 5, 3, 6], "texture": "#0"},
				"south": {"uv": [2, 5, 3, 6], "texture": "#0"},
				"west": {"uv": [2, 5, 3, 6], "texture": "#0"},
				"up": {"uv": [2, 5, 3, 6], "texture": "#0"},
				"down": {"uv": [2, 5, 3, 6], "texture": "#0"}
			}
		},
		{
			"name": "Shell 2 side",
			"from": [3, 0.875, 11.125],
			"to": [7, 3.875, 11.875],
			"rotation": {"angle": 0, "axis": "x", "origin": [6.25, 2.375, 11.5]},
			"faces": {
				"north": {"uv": [2, 5, 3, 6], "rotation": 180, "texture": "#0"},
				"east": {"uv": [2, 5, 3, 6], "rotation": 270, "texture": "#0"},
				"south": {"uv": [2, 5, 3, 6], "texture": "#0"},
				"west": {"uv": [2, 5, 3, 6], "rotation": 90, "texture": "#0"},
				"up": {"uv": [2, 5, 3, 6], "rotation": 180, "texture": "#0"},
				"down": {"uv": [2, 5, 3, 6], "texture": "#0"}
			}
		},
		{
			"name": "Shell 2 side",
			"from": [3, 0.875, 11.125],
			"to": [7, 3.875, 11.875],
			"rotation": {"angle": 45, "axis": "x", "origin": [6.25, 2.375, 11.5]},
			"faces": {
				"north": {"uv": [2, 5, 3, 6], "rotation": 180, "texture": "#0"},
				"east": {"uv": [2, 5, 3, 6], "rotation": 270, "texture": "#0"},
				"south": {"uv": [2, 5, 3, 6], "texture": "#0"},
				"west": {"uv": [2, 5, 3, 6], "rotation": 90, "texture": "#0"},
				"up": {"uv": [2, 5, 3, 6], "rotation": 180, "texture": "#0"},
				"down": {"uv": [2, 5, 3, 6], "texture": "#0"}
			}
		},
		{
			"name": "Shell 2 side",
			"from": [3, 2, 10],
			"to": [7, 2.75, 13],
			"rotation": {"angle": 22.5, "axis": "x", "origin": [6.25, 2.375, 11.5]},
			"faces": {
				"north": {"uv": [2, 5, 3, 6], "texture": "#0"},
				"east": {"uv": [2, 5, 3, 6], "texture": "#0"},
				"south": {"uv": [2, 5, 3, 6], "texture": "#0"},
				"west": {"uv": [2, 5, 3, 6], "texture": "#0"},
				"up": {"uv": [2, 5, 3, 6], "texture": "#0"},
				"down": {"uv": [2, 5, 3, 6], "texture": "#0"}
			}
		},
		{
			"name": "Shell 2 side",
			"from": [3, 0.875, 11.125],
			"to": [7, 3.875, 11.875],
			"rotation": {"angle": -22.5, "axis": "x", "origin": [6.25, 2.375, 11.5]},
			"faces": {
				"north": {"uv": [2, 5, 3, 6], "rotation": 180, "texture": "#0"},
				"east": {"uv": [2, 5, 3, 6], "rotation": 270, "texture": "#0"},
				"south": {"uv": [2, 5, 3, 6], "texture": "#0"},
				"west": {"uv": [2, 5, 3, 6], "rotation": 90, "texture": "#0"},
				"up": {"uv": [2, 5, 3, 6], "rotation": 180, "texture": "#0"},
				"down": {"uv": [2, 5, 3, 6], "texture": "#0"}
			}
		},
		{
			"name": "Shell 2 side",
			"from": [3, 0.875, 11.125],
			"to": [7, 3.875, 11.875],
			"rotation": {"angle": 22.5, "axis": "x", "origin": [6.25, 2.375, 11.5]},
			"faces": {
				"north": {"uv": [2, 5, 3, 6], "rotation": 180, "texture": "#0"},
				"east": {"uv": [2, 5, 3, 6], "rotation": 270, "texture": "#0"},
				"south": {"uv": [2, 5, 3, 6], "texture": "#0"},
				"west": {"uv": [2, 5, 3, 6], "rotation": 90, "texture": "#0"},
				"up": {"uv": [2, 5, 3, 6], "rotation": 180, "texture": "#0"},
				"down": {"uv": [2, 5, 3, 6], "texture": "#0"}
			}
		},
		{
			"name": "Shell 2 side",
			"from": [3, 2, 10],
			"to": [7, 2.75, 13],
			"rotation": {"angle": -22.5, "axis": "x", "origin": [6.25, 2.375, 11.5]},
			"faces": {
				"north": {"uv": [2, 5, 3, 6], "rotation": 180, "texture": "#0"},
				"east": {"uv": [2, 5, 3, 6], "rotation": 180, "texture": "#0"},
				"south": {"uv": [2, 5, 3, 6], "rotation": 180, "texture": "#0"},
				"west": {"uv": [2, 5, 3, 6], "rotation": 180, "texture": "#0"},
				"up": {"uv": [2, 5, 3, 6], "texture": "#0"},
				"down": {"uv": [2, 5, 3, 6], "texture": "#0"}
			}
		},
		{
			"name": "Cube",
			"from": [8.25, 2, 5.75],
			"to": [9, 3, 9],
			"rotation": {"angle": 0, "axis": "y", "origin": [8.5, 3.75, 7.375]},
			"faces": {
				"north": {"uv": [9, 14, 10, 15], "texture": "#0"},
				"east": {"uv": [9, 14, 10, 15], "texture": "#0"},
				"south": {"uv": [9, 14, 10, 15], "texture": "#0"},
				"west": {"uv": [9, 14, 10, 15], "texture": "#0"},
				"up": {"uv": [9, 14, 10, 15], "texture": "#0"},
				"down": {"uv": [9, 14, 10, 15], "texture": "#0"}
			}
		},
		{
			"name": "Cube",
			"from": [7, 2, 7],
			"to": [10.25, 3, 7.75],
			"rotation": {"angle": -45, "axis": "y", "origin": [8.625, 3.75, 7.375]},
			"faces": {
				"north": {"uv": [9, 14, 10, 15], "texture": "#0"},
				"east": {"uv": [9, 14, 10, 15], "texture": "#0"},
				"south": {"uv": [9, 14, 10, 15], "texture": "#0"},
				"west": {"uv": [9, 14, 10, 15], "texture": "#0"},
				"up": {"uv": [9, 14, 10, 15], "rotation": 270, "texture": "#0"},
				"down": {"uv": [9, 14, 10, 15], "rotation": 90, "texture": "#0"}
			}
		},
		{
			"name": "Cube",
			"from": [7, 2, 7],
			"to": [10.25, 3, 7.75],
			"rotation": {"angle": 0, "axis": "y", "origin": [8.625, 3.75, 7.375]},
			"faces": {
				"north": {"uv": [9, 14, 10, 15], "texture": "#0"},
				"east": {"uv": [9, 14, 10, 15], "texture": "#0"},
				"south": {"uv": [9, 14, 10, 15], "texture": "#0"},
				"west": {"uv": [9, 14, 10, 15], "texture": "#0"},
				"up": {"uv": [9, 14, 10, 15], "rotation": 270, "texture": "#0"},
				"down": {"uv": [9, 14, 10, 15], "rotation": 90, "texture": "#0"}
			}
		},
		{
			"name": "Cube",
			"from": [7, 2, 7],
			"to": [10.25, 3, 7.75],
			"rotation": {"angle": 45, "axis": "y", "origin": [8.625, 3.75, 7.375]},
			"faces": {
				"north": {"uv": [9, 14, 10, 15], "texture": "#0"},
				"east": {"uv": [9, 14, 10, 15], "texture": "#0"},
				"south": {"uv": [9, 14, 10, 15], "texture": "#0"},
				"west": {"uv": [9, 14, 10, 15], "texture": "#0"},
				"up": {"uv": [9, 14, 10, 15], "rotation": 270, "texture": "#0"},
				"down": {"uv": [9, 14, 10, 15], "rotation": 90, "texture": "#0"}
			}
		},
		{
			"name": "Cube",
			"from": [8.25, 2, 5.75],
			"to": [9, 3, 9],
			"rotation": {"angle": 22.5, "axis": "y", "origin": [8.625, 3.75, 7.375]},
			"faces": {
				"north": {"uv": [9, 14, 10, 15], "texture": "#0"},
				"east": {"uv": [9, 14, 10, 15], "texture": "#0"},
				"south": {"uv": [9, 14, 10, 15], "texture": "#0"},
				"west": {"uv": [9, 14, 10, 15], "texture": "#0"},
				"up": {"uv": [9, 14, 10, 15], "texture": "#0"},
				"down": {"uv": [9, 14, 10, 15], "texture": "#0"}
			}
		},
		{
			"name": "Cube",
			"from": [7, 2, 7],
			"to": [10.25, 3, 7.75],
			"rotation": {"angle": -22.5, "axis": "y", "origin": [8.625, 3.75, 7.375]},
			"faces": {
				"north": {"uv": [9, 14, 10, 15], "texture": "#0"},
				"east": {"uv": [9, 14, 10, 15], "texture": "#0"},
				"south": {"uv": [9, 14, 10, 15], "texture": "#0"},
				"west": {"uv": [9, 14, 10, 15], "texture": "#0"},
				"up": {"uv": [9, 14, 10, 15], "rotation": 270, "texture": "#0"},
				"down": {"uv": [9, 14, 10, 15], "rotation": 90, "texture": "#0"}
			}
		},
		{
			"name": "Cube",
			"from": [7, 2, 7],
			"to": [10.25, 3, 7.75],
			"rotation": {"angle": 22.5, "axis": "y", "origin": [8.625, 3.75, 7.375]},
			"faces": {
				"north": {"uv": [9, 14, 10, 15], "texture": "#0"},
				"east": {"uv": [9, 14, 10, 15], "texture": "#0"},
				"south": {"uv": [9, 14, 10, 15], "texture": "#0"},
				"west": {"uv": [9, 14, 10, 15], "texture": "#0"},
				"up": {"uv": [9, 14, 10, 15], "rotation": 270, "texture": "#0"},
				"down": {"uv": [9, 14, 10, 15], "rotation": 90, "texture": "#0"}
			}
		},
		{
			"name": "Cube",
			"from": [8.25, 2, 5.75],
			"to": [9, 3, 9],
			"rotation": {"angle": -22.5, "axis": "y", "origin": [8.625, 3.75, 7.375]},
			"faces": {
				"north": {"uv": [9, 14, 10, 15], "texture": "#0"},
				"east": {"uv": [9, 14, 10, 15], "texture": "#0"},
				"south": {"uv": [9, 14, 10, 15], "texture": "#0"},
				"west": {"uv": [9, 14, 10, 15], "texture": "#0"},
				"up": {"uv": [9, 14, 10, 15], "rotation": 180, "texture": "#0"},
				"down": {"uv": [9, 14, 10, 15], "rotation": 180, "texture": "#0"}
			}
		},
		{
			"name": "Shell north",
			"from": [8.25, 3, 5.75],
			"to": [9, 7, 9],
			"rotation": {"angle": 0, "axis": "y", "origin": [8.5, 3.75, 7.375]},
			"faces": {
				"north": {"uv": [2, 5, 3, 6], "texture": "#0"},
				"east": {"uv": [2, 5, 3, 6], "texture": "#0"},
				"south": {"uv": [2, 5, 3, 6], "texture": "#0"},
				"west": {"uv": [2, 5, 3, 6], "texture": "#0"},
				"up": {"uv": [2, 5, 3, 6], "texture": "#0"},
				"down": {"uv": [2, 5, 3, 6], "texture": "#0"}
			}
		},
		{
			"name": "Shell north",
			"from": [7, 3, 7],
			"to": [10.25, 7, 7.75],
			"rotation": {"angle": -45, "axis": "y", "origin": [8.625, 3.75, 7.375]},
			"faces": {
				"north": {"uv": [2, 5, 3, 6], "texture": "#0"},
				"east": {"uv": [2, 5, 3, 6], "texture": "#0"},
				"south": {"uv": [2, 5, 3, 6], "texture": "#0"},
				"west": {"uv": [2, 5, 3, 6], "texture": "#0"},
				"up": {"uv": [2, 5, 3, 6], "rotation": 270, "texture": "#0"},
				"down": {"uv": [2, 5, 3, 6], "rotation": 90, "texture": "#0"}
			}
		},
		{
			"name": "Shell north",
			"from": [7, 3, 7],
			"to": [10.25, 7, 7.75],
			"rotation": {"angle": 0, "axis": "y", "origin": [8.625, 3.75, 7.375]},
			"faces": {
				"north": {"uv": [2, 5, 3, 6], "texture": "#0"},
				"east": {"uv": [2, 5, 3, 6], "texture": "#0"},
				"south": {"uv": [2, 5, 3, 6], "texture": "#0"},
				"west": {"uv": [2, 5, 3, 6], "texture": "#0"},
				"up": {"uv": [2, 5, 3, 6], "rotation": 270, "texture": "#0"},
				"down": {"uv": [2, 5, 3, 6], "rotation": 90, "texture": "#0"}
			}
		},
		{
			"name": "Shell north",
			"from": [7, 3, 7],
			"to": [10.25, 7, 7.75],
			"rotation": {"angle": 45, "axis": "y", "origin": [8.625, 3.75, 7.375]},
			"faces": {
				"north": {"uv": [2, 5, 3, 6], "texture": "#0"},
				"east": {"uv": [2, 5, 3, 6], "texture": "#0"},
				"south": {"uv": [2, 5, 3, 6], "texture": "#0"},
				"west": {"uv": [2, 5, 3, 6], "texture": "#0"},
				"up": {"uv": [2, 5, 3, 6], "rotation": 270, "texture": "#0"},
				"down": {"uv": [2, 5, 3, 6], "rotation": 90, "texture": "#0"}
			}
		},
		{
			"name": "Shell north",
			"from": [8.25, 3, 5.75],
			"to": [9, 7, 9],
			"rotation": {"angle": 22.5, "axis": "y", "origin": [8.625, 3.75, 7.375]},
			"faces": {
				"north": {"uv": [2, 5, 3, 6], "texture": "#0"},
				"east": {"uv": [2, 5, 3, 6], "texture": "#0"},
				"south": {"uv": [2, 5, 3, 6], "texture": "#0"},
				"west": {"uv": [2, 5, 3, 6], "texture": "#0"},
				"up": {"uv": [2, 5, 3, 6], "texture": "#0"},
				"down": {"uv": [2, 5, 3, 6], "texture": "#0"}
			}
		},
		{
			"name": "Shell north",
			"from": [7, 3, 7],
			"to": [10.25, 7, 7.75],
			"rotation": {"angle": -22.5, "axis": "y", "origin": [8.625, 3.75, 7.375]},
			"faces": {
				"north": {"uv": [2, 5, 3, 6], "texture": "#0"},
				"east": {"uv": [2, 5, 3, 6], "texture": "#0"},
				"south": {"uv": [2, 5, 3, 6], "texture": "#0"},
				"west": {"uv": [2, 5, 3, 6], "texture": "#0"},
				"up": {"uv": [2, 5, 3, 6], "rotation": 270, "texture": "#0"},
				"down": {"uv": [2, 5, 3, 6], "rotation": 90, "texture": "#0"}
			}
		},
		{
			"name": "Shell north",
			"from": [7, 3, 7],
			"to": [10.25, 7, 7.75],
			"rotation": {"angle": 22.5, "axis": "y", "origin": [8.625, 3.75, 7.375]},
			"faces": {
				"north": {"uv": [2, 5, 3, 6], "texture": "#0"},
				"east": {"uv": [2, 5, 3, 6], "texture": "#0"},
				"south": {"uv": [2, 5, 3, 6], "texture": "#0"},
				"west": {"uv": [2, 5, 3, 6], "texture": "#0"},
				"up": {"uv": [2, 5, 3, 6], "rotation": 270, "texture": "#0"},
				"down": {"uv": [2, 5, 3, 6], "rotation": 90, "texture": "#0"}
			}
		},
		{
			"name": "Shell north",
			"from": [8.25, 3, 5.75],
			"to": [9, 7, 9],
			"rotation": {"angle": -22.5, "axis": "y", "origin": [8.625, 3.75, 7.375]},
			"faces": {
				"north": {"uv": [2, 5, 3, 6], "texture": "#0"},
				"east": {"uv": [2, 5, 3, 6], "texture": "#0"},
				"south": {"uv": [2, 5, 3, 6], "texture": "#0"},
				"west": {"uv": [2, 5, 3, 6], "texture": "#0"},
				"up": {"uv": [2, 5, 3, 6], "rotation": 180, "texture": "#0"},
				"down": {"uv": [2, 5, 3, 6], "rotation": 180, "texture": "#0"}
			}
		}
	],
	"display": {
		"thirdperson_righthand": {
			"rotation": [-7, -2, -10],
			"translation": [0, 0, -2],
			"scale": [0.3, 0.3, 0.3]
		},
		"thirdperson_lefthand": {
			"rotation": [-7, 1, 11],
			"translation": [-15, 0, -2],
			"scale": [0.3, 0.3, 0.3]
		},
		"firstperson_righthand": {
			"rotation": [0, -2, 0],
			"translation": [0, 10, 0]
		},
		"firstperson_lefthand": {
			"translation": [-9, 10, 0]
		},
		"ground": {
			"rotation": [0, 0, -23],
			"translation": [3.59, -0.94, 6.05]
		},
		"gui": {
			"rotation": [0, -50, 0],
			"translation": [0, 6, 0],
			"scale": [1.5, 1.5, 1.5]
		},
		"fixed": {
			"rotation": [-1, 3, -41],
			"translation": [12.28, 3.4, 10.39],
			"scale": [3.37, 3.37, 3.4]
		}
	},
	"groups": [
		{
			"name": "group",
			"origin": [8, 8, 8],
			"children": [0, 1, 2, 3, 4, 5, 6, 7]
		},
		{
			"name": "group",
			"origin": [8, 8, 8],
			"children": [8, 9, 10, 11, 12, 13, 14, 15]
		},
		{
			"name": "group",
			"origin": [8, 8, 8],
			"children": [16, 17, 18, 19, 20, 21, 22, 23]
		},
		{
			"name": "group",
			"origin": [8, 8, 8],
			"children": [24, 25, 26, 27, 28, 29, 30, 31]
		}
	]
}