{
	"credit": "Made with Blockbench",
	"texture_size": [128, 128],
	"textures": {
		"2": "block/vehiles/tank/abrams",
		"particle": "block/vehiles/tank/abrams"
	},
	"elements": [
		{
			"from": [5, 7.99264, 6.25736],
			"to": [14, 8.99264, 15.25736],
			"rotation": {"angle": 0, "axis": "y", "origin": [-0.25, -4.00736, -0.74264]},
			"faces": {
				"north": {"uv": [12.875, 11, 14, 11.125], "texture": "#2"},
				"east": {"uv": [12.875, 11.25, 14, 11.375], "texture": "#2"},
				"south": {"uv": [12.875, 11.5, 14, 11.625], "texture": "#2"},
				"west": {"uv": [13, 0, 14.125, 0.125], "texture": "#2"},
				"up": {"uv": [2.125, 9, 1, 7.875], "texture": "#2"},
				"down": {"uv": [9.125, 1, 8, 2.125], "texture": "#2"}
			}
		},
		{
			"from": [1.53596, 8.43712, 9.25736],
			"to": [2.53596, 12.43712, 24.25736],
			"rotation": {"angle": 0, "axis": "z", "origin": [2.03596, 10.93712, 13.75736]},
			"faces": {
				"north": {"uv": [1.75, 11.5, 1.875, 12], "texture": "#2"},
				"east": {"uv": [7.625, 8, 9.5, 8.5], "texture": "#2"},
				"south": {"uv": [6.625, 13.625, 6.75, 14.125], "texture": "#2"},
				"west": {"uv": [3.375, 8.5, 5.25, 9], "texture": "#2"},
				"up": {"uv": [12.125, 14.25, 12, 12.375], "texture": "#2"},
				"down": {"uv": [12.375, 12.375, 12.25, 14.25], "texture": "#2"}
			}
		},
		{
			"from": [4.5715, 8.43712, 1.92893],
			"to": [9.5715, 12.43712, 10.92893],
			"rotation": {"angle": -45, "axis": "y", "origin": [5.0715, 10.93712, 6.42893]},
			"faces": {
				"north": {"uv": [2.25, 11.5, 2.875, 12], "texture": "#2"},
				"east": {"uv": [10.875, 10.5, 12, 11], "texture": "#2"},
				"south": {"uv": [6.875, 11.75, 7.5, 12.25], "texture": "#2"},
				"west": {"uv": [11, 2.25, 12.125, 2.75], "texture": "#2"},
				"up": {"uv": [10.75, 11, 10.125, 9.875], "texture": "#2"},
				"down": {"uv": [10.875, 2.25, 10.25, 3.375], "texture": "#2"}
			}
		},
		{
			"from": [7.73571, 8.93712, 2.30761],
			"to": [11.26071, 11.93712, 5.30761],
			"rotation": {"angle": 0, "axis": "y", "origin": [9.98571, 10.93712, 4.80761]},
			"faces": {
				"north": {"uv": [3.25, 12.625, 3.6875, 13], "texture": "#2"},
				"east": {"uv": [8.125, 12.875, 8.5, 13.25], "texture": "#2"},
				"south": {"uv": [8.625, 12.625, 9.0625, 13], "texture": "#2"},
				"west": {"uv": [10.125, 12.875, 10.5, 13.25], "texture": "#2"},
				"up": {"uv": [4.3125, 13.125, 3.875, 12.75], "texture": "#2"},
				"down": {"uv": [4.9375, 12.75, 4.5, 13.125], "texture": "#2"}
			}
		},
		{
			"from": [8.74821, 9.68712, -16],
			"to": [10.24821, 11.18712, 2.30761],
			"rotation": {"angle": 45, "axis": "z", "origin": [9.49821, 10.43712, 0.80761]},
			"faces": {
				"north": {"uv": [14.5, 1.5, 14.6875, 1.6875], "texture": "#2"},
				"east": {"uv": [11, 3.125, 13.3125, 3.3125], "texture": "#2"},
				"south": {"uv": [3.25, 14.5, 3.4375, 14.6875], "texture": "#2"},
				"west": {"uv": [11.125, 1, 13.4375, 1.1875], "texture": "#2"},
				"up": {"uv": [6.3125, 13.4375, 6.125, 11.125], "texture": "#2"},
				"down": {"uv": [6.6875, 11.125, 6.5, 13.4375], "texture": "#2"}
			}
		},
		{
			"from": [8.49821, 9.43712, -7],
			"to": [10.49821, 11.43712, -1.69239],
			"rotation": {"angle": 45, "axis": "z", "origin": [9.49821, 10.43712, 0.80761]},
			"faces": {
				"north": {"uv": [7.625, 13.875, 7.875, 14.125], "texture": "#2"},
				"east": {"uv": [10.125, 12.5, 10.8125, 12.75], "texture": "#2"},
				"south": {"uv": [8, 13.875, 8.25, 14.125], "texture": "#2"},
				"west": {"uv": [12.5, 12.375, 13.1875, 12.625], "texture": "#2"},
				"up": {"uv": [3.625, 7.5625, 3.375, 6.875], "texture": "#2"},
				"down": {"uv": [12.875, 0, 12.625, 0.6875], "texture": "#2"}
			}
		},
		{
			"from": [12.81759, 8.43712, 1.78249],
			"to": [17.81759, 12.43712, 10.78249],
			"rotation": {"angle": 45, "axis": "y", "origin": [15.79982, 10.93712, 10.4467]},
			"faces": {
				"north": {"uv": [6.875, 11.125, 7.5, 11.625], "texture": "#2"},
				"east": {"uv": [10.25, 7, 11.375, 7.5], "texture": "#2"},
				"south": {"uv": [1, 11.5, 1.625, 12], "texture": "#2"},
				"west": {"uv": [10.875, 9.875, 12, 10.375], "texture": "#2"},
				"up": {"uv": [9.25, 11, 8.625, 9.875], "texture": "#2"},
				"down": {"uv": [10, 9.875, 9.375, 11], "texture": "#2"}
			}
		},
		{
			"from": [16.46404, 8.43712, 9.25736],
			"to": [17.46404, 12.43712, 24.25736],
			"rotation": {"angle": 0, "axis": "z", "origin": [15.79982, 10.93712, 10.4467]},
			"faces": {
				"north": {"uv": [13.625, 8.375, 13.75, 8.875], "texture": "#2"},
				"east": {"uv": [7.625, 8.625, 9.5, 9.125], "texture": "#2"},
				"south": {"uv": [8.625, 13.625, 8.75, 14.125], "texture": "#2"},
				"west": {"uv": [3.375, 9.125, 5.25, 9.625], "texture": "#2"},
				"up": {"uv": [0.125, 14.375, 0, 12.5], "texture": "#2"},
				"down": {"uv": [0.375, 12.5, 0.25, 14.375], "texture": "#2"}
			}
		},
		{
			"from": [2.51404, 8.43712, 8.28236],
			"to": [16.46404, 12.43712, 24.25736],
			"rotation": {"angle": 0, "axis": "z", "origin": [14.79982, 10.93712, 10.4467]},
			"faces": {
				"north": {"uv": [9.25, 1, 11, 1.5], "texture": "#2"},
				"east": {"uv": [8, 2.25, 10, 2.75], "texture": "#2"},
				"south": {"uv": [9.25, 1.625, 11, 2.125], "texture": "#2"},
				"west": {"uv": [8, 6, 10, 6.5], "texture": "#2"},
				"up": {"uv": [1.75, 6.75, 0, 4.75], "texture": "#2"},
				"down": {"uv": [3.625, 4.75, 1.875, 6.75], "texture": "#2"}
			}
		},
		{
			"from": [2.51404, 12.43712, 23.75736],
			"to": [3.01404, 20.43712, 24.25736],
			"rotation": {"angle": 0, "axis": "z", "origin": [14.79982, 6.93712, 10.4467]},
			"faces": {
				"north": {"uv": [2, 13.75, 2.0625, 14.75], "texture": "#2"},
				"east": {"uv": [10.625, 13.75, 10.6875, 14.75], "texture": "#2"},
				"south": {"uv": [10.875, 13.75, 10.9375, 14.75], "texture": "#2"},
				"west": {"uv": [11.125, 13.75, 11.1875, 14.75], "texture": "#2"},
				"up": {"uv": [14.5625, 14.6875, 14.5, 14.625], "texture": "#2"},
				"down": {"uv": [0.0625, 14.75, 0, 14.8125], "texture": "#2"}
			}
		},
		{
			"from": [15.96404, 12.43712, 23.75736],
			"to": [16.46404, 20.43712, 24.25736],
			"rotation": {"angle": 0, "axis": "z", "origin": [22.24982, 6.93712, 10.4467]},
			"faces": {
				"north": {"uv": [11.375, 13.75, 11.4375, 14.75], "texture": "#2"},
				"east": {"uv": [12.5, 13.75, 12.5625, 14.75], "texture": "#2"},
				"south": {"uv": [12.75, 13.75, 12.8125, 14.75], "texture": "#2"},
				"west": {"uv": [13, 13.75, 13.0625, 14.75], "texture": "#2"},
				"up": {"uv": [14.8125, 0.0625, 14.75, 0], "texture": "#2"},
				"down": {"uv": [0.3125, 14.75, 0.25, 14.8125], "texture": "#2"}
			}
		},
		{
			"from": [1.51404, 9.93712, 24.25736],
			"to": [17.46404, 10.93712, 26.75736],
			"rotation": {"angle": 0, "axis": "z", "origin": [14.79982, 10.93712, 6.4467]},
			"faces": {
				"north": {"uv": [11.75, 12.125, 13.75, 12.25], "texture": "#2"},
				"east": {"uv": [14.5, 1, 14.8125, 1.125], "texture": "#2"},
				"south": {"uv": [12.25, 2.125, 14.25, 2.25], "texture": "#2"},
				"west": {"uv": [14.5, 1.25, 14.8125, 1.375], "texture": "#2"},
				"up": {"uv": [12.25, 4.8125, 10.25, 4.5], "texture": "#2"},
				"down": {"uv": [12.25, 5, 10.25, 5.3125], "texture": "#2"}
			}
		},
		{
			"from": [1.51404, 10.93712, 25.75736],
			"to": [17.46404, 12.43712, 26.75736],
			"rotation": {"angle": 0, "axis": "z", "origin": [14.79982, 10.93712, 6.4467]},
			"faces": {
				"north": {"uv": [11.5, 7.25, 13.5, 7.4375], "texture": "#2"},
				"east": {"uv": [14.625, 10.625, 14.75, 10.8125], "texture": "#2"},
				"south": {"uv": [11.5, 7.875, 13.5, 8.0625], "texture": "#2"},
				"west": {"uv": [14.625, 11, 14.75, 11.1875], "texture": "#2"},
				"up": {"uv": [14.25, 2.5, 12.25, 2.375], "texture": "#2"},
				"down": {"uv": [14.25, 2.625, 12.25, 2.75], "texture": "#2"}
			}
		},
		{
			"from": [0.51403, 10.93712, 10.80736],
			"to": [1.51403, 12.43712, 26.75736],
			"rotation": {"angle": 0, "axis": "y", "origin": [1.01403, 11.68712, 18.78236]},
			"faces": {
				"north": {"uv": [14.625, 11.375, 14.75, 11.5625], "texture": "#2"},
				"east": {"uv": [11.5, 8.25, 13.5, 8.4375], "texture": "#2"},
				"south": {"uv": [14.625, 11.75, 14.75, 11.9375], "texture": "#2"},
				"west": {"uv": [8.625, 11.5, 10.625, 11.6875], "texture": "#2"},
				"up": {"uv": [7, 14.375, 6.875, 12.375], "texture": "#2"},
				"down": {"uv": [7.25, 12.375, 7.125, 14.375], "texture": "#2"}
			}
		},
		{
			"from": [17.46404, 10.93712, 10.80736],
			"to": [18.46404, 12.43712, 26.75736],
			"rotation": {"angle": 0, "axis": "y", "origin": [17.96404, 11.68712, 18.78236]},
			"faces": {
				"north": {"uv": [13.5, 14.625, 13.625, 14.8125], "texture": "#2"},
				"east": {"uv": [11.5, 8.625, 13.5, 8.8125], "texture": "#2"},
				"south": {"uv": [14.625, 13.5, 14.75, 13.6875], "texture": "#2"},
				"west": {"uv": [10.75, 11.5, 12.75, 11.6875], "texture": "#2"},
				"up": {"uv": [7.5, 14.375, 7.375, 12.375], "texture": "#2"},
				"down": {"uv": [11.875, 12.375, 11.75, 14.375], "texture": "#2"}
			}
		},
		{
			"from": [11.56404, 12.43712, 10.25736],
			"to": [15.51404, 13.43712, 14.25736],
			"rotation": {"angle": 0, "axis": "z", "origin": [16.84982, 9.93712, 3.4467]},
			"faces": {
				"north": {"uv": [8.875, 13.625, 9.375, 13.75], "texture": "#2"},
				"east": {"uv": [9.5, 13.625, 10, 13.75], "texture": "#2"},
				"south": {"uv": [13.625, 9.875, 14.125, 10], "texture": "#2"},
				"west": {"uv": [3.75, 13.75, 4.25, 13.875], "texture": "#2"},
				"up": {"uv": [12.625, 11, 12.125, 10.5], "texture": "#2"},
				"down": {"uv": [11.625, 12.125, 11.125, 12.625], "texture": "#2"}
			}
		},
		{
			"from": [3.51404, 12.43712, 15.25736],
			"to": [6.51404, 13.43712, 18.25736],
			"rotation": {"angle": 0, "axis": "z", "origin": [14.84982, 9.93712, 8.4467]},
			"faces": {
				"north": {"uv": [1.5, 14, 1.875, 14.125], "texture": "#2"},
				"east": {"uv": [14, 1.625, 14.375, 1.75], "texture": "#2"},
				"south": {"uv": [2.25, 14, 2.625, 14.125], "texture": "#2"},
				"west": {"uv": [2.75, 14, 3.125, 14.125], "texture": "#2"},
				"up": {"uv": [13.375, 0.625, 13, 0.25], "texture": "#2"},
				"down": {"uv": [1.375, 13, 1, 13.375], "texture": "#2"}
			}
		},
		{
			"from": [12.46404, 12.43712, 15.25736],
			"to": [15.46404, 13.43712, 18.25736],
			"rotation": {"angle": 0, "axis": "z", "origin": [14.84982, 9.93712, 8.4467]},
			"faces": {
				"north": {"uv": [3.75, 14, 4.125, 14.125], "texture": "#2"},
				"east": {"uv": [14, 12.375, 14.375, 12.5], "texture": "#2"},
				"south": {"uv": [14, 12.625, 14.375, 12.75], "texture": "#2"},
				"west": {"uv": [14, 12.875, 14.375, 13], "texture": "#2"},
				"up": {"uv": [13.375, 1.75, 13, 1.375], "texture": "#2"},
				"down": {"uv": [1.875, 13, 1.5, 13.375], "texture": "#2"}
			}
		},
		{
			"from": [13.03904, 13.43712, 11.25736],
			"to": [14.03904, 15.18712, 12.25736],
			"rotation": {"angle": 0, "axis": "z", "origin": [16.84982, 8.93712, 4.4467]},
			"faces": {
				"north": {"uv": [14.625, 6.375, 14.75, 6.5625], "texture": "#2"},
				"east": {"uv": [14.625, 6.75, 14.75, 6.9375], "texture": "#2"},
				"south": {"uv": [14.625, 8.875, 14.75, 9.0625], "texture": "#2"},
				"west": {"uv": [14.625, 10.25, 14.75, 10.4375], "texture": "#2"},
				"up": {"uv": [14.625, 8.5, 14.5, 8.375], "texture": "#2"},
				"down": {"uv": [14.75, 2.625, 14.625, 2.75], "texture": "#2"}
			}
		},
		{
			"from": [12.78904, 15.18712, 7.25736],
			"to": [14.28904, 16.68712, 12.25736],
			"rotation": {"angle": 0, "axis": "z", "origin": [16.84982, 8.68712, 4.4467]},
			"faces": {
				"north": {"uv": [14.5, 3.375, 14.6875, 3.5625], "texture": "#2"},
				"east": {"uv": [13.5, 3.125, 14.125, 3.3125], "texture": "#2"},
				"south": {"uv": [14.5, 3.75, 14.6875, 3.9375], "texture": "#2"},
				"west": {"uv": [13.625, 0.75, 14.25, 0.9375], "texture": "#2"},
				"up": {"uv": [3.5625, 8.375, 3.375, 7.75], "texture": "#2"},
				"down": {"uv": [4.9375, 13.25, 4.75, 13.875], "texture": "#2"}
			}
		},
		{
			"from": [11.03904, 15.43712, 7.25736],
			"to": [12.78904, 16.43712, 9.00736],
			"rotation": {"angle": 0, "axis": "z", "origin": [15.34982, 8.68712, 4.4467]},
			"faces": {
				"north": {"uv": [3, 11.875, 3.25, 12], "texture": "#2"},
				"east": {"uv": [14.5, 5, 14.75, 5.125], "texture": "#2"},
				"south": {"uv": [14.5, 5.25, 14.75, 5.375], "texture": "#2"},
				"west": {"uv": [7.125, 14.5, 7.375, 14.625], "texture": "#2"},
				"up": {"uv": [10.875, 13.125, 10.625, 12.875], "texture": "#2"},
				"down": {"uv": [4.625, 13.75, 4.375, 14], "texture": "#2"}
			}
		},
		{
			"from": [13.13904, 15.53712, 6.25736],
			"to": [13.93904, 16.33712, 7.25736],
			"rotation": {"angle": -45, "axis": "z", "origin": [13.53904, 15.93712, 4.75736]},
			"faces": {
				"north": {"uv": [14.625, 9.25, 14.75, 9.375], "texture": "#2"},
				"east": {"uv": [14.625, 12.125, 14.75, 12.25], "texture": "#2"},
				"south": {"uv": [13.75, 14.625, 13.875, 14.75], "texture": "#2"},
				"west": {"uv": [14.625, 13.875, 14.75, 14], "texture": "#2"},
				"up": {"uv": [14.125, 14.75, 14, 14.625], "texture": "#2"},
				"down": {"uv": [14.75, 14.125, 14.625, 14.25], "texture": "#2"}
			}
		},
		{
			"from": [13.33904, 15.73712, 2.25736],
			"to": [13.73904, 16.13712, 6.25736],
			"rotation": {"angle": -45, "axis": "z", "origin": [13.53904, 15.93712, 4.75736]},
			"faces": {
				"north": {"uv": [14.25, 14.625, 14.3125, 14.6875], "texture": "#2"},
				"east": {"uv": [14.5, 4.5, 15, 4.5625], "texture": "#2"},
				"south": {"uv": [14.625, 14.375, 14.6875, 14.4375], "texture": "#2"},
				"west": {"uv": [14.5, 4.75, 15, 4.8125], "texture": "#2"},
				"up": {"uv": [4.8125, 15, 4.75, 14.5], "texture": "#2"},
				"down": {"uv": [6.9375, 14.5, 6.875, 15], "texture": "#2"}
			}
		}
	],
	"display": {
		"head": {
			"translation": [-7.25, 0, -34.75],
			"scale": [4, 4, 4]
		}
	}
}