{
	"credit": "Made with Blockbench",
	"texture_size": [128, 128],
	"textures": {
		"2": "block/vehiles/tank/abrams",
		"particle": "block/vehiles/tank/abrams"
	},
	"elements": [
		{
			"from": [-0.25, 0, 0.5],
			"to": [2.75, 0.75, 24.5],
			"rotation": {"angle": 0, "axis": "y", "origin": [8.375, 4.57611, 14.41659]},
			"faces": {
				"north": {"uv": [1, 14, 1.375, 14.125], "texture": "#2"},
				"east": {"uv": [11.375, 9.625, 14.375, 9.75], "texture": "#2"},
				"south": {"uv": [14, 1.375, 14.375, 1.5], "texture": "#2"},
				"west": {"uv": [11.5, 7, 14.5, 7.125], "texture": "#2"},
				"up": {"uv": [6, 11, 5.625, 8], "texture": "#2"},
				"down": {"uv": [6.5, 8, 6.125, 11], "texture": "#2"}
			}
		},
		{
			"from": [0.75, 2.49264, -1.80736],
			"to": [1.75, 4.49264, 0.19264],
			"rotation": {"angle": 0, "axis": "y", "origin": [6.375, 4.81875, 20.15923]},
			"faces": {
				"north": {"uv": [9.875, 6.625, 10, 6.875], "texture": "#2"},
				"east": {"uv": [13.75, 9.25, 14, 9.5], "texture": "#2"},
				"south": {"uv": [5.125, 12.75, 5.25, 13], "texture": "#2"},
				"west": {"uv": [13.75, 10.5, 14, 10.75], "texture": "#2"},
				"up": {"uv": [14.625, 7.5, 14.5, 7.25], "texture": "#2"},
				"down": {"uv": [14.625, 7.625, 14.5, 7.875], "texture": "#2"}
			}
		},
		{
			"from": [0.75, 2.49264, 24.94264],
			"to": [1.75, 4.49264, 26.94264],
			"rotation": {"angle": 0, "axis": "y", "origin": [6.375, 4.81875, 46.90923]},
			"faces": {
				"north": {"uv": [14.5, 8, 14.625, 8.25], "texture": "#2"},
				"east": {"uv": [13.875, 8.375, 14.125, 8.625], "texture": "#2"},
				"south": {"uv": [14.5, 9.5, 14.625, 9.75], "texture": "#2"},
				"west": {"uv": [8.875, 13.875, 9.125, 14.125], "texture": "#2"},
				"up": {"uv": [14.625, 10.125, 14.5, 9.875], "texture": "#2"},
				"down": {"uv": [11.75, 14.5, 11.625, 14.75], "texture": "#2"}
			}
		},
		{
			"from": [0.75, 0.75, 0.5],
			"to": [1.75, 3.75, 3.5],
			"rotation": {"angle": 0, "axis": "y", "origin": [8.375, 4.32611, 14.41659]},
			"faces": {
				"north": {"uv": [11.5, 12.75, 11.625, 13.125], "texture": "#2"},
				"east": {"uv": [2.25, 13, 2.625, 13.375], "texture": "#2"},
				"south": {"uv": [8.375, 13.875, 8.5, 14.25], "texture": "#2"},
				"west": {"uv": [2.75, 13, 3.125, 13.375], "texture": "#2"},
				"up": {"uv": [10.5, 14.25, 10.375, 13.875], "texture": "#2"},
				"down": {"uv": [4.875, 14, 4.75, 14.375], "texture": "#2"}
			}
		},
		{
			"from": [0.75, 0.75, 4],
			"to": [1.75, 3.75, 7],
			"rotation": {"angle": 0, "axis": "y", "origin": [8.375, 4.32611, 17.91659]},
			"faces": {
				"north": {"uv": [4.25, 14.125, 4.375, 14.5], "texture": "#2"},
				"east": {"uv": [13, 12.75, 13.375, 13.125], "texture": "#2"},
				"south": {"uv": [4.5, 14.125, 4.625, 14.5], "texture": "#2"},
				"west": {"uv": [0.5, 13.125, 0.875, 13.5], "texture": "#2"},
				"up": {"uv": [14.25, 10.875, 14.125, 10.5], "texture": "#2"},
				"down": {"uv": [14.25, 11, 14.125, 11.375], "texture": "#2"}
			}
		},
		{
			"from": [0.75, 0.75, 7.5],
			"to": [1.75, 3.75, 10.5],
			"rotation": {"angle": 0, "axis": "y", "origin": [8.375, 4.32611, 21.41659]},
			"faces": {
				"north": {"uv": [14.125, 11.5, 14.25, 11.875], "texture": "#2"},
				"east": {"uv": [3.25, 13.125, 3.625, 13.5], "texture": "#2"},
				"south": {"uv": [13.625, 14.125, 13.75, 14.5], "texture": "#2"},
				"west": {"uv": [5.125, 13.125, 5.5, 13.5], "texture": "#2"},
				"up": {"uv": [14.25, 14, 14.125, 13.625], "texture": "#2"},
				"down": {"uv": [14, 14.125, 13.875, 14.5], "texture": "#2"}
			}
		},
		{
			"from": [0.75, 0.75, 11],
			"to": [1.75, 3.75, 14],
			"rotation": {"angle": 0, "axis": "y", "origin": [8.375, 4.32611, 24.91659]},
			"faces": {
				"north": {"uv": [14.125, 14.125, 14.25, 14.5], "texture": "#2"},
				"east": {"uv": [8.625, 13.125, 9, 13.5], "texture": "#2"},
				"south": {"uv": [1, 14.25, 1.125, 14.625], "texture": "#2"},
				"west": {"uv": [9.125, 13.125, 9.5, 13.5], "texture": "#2"},
				"up": {"uv": [1.375, 14.625, 1.25, 14.25], "texture": "#2"},
				"down": {"uv": [1.625, 14.25, 1.5, 14.625], "texture": "#2"}
			}
		},
		{
			"from": [0.75, 0.75, 14.5],
			"to": [1.75, 3.75, 17.5],
			"rotation": {"angle": 0, "axis": "y", "origin": [8.375, 4.32611, 28.41659]},
			"faces": {
				"north": {"uv": [1.75, 14.25, 1.875, 14.625], "texture": "#2"},
				"east": {"uv": [9.625, 13.125, 10, 13.5], "texture": "#2"},
				"south": {"uv": [2.25, 14.25, 2.375, 14.625], "texture": "#2"},
				"west": {"uv": [3.75, 13.25, 4.125, 13.625], "texture": "#2"},
				"up": {"uv": [2.625, 14.625, 2.5, 14.25], "texture": "#2"},
				"down": {"uv": [2.875, 14.25, 2.75, 14.625], "texture": "#2"}
			}
		},
		{
			"from": [0.75, 0.75, 18],
			"to": [1.75, 3.75, 21],
			"rotation": {"angle": 0, "axis": "y", "origin": [8.375, 4.32611, 31.91659]},
			"faces": {
				"north": {"uv": [3, 14.25, 3.125, 14.625], "texture": "#2"},
				"east": {"uv": [4.25, 13.25, 4.625, 13.625], "texture": "#2"},
				"south": {"uv": [3.75, 14.25, 3.875, 14.625], "texture": "#2"},
				"west": {"uv": [13.25, 10.5, 13.625, 10.875], "texture": "#2"},
				"up": {"uv": [4.125, 14.625, 4, 14.25], "texture": "#2"},
				"down": {"uv": [14.375, 5, 14.25, 5.375], "texture": "#2"}
			}
		},
		{
			"from": [0.75, 0.75, 21.5],
			"to": [1.75, 3.75, 24.5],
			"rotation": {"angle": 0, "axis": "y", "origin": [8.375, 4.32611, 35.41659]},
			"faces": {
				"north": {"uv": [6.625, 14.25, 6.75, 14.625], "texture": "#2"},
				"east": {"uv": [10.625, 13.25, 11, 13.625], "texture": "#2"},
				"south": {"uv": [7.625, 14.25, 7.75, 14.625], "texture": "#2"},
				"west": {"uv": [11.125, 13.25, 11.5, 13.625], "texture": "#2"},
				"up": {"uv": [8, 14.625, 7.875, 14.25], "texture": "#2"},
				"down": {"uv": [8.25, 14.25, 8.125, 14.625], "texture": "#2"}
			}
		},
		{
			"from": [17.25, 2.49264, -1.80736],
			"to": [18.25, 4.49264, 0.19264],
			"rotation": {"angle": 0, "axis": "y", "origin": [1.875, 4.81875, 20.15923]},
			"faces": {
				"north": {"uv": [14.625, 2.25, 14.75, 2.5], "texture": "#2"},
				"east": {"uv": [10, 13.875, 10.25, 14.125], "texture": "#2"},
				"south": {"uv": [4.25, 14.625, 4.375, 14.875], "texture": "#2"},
				"west": {"uv": [13.25, 13.875, 13.5, 14.125], "texture": "#2"},
				"up": {"uv": [4.625, 14.875, 4.5, 14.625], "texture": "#2"},
				"down": {"uv": [14.75, 6, 14.625, 6.25], "texture": "#2"}
			}
		},
		{
			"from": [17.25, 0.75, 0.5],
			"to": [18.25, 3.75, 3.5],
			"rotation": {"angle": 0, "axis": "y", "origin": [3.875, 4.32611, 14.41659]},
			"faces": {
				"north": {"uv": [12, 14.375, 12.125, 14.75], "texture": "#2"},
				"east": {"uv": [13.5, 12.875, 13.875, 13.25], "texture": "#2"},
				"south": {"uv": [12.25, 14.375, 12.375, 14.75], "texture": "#2"},
				"west": {"uv": [13.5, 13.375, 13.875, 13.75], "texture": "#2"},
				"up": {"uv": [14.5, 14, 14.375, 13.625], "texture": "#2"},
				"down": {"uv": [14.5, 14.125, 14.375, 14.5], "texture": "#2"}
			}
		},
		{
			"from": [17.25, 0.75, 4],
			"to": [18.25, 3.75, 7],
			"rotation": {"angle": 0, "axis": "y", "origin": [3.875, 4.32611, 17.91659]},
			"faces": {
				"north": {"uv": [14.375, 10.375, 14.5, 10.75], "texture": "#2"},
				"east": {"uv": [2.75, 13.5, 3.125, 13.875], "texture": "#2"},
				"south": {"uv": [14.375, 10.875, 14.5, 11.25], "texture": "#2"},
				"west": {"uv": [13.5, 12.375, 13.875, 12.75], "texture": "#2"},
				"up": {"uv": [14.5, 11.75, 14.375, 11.375], "texture": "#2"},
				"down": {"uv": [14.5, 11.875, 14.375, 12.25], "texture": "#2"}
			}
		},
		{
			"from": [17.25, 0.75, 7.5],
			"to": [18.25, 3.75, 10.5],
			"rotation": {"angle": 0, "axis": "y", "origin": [3.875, 4.32611, 21.41659]},
			"faces": {
				"north": {"uv": [6.375, 14.375, 6.5, 14.75], "texture": "#2"},
				"east": {"uv": [1.5, 13.5, 1.875, 13.875], "texture": "#2"},
				"south": {"uv": [14.375, 6.5, 14.5, 6.875], "texture": "#2"},
				"west": {"uv": [2.25, 13.5, 2.625, 13.875], "texture": "#2"},
				"up": {"uv": [8.5, 14.75, 8.375, 14.375], "texture": "#2"},
				"down": {"uv": [10.5, 14.375, 10.375, 14.75], "texture": "#2"}
			}
		},
		{
			"from": [17.25, 0.75, 11],
			"to": [18.25, 3.75, 14],
			"rotation": {"angle": 0, "axis": "y", "origin": [3.875, 4.32611, 24.91659]},
			"faces": {
				"north": {"uv": [5, 14.375, 5.125, 14.75], "texture": "#2"},
				"east": {"uv": [1, 13.5, 1.375, 13.875], "texture": "#2"},
				"south": {"uv": [5.25, 14.375, 5.375, 14.75], "texture": "#2"},
				"west": {"uv": [13.5, 1.375, 13.875, 1.75], "texture": "#2"},
				"up": {"uv": [14.5, 6.375, 14.375, 6], "texture": "#2"},
				"down": {"uv": [6.25, 14.375, 6.125, 14.75], "texture": "#2"}
			}
		},
		{
			"from": [17.25, 0.75, 14.5],
			"to": [18.25, 3.75, 17.5],
			"rotation": {"angle": 0, "axis": "y", "origin": [3.875, 4.32611, 28.41659]},
			"faces": {
				"north": {"uv": [10.125, 14.25, 10.25, 14.625], "texture": "#2"},
				"east": {"uv": [10.125, 13.375, 10.5, 13.75], "texture": "#2"},
				"south": {"uv": [13.25, 14.25, 13.375, 14.625], "texture": "#2"},
				"west": {"uv": [13.5, 0.25, 13.875, 0.625], "texture": "#2"},
				"up": {"uv": [14.5, 2.25, 14.375, 1.875], "texture": "#2"},
				"down": {"uv": [14.5, 2.375, 14.375, 2.75], "texture": "#2"}
			}
		},
		{
			"from": [17.25, 0.75, 18],
			"to": [18.25, 3.75, 21],
			"rotation": {"angle": 0, "axis": "y", "origin": [3.875, 4.32611, 31.91659]},
			"faces": {
				"north": {"uv": [9.375, 14.25, 9.5, 14.625], "texture": "#2"},
				"east": {"uv": [7.625, 13.375, 8, 13.75], "texture": "#2"},
				"south": {"uv": [9.625, 14.25, 9.75, 14.625], "texture": "#2"},
				"west": {"uv": [8.125, 13.375, 8.5, 13.75], "texture": "#2"},
				"up": {"uv": [10, 14.625, 9.875, 14.25], "texture": "#2"},
				"down": {"uv": [14.375, 9.875, 14.25, 10.25], "texture": "#2"}
			}
		},
		{
			"from": [17.25, 0.75, 21.5],
			"to": [18.25, 3.75, 24.5],
			"rotation": {"angle": 0, "axis": "y", "origin": [3.875, 4.32611, 35.41659]},
			"faces": {
				"north": {"uv": [14.25, 8.125, 14.375, 8.5], "texture": "#2"},
				"east": {"uv": [12.5, 13.25, 12.875, 13.625], "texture": "#2"},
				"south": {"uv": [8.625, 14.25, 8.75, 14.625], "texture": "#2"},
				"west": {"uv": [13, 13.25, 13.375, 13.625], "texture": "#2"},
				"up": {"uv": [9, 14.625, 8.875, 14.25], "texture": "#2"},
				"down": {"uv": [9.25, 14.25, 9.125, 14.625], "texture": "#2"}
			}
		},
		{
			"from": [17.25, 2.49264, 24.94264],
			"to": [18.25, 4.49264, 26.94264],
			"rotation": {"angle": 0, "axis": "y", "origin": [1.875, 4.81875, 46.90923]},
			"faces": {
				"north": {"uv": [14.5, 12.375, 14.625, 12.625], "texture": "#2"},
				"east": {"uv": [9.25, 13.875, 9.5, 14.125], "texture": "#2"},
				"south": {"uv": [14.5, 12.75, 14.625, 13], "texture": "#2"},
				"west": {"uv": [9.625, 13.875, 9.875, 14.125], "texture": "#2"},
				"up": {"uv": [14.625, 13.375, 14.5, 13.125], "texture": "#2"},
				"down": {"uv": [14.75, 1.875, 14.625, 2.125], "texture": "#2"}
			}
		},
		{
			"from": [-0.25, 4.24264, 12.99264],
			"to": [2.75, 4.99264, 28.74264],
			"rotation": {"angle": 0, "axis": "y", "origin": [8.375, 4.57611, 14.41659]},
			"faces": {
				"north": {"uv": [14, 0.25, 14.375, 0.375], "texture": "#2"},
				"east": {"uv": [12.125, 4.25, 14.125, 4.375], "texture": "#2"},
				"south": {"uv": [14, 0.5, 14.375, 0.625], "texture": "#2"},
				"west": {"uv": [12.125, 10.25, 14.125, 10.375], "texture": "#2"},
				"up": {"uv": [4.75, 11.75, 4.375, 9.75], "texture": "#2"},
				"down": {"uv": [5.25, 9.75, 4.875, 11.75], "texture": "#2"}
			}
		},
		{
			"from": [-0.25, 4.24264, -3.74264],
			"to": [2.75, 4.99264, 14.00736],
			"rotation": {"angle": 0, "axis": "y", "origin": [8.375, 4.57611, 11.41659]},
			"faces": {
				"north": {"uv": [13.875, 12.125, 14.25, 12.25], "texture": "#2"},
				"east": {"uv": [11.75, 11.875, 14, 12], "texture": "#2"},
				"south": {"uv": [13.625, 13.875, 14, 14], "texture": "#2"},
				"west": {"uv": [12.125, 3.5, 14.375, 3.625], "texture": "#2"},
				"up": {"uv": [1.375, 11.375, 1, 9.125], "texture": "#2"},
				"down": {"uv": [1.875, 9.125, 1.5, 11.375], "texture": "#2"}
			}
		},
		{
			"from": [-0.25, -6.37889, 0.93319],
			"to": [2.75, -5.62889, 6.93319],
			"rotation": {"angle": 45, "axis": "x", "origin": [8.375, 4.57611, 11.41659]},
			"faces": {
				"north": {"uv": [13.875, 1.875, 14.25, 2], "texture": "#2"},
				"east": {"uv": [13, 1.875, 13.75, 2], "texture": "#2"},
				"south": {"uv": [13.875, 8.75, 14.25, 8.875], "texture": "#2"},
				"west": {"uv": [13.625, 1.125, 14.375, 1.25], "texture": "#2"},
				"up": {"uv": [4.75, 12.625, 4.375, 11.875], "texture": "#2"},
				"down": {"uv": [5.25, 11.875, 4.875, 12.625], "texture": "#2"}
			}
		},
		{
			"from": [-0.25, -0.61352, 25.98116],
			"to": [2.75, 5.38648, 26.73116],
			"rotation": {"angle": 45, "axis": "x", "origin": [1.25, 2.38648, 26.35616]},
			"faces": {
				"north": {"uv": [7.625, 12, 8, 12.75], "texture": "#2"},
				"east": {"uv": [0.5, 13.625, 0.625, 14.375], "texture": "#2"},
				"south": {"uv": [8.125, 12, 8.5, 12.75], "texture": "#2"},
				"west": {"uv": [0.75, 13.625, 0.875, 14.375], "texture": "#2"},
				"up": {"uv": [14.375, 13.25, 14, 13.125], "texture": "#2"},
				"down": {"uv": [14.375, 13.375, 14, 13.5], "texture": "#2"}
			}
		},
		{
			"from": [16.25, -6.37889, 0.93319],
			"to": [19.25, -5.62889, 6.93319],
			"rotation": {"angle": 45, "axis": "x", "origin": [10.625, 4.57611, 11.41659]},
			"faces": {
				"north": {"uv": [0.5, 14.5, 0.875, 14.625], "texture": "#2"},
				"east": {"uv": [13.625, 7.25, 14.375, 7.375], "texture": "#2"},
				"south": {"uv": [14.5, 0.5, 14.875, 0.625], "texture": "#2"},
				"west": {"uv": [13.625, 7.875, 14.375, 8], "texture": "#2"},
				"up": {"uv": [2.625, 12.875, 2.25, 12.125], "texture": "#2"},
				"down": {"uv": [3.125, 12.125, 2.75, 12.875], "texture": "#2"}
			}
		},
		{
			"from": [16.25, 4.24264, -3.74264],
			"to": [19.25, 4.99264, 14.00736],
			"rotation": {"angle": 0, "axis": "y", "origin": [10.625, 4.57611, 11.41659]},
			"faces": {
				"north": {"uv": [0, 14.5, 0.375, 14.625], "texture": "#2"},
				"east": {"uv": [12.125, 3.75, 14.375, 3.875], "texture": "#2"},
				"south": {"uv": [14.5, 0.25, 14.875, 0.375], "texture": "#2"},
				"west": {"uv": [12.125, 4, 14.375, 4.125], "texture": "#2"},
				"up": {"uv": [3.75, 12, 3.375, 9.75], "texture": "#2"},
				"down": {"uv": [4.25, 9.75, 3.875, 12], "texture": "#2"}
			}
		},
		{
			"from": [16.25, 0, 0.5],
			"to": [19.25, 0.75, 24.5],
			"rotation": {"angle": 0, "axis": "y", "origin": [10.625, 4.57611, 14.41659]},
			"faces": {
				"north": {"uv": [14.375, 0.75, 14.75, 0.875], "texture": "#2"},
				"east": {"uv": [11.5, 9, 14.5, 9.125], "texture": "#2"},
				"south": {"uv": [14.375, 8.625, 14.75, 8.75], "texture": "#2"},
				"west": {"uv": [8.625, 11.875, 11.625, 12], "texture": "#2"},
				"up": {"uv": [7, 11, 6.625, 8], "texture": "#2"},
				"down": {"uv": [7.5, 8, 7.125, 11], "texture": "#2"}
			}
		},
		{
			"from": [16.25, -0.61352, 25.98116],
			"to": [19.25, 5.38648, 26.73116],
			"rotation": {"angle": 45, "axis": "x", "origin": [17.75, 2.38648, 26.35616]},
			"faces": {
				"north": {"uv": [1, 12.125, 1.375, 12.875], "texture": "#2"},
				"east": {"uv": [3.25, 13.625, 3.375, 14.375], "texture": "#2"},
				"south": {"uv": [1.5, 12.125, 1.875, 12.875], "texture": "#2"},
				"west": {"uv": [3.5, 13.625, 3.625, 14.375], "texture": "#2"},
				"up": {"uv": [14.625, 3.25, 14.25, 3.125], "texture": "#2"},
				"down": {"uv": [14.625, 4.25, 14.25, 4.375], "texture": "#2"}
			}
		},
		{
			"from": [16.25, 4.24264, 12.99264],
			"to": [19.25, 4.99264, 28.74264],
			"rotation": {"angle": 0, "axis": "y", "origin": [10.625, 4.57611, 14.41659]},
			"faces": {
				"north": {"uv": [14.125, 9.25, 14.5, 9.375], "texture": "#2"},
				"east": {"uv": [12.375, 4.5, 14.375, 4.625], "texture": "#2"},
				"south": {"uv": [14.25, 0, 14.625, 0.125], "texture": "#2"},
				"west": {"uv": [12.375, 4.75, 14.375, 4.875], "texture": "#2"},
				"up": {"uv": [8, 11.875, 7.625, 9.875], "texture": "#2"},
				"down": {"uv": [8.5, 9.875, 8.125, 11.875], "texture": "#2"}
			}
		},
		{
			"from": [-0.25, 4.99264, -5.74264],
			"to": [2.75, 7.99264, 30.25736],
			"rotation": {"angle": 0, "axis": "y", "origin": [-0.25, -2.00736, -3.74264]},
			"faces": {
				"north": {"uv": [12.75, 10.5, 13.125, 10.875], "texture": "#2"},
				"east": {"uv": [5.625, 7, 10.125, 7.375], "texture": "#2"},
				"south": {"uv": [11, 12.75, 11.375, 13.125], "texture": "#2"},
				"west": {"uv": [5.625, 7.5, 10.125, 7.875], "texture": "#2"},
				"up": {"uv": [2.75, 11.375, 2.375, 6.875], "texture": "#2"},
				"down": {"uv": [3.25, 6.875, 2.875, 11.375], "texture": "#2"}
			}
		},
		{
			"from": [-1.25, 2.99264, -5.74264],
			"to": [-0.25, 7.99264, 30.25736],
			"rotation": {"angle": 0, "axis": "y", "origin": [-0.25, -2.00736, -4.74264]},
			"faces": {
				"north": {"uv": [5.125, 13.625, 5.25, 14.25], "texture": "#2"},
				"east": {"uv": [5.625, 3, 10.125, 3.625], "texture": "#2"},
				"south": {"uv": [5.375, 13.625, 5.5, 14.25], "texture": "#2"},
				"west": {"uv": [5.625, 3.75, 10.125, 4.375], "texture": "#2"},
				"up": {"uv": [5.5, 13, 5.375, 8.5], "texture": "#2"},
				"down": {"uv": [2.125, 9.125, 2, 13.625], "texture": "#2"}
			}
		},
		{
			"from": [19.25, 2.99264, -5.74264],
			"to": [20.25, 7.99264, 30.25736],
			"rotation": {"angle": 0, "axis": "y", "origin": [-4.75, -2.00736, -4.74264]},
			"faces": {
				"north": {"uv": [6.125, 13.625, 6.25, 14.25], "texture": "#2"},
				"east": {"uv": [5.625, 4.5, 10.125, 5.125], "texture": "#2"},
				"south": {"uv": [6.375, 13.625, 6.5, 14.25], "texture": "#2"},
				"west": {"uv": [5.625, 5.25, 10.125, 5.875], "texture": "#2"},
				"up": {"uv": [5.75, 15.625, 5.625, 11.125], "texture": "#2"},
				"down": {"uv": [6, 11.125, 5.875, 15.625], "texture": "#2"}
			}
		},
		{
			"from": [2.75, 6.99264, -6.74264],
			"to": [16.25, 7.99264, 30.25736],
			"rotation": {"angle": 0, "axis": "y", "origin": [-0.25, -2.00736, -3.74264]},
			"faces": {
				"north": {"uv": [12.375, 5, 14.0625, 5.125], "texture": "#2"},
				"east": {"uv": [10.25, 5.5, 14.875, 5.625], "texture": "#2"},
				"south": {"uv": [12.375, 5.25, 14.0625, 5.375], "texture": "#2"},
				"west": {"uv": [10.25, 5.75, 14.875, 5.875], "texture": "#2"},
				"up": {"uv": [1.6875, 4.625, 0, 0], "texture": "#2"},
				"down": {"uv": [3.5625, 0, 1.875, 4.625], "texture": "#2"}
			}
		},
		{
			"from": [2.75, 4.99264, 28.25736],
			"to": [16.25, 8.99264, 31.25736],
			"rotation": {"angle": 0, "axis": "y", "origin": [-0.25, -2.00736, -0.74264]},
			"faces": {
				"north": {"uv": [9.625, 8, 11.3125, 8.5], "texture": "#2"},
				"east": {"uv": [0.5, 12.5, 0.875, 13], "texture": "#2"},
				"south": {"uv": [9.625, 8.625, 11.3125, 9.125], "texture": "#2"},
				"west": {"uv": [9.625, 12.5, 10, 13], "texture": "#2"},
				"up": {"uv": [11.9375, 3.875, 10.25, 3.5], "texture": "#2"},
				"down": {"uv": [11.9375, 4, 10.25, 4.375], "texture": "#2"}
			}
		},
		{
			"from": [2.75, 4.57843, 27.58579],
			"to": [16.25, 6.57843, 29.58579],
			"rotation": {"angle": 45, "axis": "x", "origin": [9.5, 5.57843, 28.58579]},
			"faces": {
				"north": {"uv": [8, 6.625, 9.6875, 6.875], "texture": "#2"},
				"east": {"uv": [3, 11.5, 3.25, 11.75], "texture": "#2"},
				"south": {"uv": [11.125, 1.375, 12.8125, 1.625], "texture": "#2"},
				"west": {"uv": [9.25, 12.625, 9.5, 12.875], "texture": "#2"},
				"up": {"uv": [12.8125, 2, 11.125, 1.75], "texture": "#2"},
				"down": {"uv": [10.3125, 11.125, 8.625, 11.375], "texture": "#2"}
			}
		},
		{
			"from": [0.75, 7.99264, 19.25736],
			"to": [18.25, 9.49264, 30.25736],
			"rotation": {"angle": 0, "axis": "y", "origin": [-0.25, -8.00736, -0.74264]},
			"faces": {
				"north": {"uv": [10.5, 11.125, 12.6875, 11.3125], "texture": "#2"},
				"east": {"uv": [9.625, 12.125, 11, 12.3125], "texture": "#2"},
				"south": {"uv": [11.375, 9.25, 13.5625, 9.4375], "texture": "#2"},
				"west": {"uv": [12.125, 9.875, 13.5, 10.0625], "texture": "#2"},
				"up": {"uv": [7.8125, 1.375, 5.625, 0], "texture": "#2"},
				"down": {"uv": [7.8125, 1.5, 5.625, 2.875], "texture": "#2"}
			}
		},
		{
			"from": [0.75, 4.98303, 13.40438],
			"to": [18.25, 7.48303, 20.15438],
			"rotation": {"angle": -22.5, "axis": "x", "origin": [9.5, 6.23303, 14.65438]},
			"faces": {
				"north": {"uv": [10.125, 6, 12.3125, 6.3125], "texture": "#2"},
				"east": {"uv": [3.25, 12.125, 4.125, 12.4375], "texture": "#2"},
				"south": {"uv": [10.125, 6.5, 12.3125, 6.8125], "texture": "#2"},
				"west": {"uv": [8.625, 12.125, 9.5, 12.4375], "texture": "#2"},
				"up": {"uv": [7.8125, 6.875, 5.625, 6], "texture": "#2"},
				"down": {"uv": [2.1875, 6.875, 0, 7.75], "texture": "#2"}
			}
		},
		{
			"from": [2.75, -5.17462, -11.36827],
			"to": [16.25, -4.17462, -7.36827],
			"rotation": {"angle": 45, "axis": "x", "origin": [11, -4.67462, 5.63173]},
			"faces": {
				"north": {"uv": [12.5, 6, 14.1875, 6.125], "texture": "#2"},
				"east": {"uv": [13, 0.75, 13.5, 0.875], "texture": "#2"},
				"south": {"uv": [12.5, 6.25, 14.1875, 6.375], "texture": "#2"},
				"west": {"uv": [13.625, 8.125, 14.125, 8.25], "texture": "#2"},
				"up": {"uv": [9.3125, 9.75, 7.625, 9.25], "texture": "#2"},
				"down": {"uv": [11.1875, 9.25, 9.5, 9.75], "texture": "#2"}
			}
		},
		{
			"from": [2.75, 4.16421, -3.91421],
			"to": [16.25, 5.16421, 28.58579],
			"rotation": {"angle": 0, "axis": "x", "origin": [11, 4.66421, 1.08579]},
			"faces": {
				"north": {"uv": [12.5, 6.5, 14.1875, 6.625], "texture": "#2"},
				"east": {"uv": [10.25, 7.625, 14.3125, 7.75], "texture": "#2"},
				"south": {"uv": [12.5, 6.75, 14.1875, 6.875], "texture": "#2"},
				"west": {"uv": [11, 2.875, 15.0625, 3], "texture": "#2"},
				"up": {"uv": [5.4375, 4.0625, 3.75, 0], "texture": "#2"},
				"down": {"uv": [5.4375, 4.25, 3.75, 8.3125], "texture": "#2"}
			}
		},
		{
			"from": [16.25, 4.99264, -5.74264],
			"to": [19.25, 7.99264, 30.25736],
			"rotation": {"angle": 0, "axis": "y", "origin": [19.25, -2.00736, -3.74264]},
			"faces": {
				"north": {"uv": [12.5, 12.75, 12.875, 13.125], "texture": "#2"},
				"east": {"uv": [8, 0, 12.5, 0.375], "texture": "#2"},
				"south": {"uv": [7.625, 12.875, 8, 13.25], "texture": "#2"},
				"west": {"uv": [8, 0.5, 12.5, 0.875], "texture": "#2"},
				"up": {"uv": [0.375, 12.375, 0, 7.875], "texture": "#2"},
				"down": {"uv": [0.875, 7.875, 0.5, 12.375], "texture": "#2"}
			}
		}
	],
	"display": {
		"head": {
			"translation": [-5.5, -11, -11.25],
			"scale": [4, 4, 4]
		}
	}
}