{
	"credit": "Made with Blockbench",
	"texture_size": [128, 128],
	"textures": {
		"0": "block/vehiles/tank/t90",
		"particle": "block/vehiles/tank/t90"
	},
	"elements": [
		{
			"from": [-2.1475, 0, 0.4355],
			"to": [1.5425, 0.9225, 26.2655],
			"rotation": {"angle": 0, "axis": "y", "origin": [8.46125, 5.62862, 13.86291]},
			"faces": {
				"north": {"uv": [11.5, 3.75, 11.875, 3.875], "texture": "#0"},
				"east": {"uv": [9.5, 9.5, 6.875, 9.625], "texture": "#0"},
				"south": {"uv": [4.5, 11.625, 4.875, 11.75], "texture": "#0"},
				"west": {"uv": [6.875, 9.5, 9.5, 9.625], "texture": "#0"},
				"up": {"uv": [6.5, 4.625, 6.125, 2], "texture": "#0"},
				"down": {"uv": [6.5, 4.75, 6.125, 7.375], "texture": "#0"}
			}
		},
		{
			"from": [-1.225, 0.9225, 0.4355],
			"to": [0.62, 3.3825, 2.8955],
			"rotation": {"angle": 0, "axis": "y", "origin": [8.46125, 5.32112, 13.86291]},
			"faces": {
				"north": {"uv": [13.25, 11.375, 13.4375, 11.625], "texture": "#0"},
				"east": {"uv": [12.75, 2.875, 13, 3.125], "texture": "#0"},
				"south": {"uv": [13.25, 11.75, 13.4375, 12], "texture": "#0"},
				"west": {"uv": [12.75, 3.25, 13, 3.5], "texture": "#0"},
				"up": {"uv": [12.4375, 13.5, 12.25, 13.25], "texture": "#0"},
				"down": {"uv": [12.8125, 13.25, 12.625, 13.5], "texture": "#0"}
			}
		},
		{
			"from": [-1.225, 0.9225, 4.433],
			"to": [0.62, 3.3825, 6.893],
			"rotation": {"angle": 0, "axis": "y", "origin": [8.46125, 5.32112, 14.17041]},
			"faces": {
				"north": {"uv": [13.25, 11.375, 13.4375, 11.625], "texture": "#0"},
				"east": {"uv": [12.75, 2.875, 13, 3.125], "texture": "#0"},
				"south": {"uv": [13.25, 11.75, 13.4375, 12], "texture": "#0"},
				"west": {"uv": [12.75, 3.25, 13, 3.5], "texture": "#0"},
				"up": {"uv": [12.4375, 13.5, 12.25, 13.25], "texture": "#0"},
				"down": {"uv": [12.8125, 13.25, 12.625, 13.5], "texture": "#0"}
			}
		},
		{
			"from": [-1.225, 0.9225, 12.1205],
			"to": [0.62, 3.3825, 14.5805],
			"rotation": {"angle": 0, "axis": "y", "origin": [8.46125, 5.32112, 14.17041]},
			"faces": {
				"north": {"uv": [13.25, 11.375, 13.4375, 11.625], "texture": "#0"},
				"east": {"uv": [12.75, 2.875, 13, 3.125], "texture": "#0"},
				"south": {"uv": [13.25, 11.75, 13.4375, 12], "texture": "#0"},
				"west": {"uv": [12.75, 3.25, 13, 3.5], "texture": "#0"},
				"up": {"uv": [12.4375, 13.5, 12.25, 13.25], "texture": "#0"},
				"down": {"uv": [12.8125, 13.25, 12.625, 13.5], "texture": "#0"}
			}
		},
		{
			"from": [-1.225, 0.9225, 15.8105],
			"to": [0.62, 3.3825, 18.2705],
			"rotation": {"angle": 0, "axis": "y", "origin": [8.46125, 5.32112, 14.17041]},
			"faces": {
				"north": {"uv": [13.25, 11.375, 13.4375, 11.625], "texture": "#0"},
				"east": {"uv": [12.75, 2.875, 13, 3.125], "texture": "#0"},
				"south": {"uv": [13.25, 11.75, 13.4375, 12], "texture": "#0"},
				"west": {"uv": [12.75, 3.25, 13, 3.5], "texture": "#0"},
				"up": {"uv": [12.4375, 13.5, 12.25, 13.25], "texture": "#0"},
				"down": {"uv": [12.8125, 13.25, 12.625, 13.5], "texture": "#0"}
			}
		},
		{
			"from": [-1.225, 0.9225, 19.808],
			"to": [0.62, 3.3825, 22.268],
			"rotation": {"angle": 0, "axis": "y", "origin": [8.46125, 5.32112, 14.17041]},
			"faces": {
				"north": {"uv": [13.25, 11.375, 13.4375, 11.625], "texture": "#0"},
				"east": {"uv": [12.75, 2.875, 13, 3.125], "texture": "#0"},
				"south": {"uv": [13.25, 11.75, 13.4375, 12], "texture": "#0"},
				"west": {"uv": [12.75, 3.25, 13, 3.5], "texture": "#0"},
				"up": {"uv": [12.4375, 13.5, 12.25, 13.25], "texture": "#0"},
				"down": {"uv": [12.8125, 13.25, 12.625, 13.5], "texture": "#0"}
			}
		},
		{
			"from": [-1.225, 0.9225, 23.8055],
			"to": [0.62, 3.3825, 26.2655],
			"rotation": {"angle": 0, "axis": "y", "origin": [8.46125, 5.32112, 14.17041]},
			"faces": {
				"north": {"uv": [13.25, 11.375, 13.4375, 11.625], "texture": "#0"},
				"east": {"uv": [12.75, 2.875, 13, 3.125], "texture": "#0"},
				"south": {"uv": [13.25, 11.75, 13.4375, 12], "texture": "#0"},
				"west": {"uv": [12.75, 3.25, 13, 3.5], "texture": "#0"},
				"up": {"uv": [12.4375, 13.5, 12.25, 13.25], "texture": "#0"},
				"down": {"uv": [12.8125, 13.25, 12.625, 13.5], "texture": "#0"}
			}
		},
		{
			"from": [-1.225, 0.9225, 8.4305],
			"to": [0.62, 3.3825, 10.8905],
			"rotation": {"angle": 0, "axis": "y", "origin": [8.46125, 5.32112, 13.86291]},
			"faces": {
				"north": {"uv": [13.25, 11.375, 13.4375, 11.625], "texture": "#0"},
				"east": {"uv": [12.75, 2.875, 13, 3.125], "texture": "#0"},
				"south": {"uv": [13.25, 11.75, 13.4375, 12], "texture": "#0"},
				"west": {"uv": [12.75, 3.25, 13, 3.5], "texture": "#0"},
				"up": {"uv": [12.4375, 13.5, 12.25, 13.25], "texture": "#0"},
				"down": {"uv": [12.8125, 13.25, 12.625, 13.5], "texture": "#0"}
			}
		},
		{
			"from": [15.995, 0.9225, 0.4355],
			"to": [17.84, 3.3825, 2.8955],
			"rotation": {"angle": 0, "axis": "y", "origin": [1.38875, 5.32112, 13.86291]},
			"faces": {
				"north": {"uv": [13.4375, 11.375, 13.25, 11.625], "texture": "#0"},
				"east": {"uv": [13, 3.25, 12.75, 3.5], "texture": "#0"},
				"south": {"uv": [13.4375, 11.75, 13.25, 12], "texture": "#0"},
				"west": {"uv": [13, 2.875, 12.75, 3.125], "texture": "#0"},
				"up": {"uv": [12.25, 13.5, 12.4375, 13.25], "texture": "#0"},
				"down": {"uv": [12.625, 13.25, 12.8125, 13.5], "texture": "#0"}
			}
		},
		{
			"from": [15.995, 0.9225, 4.433],
			"to": [17.84, 3.3825, 6.893],
			"rotation": {"angle": 0, "axis": "y", "origin": [1.38875, 5.32112, 14.17041]},
			"faces": {
				"north": {"uv": [13.4375, 11.375, 13.25, 11.625], "texture": "#0"},
				"east": {"uv": [13, 3.25, 12.75, 3.5], "texture": "#0"},
				"south": {"uv": [13.4375, 11.75, 13.25, 12], "texture": "#0"},
				"west": {"uv": [13, 2.875, 12.75, 3.125], "texture": "#0"},
				"up": {"uv": [12.25, 13.5, 12.4375, 13.25], "texture": "#0"},
				"down": {"uv": [12.625, 13.25, 12.8125, 13.5], "texture": "#0"}
			}
		},
		{
			"from": [15.995, 0.9225, 8.4305],
			"to": [17.84, 3.3825, 10.8905],
			"rotation": {"angle": 0, "axis": "y", "origin": [1.38875, 5.32112, 13.86291]},
			"faces": {
				"north": {"uv": [13.4375, 11.375, 13.25, 11.625], "texture": "#0"},
				"east": {"uv": [13, 3.25, 12.75, 3.5], "texture": "#0"},
				"south": {"uv": [13.4375, 11.75, 13.25, 12], "texture": "#0"},
				"west": {"uv": [13, 2.875, 12.75, 3.125], "texture": "#0"},
				"up": {"uv": [12.25, 13.5, 12.4375, 13.25], "texture": "#0"},
				"down": {"uv": [12.625, 13.25, 12.8125, 13.5], "texture": "#0"}
			}
		},
		{
			"from": [15.995, 0.9225, 12.1205],
			"to": [17.84, 3.3825, 14.5805],
			"rotation": {"angle": 0, "axis": "y", "origin": [1.38875, 5.32112, 14.17041]},
			"faces": {
				"north": {"uv": [13.4375, 11.375, 13.25, 11.625], "texture": "#0"},
				"east": {"uv": [13, 3.25, 12.75, 3.5], "texture": "#0"},
				"south": {"uv": [13.4375, 11.75, 13.25, 12], "texture": "#0"},
				"west": {"uv": [13, 2.875, 12.75, 3.125], "texture": "#0"},
				"up": {"uv": [12.25, 13.5, 12.4375, 13.25], "texture": "#0"},
				"down": {"uv": [12.625, 13.25, 12.8125, 13.5], "texture": "#0"}
			}
		},
		{
			"from": [15.995, 0.9225, 15.8105],
			"to": [17.84, 3.3825, 18.2705],
			"rotation": {"angle": 0, "axis": "y", "origin": [1.38875, 5.32112, 14.17041]},
			"faces": {
				"north": {"uv": [13.4375, 11.375, 13.25, 11.625], "texture": "#0"},
				"east": {"uv": [13, 3.25, 12.75, 3.5], "texture": "#0"},
				"south": {"uv": [13.4375, 11.75, 13.25, 12], "texture": "#0"},
				"west": {"uv": [13, 2.875, 12.75, 3.125], "texture": "#0"},
				"up": {"uv": [12.25, 13.5, 12.4375, 13.25], "texture": "#0"},
				"down": {"uv": [12.625, 13.25, 12.8125, 13.5], "texture": "#0"}
			}
		},
		{
			"from": [15.995, 0.9225, 19.808],
			"to": [17.84, 3.3825, 22.268],
			"rotation": {"angle": 0, "axis": "y", "origin": [1.38875, 5.32112, 14.17041]},
			"faces": {
				"north": {"uv": [13.4375, 11.375, 13.25, 11.625], "texture": "#0"},
				"east": {"uv": [13, 3.25, 12.75, 3.5], "texture": "#0"},
				"south": {"uv": [13.4375, 11.75, 13.25, 12], "texture": "#0"},
				"west": {"uv": [13, 2.875, 12.75, 3.125], "texture": "#0"},
				"up": {"uv": [12.25, 13.5, 12.4375, 13.25], "texture": "#0"},
				"down": {"uv": [12.625, 13.25, 12.8125, 13.5], "texture": "#0"}
			}
		},
		{
			"from": [15.995, 0.9225, 23.8055],
			"to": [17.84, 3.3825, 26.2655],
			"rotation": {"angle": 0, "axis": "y", "origin": [1.38875, 5.32112, 14.17041]},
			"faces": {
				"north": {"uv": [13.4375, 11.375, 13.25, 11.625], "texture": "#0"},
				"east": {"uv": [13, 3.25, 12.75, 3.5], "texture": "#0"},
				"south": {"uv": [13.4375, 11.75, 13.25, 12], "texture": "#0"},
				"west": {"uv": [13, 2.875, 12.75, 3.125], "texture": "#0"},
				"up": {"uv": [12.25, 13.5, 12.4375, 13.25], "texture": "#0"},
				"down": {"uv": [12.625, 13.25, 12.8125, 13.5], "texture": "#0"}
			}
		},
		{
			"from": [-1.225, 3.41075, -1.67065],
			"to": [0.62, 5.25575, 0.17435],
			"rotation": {"angle": 0, "axis": "y", "origin": [-0.3025, 4.33325, -0.74815]},
			"faces": {
				"north": {"uv": [6, 13.75, 6.1875, 13.9375], "texture": "#0"},
				"east": {"uv": [13.75, 7.625, 13.9375, 7.8125], "texture": "#0"},
				"south": {"uv": [13.75, 8, 13.9375, 8.1875], "texture": "#0"},
				"west": {"uv": [13.75, 8.375, 13.9375, 8.5625], "texture": "#0"},
				"up": {"uv": [8.9375, 13.9375, 8.75, 13.75], "texture": "#0"},
				"down": {"uv": [13.9375, 9.25, 13.75, 9.4375], "texture": "#0"}
			}
		},
		{
			"from": [-1.225, 3.41075, 26.5271],
			"to": [0.62, 5.25575, 28.3721],
			"rotation": {"angle": 0, "axis": "y", "origin": [-0.3025, 4.33325, -0.74815]},
			"faces": {
				"north": {"uv": [9.625, 13.75, 9.8125, 13.9375], "texture": "#0"},
				"east": {"uv": [13.75, 10.125, 13.9375, 10.3125], "texture": "#0"},
				"south": {"uv": [11.125, 13.75, 11.3125, 13.9375], "texture": "#0"},
				"west": {"uv": [13.75, 13.625, 13.9375, 13.8125], "texture": "#0"},
				"up": {"uv": [14.0625, 0.9375, 13.875, 0.75], "texture": "#0"},
				"down": {"uv": [14.0625, 1.125, 13.875, 1.3125], "texture": "#0"}
			}
		},
		{
			"from": [15.995, 3.41075, -1.67065],
			"to": [17.84, 5.25575, 0.17435],
			"rotation": {"angle": 0, "axis": "y", "origin": [-0.3025, 4.33325, -0.74815]},
			"faces": {
				"north": {"uv": [13.875, 10.875, 14.0625, 11.0625], "texture": "#0"},
				"east": {"uv": [13.75, 13.625, 13.9375, 13.8125], "texture": "#0"},
				"south": {"uv": [13.875, 11.625, 14.0625, 11.8125], "texture": "#0"},
				"west": {"uv": [13.875, 12, 14.0625, 12.1875], "texture": "#0"},
				"up": {"uv": [14.0625, 12.5625, 13.875, 12.375], "texture": "#0"},
				"down": {"uv": [12.9375, 13.875, 12.75, 14.0625], "texture": "#0"}
			}
		},
		{
			"from": [15.995, 3.41075, 26.5271],
			"to": [17.84, 5.25575, 28.3721],
			"rotation": {"angle": 0, "axis": "y", "origin": [-0.3025, 4.33325, -0.74815]},
			"faces": {
				"north": {"uv": [13.875, 1.5, 14.0625, 1.6875], "texture": "#0"},
				"east": {"uv": [13.75, 13.625, 13.9375, 13.8125], "texture": "#0"},
				"south": {"uv": [8.25, 13.875, 8.4375, 14.0625], "texture": "#0"},
				"west": {"uv": [13.875, 8.75, 14.0625, 8.9375], "texture": "#0"},
				"up": {"uv": [9.3125, 14.0625, 9.125, 13.875], "texture": "#0"},
				"down": {"uv": [14.0625, 10.5, 13.875, 10.6875], "texture": "#0"}
			}
		},
		{
			"from": [-2.1475, -7.84603, 0.96832],
			"to": [1.5425, -6.92353, 8.34832],
			"rotation": {"angle": 45, "axis": "x", "origin": [8.46125, 5.62862, 13.86291]},
			"faces": {
				"north": {"uv": [13.125, 0, 13.5, 0.125], "texture": "#0"},
				"east": {"uv": [12.75, 9, 12, 9.125], "texture": "#0"},
				"south": {"uv": [13.125, 0.25, 13.5, 0.375], "texture": "#0"},
				"west": {"uv": [12, 9, 12.75, 9.125], "texture": "#0"},
				"up": {"uv": [0.375, 10.625, 0, 9.875], "texture": "#0"},
				"down": {"uv": [0.875, 10, 0.5, 10.75], "texture": "#0"}
			}
		},
		{
			"from": [-2.1475, 5.21845, -4.78295],
			"to": [1.5425, 6.14095, 14.58955],
			"rotation": {"angle": 0, "axis": "x", "origin": [8.46125, 5.62862, 13.86291]},
			"faces": {
				"north": {"uv": [1, 13.125, 1.375, 13.25], "texture": "#0"},
				"east": {"uv": [10.5, 7.75, 12.5, 7.875], "texture": "#0"},
				"south": {"uv": [1.75, 13.125, 2.125, 13.25], "texture": "#0"},
				"west": {"uv": [10.5, 8, 12.5, 8.125], "texture": "#0"},
				"up": {"uv": [2.5, 9.125, 2.125, 7.125], "texture": "#0"},
				"down": {"uv": [3, 7.125, 2.625, 9.125], "texture": "#0"}
			}
		},
		{
			"from": [1.5425, 6.14095, -4.78295],
			"to": [15.38, 7.06345, 28.42705],
			"rotation": {"angle": 0, "axis": "x", "origin": [8.46125, 5.62862, 13.86291]},
			"faces": {
				"north": {"uv": [10.75, 2.25, 12.1875, 2.375], "texture": "#0"},
				"east": {"uv": [8.75, 4.5, 12.125, 4.625], "texture": "#0"},
				"south": {"uv": [6.875, 11.25, 8.3125, 11.375], "texture": "#0"},
				"west": {"uv": [8.5, 9, 11.875, 9.125], "texture": "#0"},
				"up": {"uv": [1.4375, 3.375, 0, 0], "texture": "#0"},
				"down": {"uv": [3.0625, 0, 1.625, 3.375], "texture": "#0"}
			}
		},
		{
			"from": [1.5425, 13.16719, -2.81453],
			"to": [15.38, 14.08969, 2.72047],
			"rotation": {"angle": -22.5, "axis": "x", "origin": [8.46125, 5.62862, 13.86291]},
			"faces": {
				"north": {"uv": [11.25, 9.25, 12.6875, 9.375], "texture": "#0"},
				"east": {"uv": [4.75, 9, 5.3125, 9.125], "texture": "#0"},
				"south": {"uv": [11.375, 0.75, 12.8125, 0.875], "texture": "#0"},
				"west": {"uv": [12.625, 5, 13.1875, 5.125], "texture": "#0"},
				"up": {"uv": [1.9375, 7.6875, 0.5, 7.125], "texture": "#0"},
				"down": {"uv": [8.5625, 2.5, 7.125, 3.0625], "texture": "#0"}
			}
		},
		{
			"from": [1.5425, 15.4855, 1.04057],
			"to": [15.38, 19.1755, 1.96307],
			"rotation": {"angle": -45, "axis": "x", "origin": [8.46125, 5.62862, 13.86291]},
			"faces": {
				"north": {"uv": [8.125, 7, 9.5625, 7.375], "texture": "#0"},
				"east": {"uv": [4.25, 10.625, 4.375, 11], "texture": "#0"},
				"south": {"uv": [8.125, 7.5, 9.5625, 7.875], "texture": "#0"},
				"west": {"uv": [1.25, 11.875, 1.375, 12.25], "texture": "#0"},
				"up": {"uv": [12.8125, 1.125, 11.375, 1], "texture": "#0"},
				"down": {"uv": [12.8125, 1.25, 11.375, 1.375], "texture": "#0"}
			}
		},
		{
			"from": [1.5425, 14.33238, 24.60962],
			"to": [15.38, 18.02238, 25.53212],
			"rotation": {"angle": 45, "axis": "x", "origin": [8.46125, 5.62862, 13.86291]},
			"faces": {
				"north": {"uv": [8.125, 8, 9.5625, 8.375], "texture": "#0"},
				"east": {"uv": [2.25, 13.125, 2.375, 13.5], "texture": "#0"},
				"south": {"uv": [8.125, 8.5, 9.5625, 8.875], "texture": "#0"},
				"west": {"uv": [13.125, 2.625, 13.25, 3], "texture": "#0"},
				"up": {"uv": [12.8125, 1.625, 11.375, 1.5], "texture": "#0"},
				"down": {"uv": [12.8125, 4, 11.375, 4.125], "texture": "#0"}
			}
		},
		{
			"from": [1.5425, 3.33172, -2.17372],
			"to": [15.38, 5.37672, 28.26878],
			"rotation": {"angle": 0, "axis": "x", "origin": [8.46125, 5.62862, 13.86291]},
			"faces": {
				"north": {"uv": [7.5, 10.375, 8.9375, 10.5625], "texture": "#0"},
				"east": {"uv": [8.125, 6.25, 11.25, 6.4375], "texture": "#0"},
				"south": {"uv": [10.375, 9.75, 11.8125, 9.9375], "texture": "#0"},
				"west": {"uv": [8.125, 6.625, 11.25, 6.8125], "texture": "#0"},
				"up": {"uv": [4.6875, 3.125, 3.25, 0], "texture": "#0"},
				"down": {"uv": [4.6875, 3.25, 3.25, 6.375], "texture": "#0"}
			}
		},
		{
			"from": [1.5425, 6.14095, 25.343],
			"to": [15.38, 8.4472, 30.878],
			"rotation": {"angle": 0, "axis": "x", "origin": [8.46125, 5.62862, 13.86291]},
			"faces": {
				"north": {"uv": [2, 9.25, 3.4375, 9.5], "texture": "#0"},
				"east": {"uv": [12, 9.75, 12.5625, 10], "texture": "#0"},
				"south": {"uv": [3.625, 9.25, 5.0625, 9.5], "texture": "#0"},
				"west": {"uv": [3.75, 12.125, 4.3125, 12.375], "texture": "#0"},
				"up": {"uv": [8.5625, 3.8125, 7.125, 3.25], "texture": "#0"},
				"down": {"uv": [8.5625, 4, 7.125, 4.5625], "texture": "#0"}
			}
		},
		{
			"from": [1.5425, 6.41411, 0.33073],
			"to": [15.38, 9.18161, 28.92823],
			"rotation": {"angle": 0, "axis": "x", "origin": [8.46125, 5.62862, 13.86291]},
			"faces": {
				"north": {"uv": [8.75, 4, 10.1875, 4.3125], "texture": "#0"},
				"east": {"uv": [0, 6.625, 2.9375, 6.9375], "texture": "#0"},
				"south": {"uv": [6.875, 9, 8.3125, 9.3125], "texture": "#0"},
				"west": {"uv": [6.625, 2, 9.5625, 2.3125], "texture": "#0"},
				"up": {"uv": [1.4375, 6.4375, 0, 3.5], "texture": "#0"},
				"down": {"uv": [3.0625, 3.5, 1.625, 6.4375], "texture": "#0"}
			}
		},
		{
			"from": [1.31187, 18.73064, 22.05635],
			"to": [7.30813, 21.49814, 24.82385],
			"rotation": {"angle": 45, "axis": "x", "origin": [8.46125, 5.62862, 13.86291]},
			"faces": {
				"north": {"uv": [11.375, 10.75, 12, 11], "texture": "#0"},
				"east": {"uv": [12.375, 12.625, 12.625, 12.875], "texture": "#0"},
				"south": {"uv": [11.375, 11.125, 12, 11.375], "texture": "#0"},
				"west": {"uv": [0, 12.75, 0.25, 13], "texture": "#0"},
				"up": {"uv": [1.375, 11.75, 0.75, 11.5], "texture": "#0"},
				"down": {"uv": [12.125, 1.75, 11.5, 2], "texture": "#0"}
			}
		},
		{
			"from": [9.61437, 18.73064, 22.05635],
			"to": [15.61063, 21.49814, 24.82385],
			"rotation": {"angle": 45, "axis": "x", "origin": [8.15375, 5.62862, 13.86291]},
			"faces": {
				"north": {"uv": [11.375, 10.75, 12, 11], "texture": "#0"},
				"east": {"uv": [12.375, 12.625, 12.625, 12.875], "texture": "#0"},
				"south": {"uv": [11.375, 11.125, 12, 11.375], "texture": "#0"},
				"west": {"uv": [0, 12.75, 0.25, 13], "texture": "#0"},
				"up": {"uv": [1.375, 11.75, 0.75, 11.5], "texture": "#0"},
				"down": {"uv": [12.125, 1.75, 11.5, 2], "texture": "#0"}
			}
		},
		{
			"from": [-1.225, 7.98595, -0.17045],
			"to": [1.56556, 9.83095, 25.65955],
			"rotation": {"angle": 0, "axis": "x", "origin": [8.46125, 5.62862, 13.86291]},
			"faces": {
				"north": {"uv": [13, 1.5, 13.3125, 1.6875], "texture": "#0"},
				"east": {"uv": [8.75, 3.25, 11.375, 3.4375], "texture": "#0"},
				"south": {"uv": [2.5, 13, 2.8125, 13.1875], "texture": "#0"},
				"west": {"uv": [8.75, 3.625, 11.375, 3.8125], "texture": "#0"},
				"up": {"uv": [6.9375, 7.875, 6.625, 5.25], "texture": "#0"},
				"down": {"uv": [0.3125, 7.125, 0, 9.75], "texture": "#0"}
			}
		},
		{
			"from": [-1.225, 7.98595, 25.65955],
			"to": [1.56556, 9.3697, 31.19455],
			"rotation": {"angle": 0, "axis": "x", "origin": [8.46125, 5.62862, 13.86291]},
			"faces": {
				"north": {"uv": [13.25, 9.5, 13.5625, 9.625], "texture": "#0"},
				"east": {"uv": [12.625, 7.75, 13.1875, 7.875], "texture": "#0"},
				"south": {"uv": [13.625, 4.625, 13.9375, 4.75], "texture": "#0"},
				"west": {"uv": [12.625, 8, 13.1875, 8.125], "texture": "#0"},
				"up": {"uv": [10.1875, 11.0625, 9.875, 10.5], "texture": "#0"},
				"down": {"uv": [5.3125, 11.125, 5, 11.6875], "texture": "#0"}
			}
		},
		{
			"from": [15.35694, 7.98595, 25.65955],
			"to": [18.1475, 9.3697, 31.19455],
			"rotation": {"angle": 0, "axis": "x", "origin": [8.46125, 5.62862, 13.86291]},
			"faces": {
				"north": {"uv": [13.625, 7.375, 13.9375, 7.5], "texture": "#0"},
				"east": {"uv": [12.625, 8, 13.1875, 8.125], "texture": "#0"},
				"south": {"uv": [8.25, 13.625, 8.5625, 13.75], "texture": "#0"},
				"west": {"uv": [12.625, 8.5, 13.1875, 8.625], "texture": "#0"},
				"up": {"uv": [10.1875, 11.0625, 9.875, 10.5], "texture": "#0"},
				"down": {"uv": [8.8125, 11.25, 8.5, 11.8125], "texture": "#0"}
			}
		},
		{
			"from": [-1.225, 13.0364, -2.33718],
			"to": [1.56556, 14.8814, 2.50595],
			"rotation": {"angle": -22.5, "axis": "x", "origin": [8.46125, 5.62862, 13.86291]},
			"faces": {
				"north": {"uv": [4.625, 13, 4.9375, 13.1875], "texture": "#0"},
				"east": {"uv": [7.75, 12.5, 8.25, 12.6875], "texture": "#0"},
				"south": {"uv": [9.625, 13, 9.9375, 13.1875], "texture": "#0"},
				"west": {"uv": [8.375, 12.5, 8.875, 12.6875], "texture": "#0"},
				"up": {"uv": [11.8125, 3.625, 11.5, 3.125], "texture": "#0"},
				"down": {"uv": [7.1875, 11.5, 6.875, 12], "texture": "#0"}
			}
		},
		{
			"from": [-2.1475, 6.14095, -5.70545],
			"to": [2.465, 7.98595, 32],
			"rotation": {"angle": 0, "axis": "x", "origin": [8.46125, 5.62862, 13.86291]},
			"faces": {
				"north": {"uv": [12.5, 10.375, 13, 10.5625], "texture": "#0"},
				"east": {"uv": [8.125, 5.5, 12, 5.6875], "texture": "#0"},
				"south": {"uv": [12.5, 10.75, 13, 10.9375], "texture": "#0"},
				"west": {"uv": [8.125, 5.875, 12, 6.0625], "texture": "#0"},
				"up": {"uv": [6, 3.875, 5.5, 0], "texture": "#0"},
				"down": {"uv": [6, 4, 5.5, 7.875], "texture": "#0"}
			}
		},
		{
			"from": [15.38, 13.0364, -2.33718],
			"to": [18.17056, 14.8814, 2.50595],
			"rotation": {"angle": -22.5, "axis": "x", "origin": [25.06625, 5.62862, 13.86291]},
			"faces": {
				"north": {"uv": [4.625, 13, 4.9375, 13.1875], "texture": "#0"},
				"east": {"uv": [8.875, 12.5, 8.375, 12.6875], "texture": "#0"},
				"south": {"uv": [9.625, 13, 9.9375, 13.1875], "texture": "#0"},
				"west": {"uv": [8.375, 12.5, 8.875, 12.6875], "texture": "#0"},
				"up": {"uv": [11.8125, 3.625, 11.5, 3.125], "texture": "#0"},
				"down": {"uv": [7.1875, 11.5, 6.875, 12], "texture": "#0"}
			}
		},
		{
			"from": [15.38, 7.98595, -0.17045],
			"to": [18.17056, 9.83095, 25.65955],
			"rotation": {"angle": 0, "axis": "x", "origin": [25.06625, 5.62862, 13.86291]},
			"faces": {
				"north": {"uv": [13, 1.5, 13.3125, 1.6875], "texture": "#0"},
				"east": {"uv": [11.375, 3.625, 8.75, 3.8125], "texture": "#0"},
				"south": {"uv": [2.5, 13, 2.8125, 13.1875], "texture": "#0"},
				"west": {"uv": [8.75, 3.625, 11.375, 3.8125], "texture": "#0"},
				"up": {"uv": [6.9375, 7.875, 6.625, 5.25], "texture": "#0"},
				"down": {"uv": [0.3125, 7.125, 0, 9.75], "texture": "#0"}
			}
		},
		{
			"from": [14.4575, 6.14095, -5.70545],
			"to": [19.07, 7.98595, 32],
			"rotation": {"angle": 0, "axis": "x", "origin": [25.06625, 5.62862, 13.86291]},
			"faces": {
				"north": {"uv": [12.5, 10.375, 13, 10.5625], "texture": "#0"},
				"east": {"uv": [8.125, 5.5, 12, 5.6875], "texture": "#0"},
				"south": {"uv": [13, 10.75, 12.5, 10.9375], "texture": "#0"},
				"west": {"uv": [8.125, 5.875, 12, 6.0625], "texture": "#0"},
				"up": {"uv": [6, 3.875, 5.5, 0], "texture": "#0"},
				"down": {"uv": [6, 4, 5.5, 7.875], "texture": "#0"}
			}
		},
		{
			"from": [-3.07, 4.29595, -5.70545],
			"to": [-2.1475, 7.98595, 32],
			"rotation": {"angle": 0, "axis": "x", "origin": [8.46125, 5.62862, 13.86291]},
			"faces": {
				"north": {"uv": [13.125, 3.125, 13.25, 3.5], "texture": "#0"},
				"east": {"uv": [10, 0.5, 6.125, 0.875], "texture": "#0"},
				"south": {"uv": [5.125, 13.125, 5.25, 13.5], "texture": "#0"},
				"west": {"uv": [6.125, 0.5, 10, 0.875], "texture": "#0"},
				"up": {"uv": [1.875, 11.75, 1.75, 7.875], "texture": "#0"},
				"down": {"uv": [5.625, 8, 5.5, 11.875], "texture": "#0"}
			}
		},
		{
			"from": [19.07, 4.29595, -5.70545],
			"to": [19.9925, 7.98595, 32],
			"rotation": {"angle": 0, "axis": "x", "origin": [1.69625, 5.62862, 13.86291]},
			"faces": {
				"north": {"uv": [13.25, 3.125, 13.125, 3.5], "texture": "#0"},
				"east": {"uv": [10, 0.5, 6.125, 0.875], "texture": "#0"},
				"south": {"uv": [5.25, 13.125, 5.125, 13.5], "texture": "#0"},
				"west": {"uv": [6.125, 0.5, 10, 0.875], "texture": "#0"},
				"up": {"uv": [1.75, 11.75, 1.875, 7.875], "texture": "#0"},
				"down": {"uv": [5.5, 8, 5.625, 11.875], "texture": "#0"}
			}
		},
		{
			"from": [-2.1475, 5.21845, 12.11145],
			"to": [1.5425, 6.14095, 31.48395],
			"rotation": {"angle": 0, "axis": "x", "origin": [8.46125, 5.62862, 13.86291]},
			"faces": {
				"north": {"uv": [13.125, 3.625, 13.5, 3.75], "texture": "#0"},
				"east": {"uv": [10.5, 8.75, 12.5, 8.875], "texture": "#0"},
				"south": {"uv": [13.125, 4.625, 13.5, 4.75], "texture": "#0"},
				"west": {"uv": [10.625, 0, 12.625, 0.125], "texture": "#0"},
				"up": {"uv": [6.5, 9.5, 6.125, 7.5], "texture": "#0"},
				"down": {"uv": [8, 4.75, 7.625, 6.75], "texture": "#0"}
			}
		},
		{
			"from": [-2.1475, 10.41854, 25.6904],
			"to": [1.5425, 17.79854, 26.6129],
			"rotation": {"angle": 45, "axis": "x", "origin": [8.46125, 5.62862, 13.86291]},
			"faces": {
				"north": {"uv": [5, 10.25, 5.375, 11], "texture": "#0"},
				"east": {"uv": [9, 12.5, 9.125, 13.25], "texture": "#0"},
				"south": {"uv": [6, 10.375, 6.375, 11.125], "texture": "#0"},
				"west": {"uv": [11.25, 12.5, 11.375, 13.25], "texture": "#0"},
				"up": {"uv": [13.5, 9.875, 13.125, 9.75], "texture": "#0"},
				"down": {"uv": [13.5, 10.375, 13.125, 10.5], "texture": "#0"}
			}
		},
		{
			"from": [15.38, -8.23297, -0.99064],
			"to": [19.07, -7.31047, 6.38936],
			"rotation": {"angle": 45, "axis": "x", "origin": [17.225, 3.07047, 13.3505]},
			"faces": {
				"north": {"uv": [13.5, 0, 13.125, 0.125], "texture": "#0"},
				"east": {"uv": [12.75, 9, 12, 9.125], "texture": "#0"},
				"south": {"uv": [13.5, 0.25, 13.125, 0.375], "texture": "#0"},
				"west": {"uv": [12, 9, 12.75, 9.125], "texture": "#0"},
				"up": {"uv": [0, 10.625, 0.375, 9.875], "texture": "#0"},
				"down": {"uv": [0.5, 10, 0.875, 10.75], "texture": "#0"}
			}
		},
		{
			"from": [15.38, 5.21845, -4.78295],
			"to": [19.07, 6.14095, 14.58955],
			"rotation": {"angle": 0, "axis": "x", "origin": [17.225, 3.07047, 13.3505]},
			"faces": {
				"north": {"uv": [1.375, 13.125, 1, 13.25], "texture": "#0"},
				"east": {"uv": [12.5, 8, 10.5, 8.125], "texture": "#0"},
				"south": {"uv": [2.125, 13.125, 1.75, 13.25], "texture": "#0"},
				"west": {"uv": [12.5, 7.75, 10.5, 7.875], "texture": "#0"},
				"up": {"uv": [2.125, 9.125, 2.5, 7.125], "texture": "#0"},
				"down": {"uv": [2.625, 7.125, 3, 9.125], "texture": "#0"}
			}
		},
		{
			"from": [15.38, 5.21845, 12.11145],
			"to": [19.07, 6.14095, 31.48395],
			"rotation": {"angle": 0, "axis": "x", "origin": [17.225, 3.07047, 13.3505]},
			"faces": {
				"north": {"uv": [13.5, 3.625, 13.125, 3.75], "texture": "#0"},
				"east": {"uv": [12.625, 0, 10.625, 0.125], "texture": "#0"},
				"south": {"uv": [13.5, 4.625, 13.125, 4.75], "texture": "#0"},
				"west": {"uv": [12.5, 8.75, 10.5, 8.875], "texture": "#0"},
				"up": {"uv": [6.125, 9.5, 6.5, 7.5], "texture": "#0"},
				"down": {"uv": [7.625, 4.75, 8, 6.75], "texture": "#0"}
			}
		},
		{
			"from": [15.38, 10.03161, 23.73144],
			"to": [19.07, 17.41161, 24.65394],
			"rotation": {"angle": 45, "axis": "x", "origin": [17.225, 3.07047, 13.3505]},
			"faces": {
				"north": {"uv": [5.375, 10.25, 5, 11], "texture": "#0"},
				"east": {"uv": [11.375, 12.5, 11.25, 13.25], "texture": "#0"},
				"south": {"uv": [6.375, 10.375, 6, 11.125], "texture": "#0"},
				"west": {"uv": [9.125, 12.5, 9, 13.25], "texture": "#0"},
				"up": {"uv": [13.125, 9.875, 13.5, 9.75], "texture": "#0"},
				"down": {"uv": [13.125, 10.375, 13.5, 10.5], "texture": "#0"}
			}
		},
		{
			"from": [15.38, 0, 0.4355],
			"to": [19.07, 0.9225, 26.2655],
			"rotation": {"angle": 0, "axis": "y", "origin": [17.225, 3.07047, 13.3505]},
			"faces": {
				"north": {"uv": [11.875, 3.75, 11.5, 3.875], "texture": "#0"},
				"east": {"uv": [9.5, 9.5, 6.875, 9.625], "texture": "#0"},
				"south": {"uv": [4.875, 11.625, 4.5, 11.75], "texture": "#0"},
				"west": {"uv": [6.875, 9.5, 9.5, 9.625], "texture": "#0"},
				"up": {"uv": [6.125, 4.625, 6.5, 2], "texture": "#0"},
				"down": {"uv": [6.125, 4.75, 6.5, 7.375], "texture": "#0"}
			}
		}
	],
	"display": {
		"thirdperson_righthand": {
			"translation": [-6.75, 0.75, 0.75],
			"scale": [1, 0.99, 1]
		},
		"head": {
			"translation": [0, -9.75, -13.5],
			"scale": [4, 4, 4]
		}
	}
}