{
	"credit": "Made with Blockbench",
	"texture_size": [128, 128],
	"textures": {
		"0": "block/vehiles/tank/t90",
		"particle": "block/vehiles/tank/t90"
	},
	"elements": [
		{
			"name": "octagon",
			"from": [4.96057, 9.18161, 9.05386],
			"to": [11.07436, 12.41036, 13.66636],
			"rotation": {"angle": -45, "axis": "y", "origin": [8.46125, 5.62862, 16.86291]},
			"faces": {
				"north": {"uv": [9.125, 10.5, 9.75, 10.8125], "texture": "#0"},
				"east": {"uv": [7.375, 11.5, 7.875, 11.8125], "texture": "#0"},
				"south": {"uv": [10.625, 0.75, 11.25, 1.0625], "texture": "#0"},
				"west": {"uv": [9, 11.5, 9.5, 11.8125], "texture": "#0"},
				"up": {"uv": [1.625, 9.375, 1, 8.875], "texture": "#0"},
				"down": {"uv": [1.625, 9.5, 1, 10], "texture": "#0"}
			}
		},
		{
			"name": "octagon",
			"from": [5.39394, 9.18161, 8.86573],
			"to": [11.50773, 12.37961, 13.47823],
			"rotation": {"angle": 0, "axis": "z", "origin": [8.46125, 5.62862, 16.86291]},
			"faces": {
				"north": {"uv": [10.625, 1.25, 11.25, 1.5625], "texture": "#0"},
				"east": {"uv": [11.375, 11.5, 11.875, 11.8125], "texture": "#0"},
				"south": {"uv": [2, 10.625, 2.625, 10.9375], "texture": "#0"},
				"west": {"uv": [2, 11.625, 2.5, 11.9375], "texture": "#0"},
				"up": {"uv": [5.375, 10.125, 4.75, 9.625], "texture": "#0"},
				"down": {"uv": [7.5, 9.75, 6.875, 10.25], "texture": "#0"}
			}
		},
		{
			"name": "octagon",
			"from": [5.70144, 9.94328, 8.15133],
			"to": [7.51023, 11.94203, 9.99633],
			"rotation": {"angle": 0, "axis": "x", "origin": [10.60333, 10.94266, 8.92008]},
			"faces": {
				"north": {"uv": [0.75, 13.75, 0.9375, 13.9375], "texture": "#0"},
				"east": {"uv": [1.125, 13.75, 1.3125, 13.9375], "texture": "#0"},
				"south": {"uv": [1.5, 13.75, 1.6875, 13.9375], "texture": "#0"},
				"west": {"uv": [1.875, 13.75, 2.0625, 13.9375], "texture": "#0"},
				"up": {"uv": [2.6875, 13.9375, 2.5, 13.75], "texture": "#0"},
				"down": {"uv": [13.9375, 2.625, 13.75, 2.8125], "texture": "#0"}
			}
		},
		{
			"name": "octagon",
			"from": [9.39144, 9.94328, 8.15133],
			"to": [11.20023, 11.94203, 9.99633],
			"rotation": {"angle": 0, "axis": "x", "origin": [14.29333, 10.94266, 8.92008]},
			"faces": {
				"north": {"uv": [0.75, 13.75, 0.9375, 13.9375], "texture": "#0"},
				"east": {"uv": [1.125, 13.75, 1.3125, 13.9375], "texture": "#0"},
				"south": {"uv": [1.5, 13.75, 1.6875, 13.9375], "texture": "#0"},
				"west": {"uv": [1.875, 13.75, 2.0625, 13.9375], "texture": "#0"},
				"up": {"uv": [2.6875, 13.9375, 2.5, 13.75], "texture": "#0"},
				"down": {"uv": [13.9375, 2.625, 13.75, 2.8125], "texture": "#0"}
			}
		},
		{
			"name": "octagon",
			"from": [11.50773, 9.94328, 7.84383],
			"to": [13.66023, 11.94203, 11.22633],
			"rotation": {"angle": 0, "axis": "x", "origin": [12.41212, 10.94266, 8.92008]},
			"faces": {
				"north": {"uv": [3.375, 13.25, 3.625, 13.4375], "texture": "#0"},
				"east": {"uv": [9.625, 12.625, 10, 12.8125], "texture": "#0"},
				"south": {"uv": [3, 13.25, 3.25, 13.4375], "texture": "#0"},
				"west": {"uv": [10.125, 12.625, 10.5, 12.8125], "texture": "#0"},
				"up": {"uv": [10, 2.375, 9.75, 2], "texture": "#0"},
				"down": {"uv": [11.75, 12.5, 11.5, 12.875], "texture": "#0"}
			}
		},
		{
			"name": "octagon",
			"from": [3.20523, 9.94328, 7.84383],
			"to": [5.35773, 11.94203, 11.22633],
			"rotation": {"angle": 0, "axis": "x", "origin": [12.41212, 10.94266, 8.92008]},
			"faces": {
				"north": {"uv": [3.375, 13.25, 3.625, 13.4375], "texture": "#0"},
				"east": {"uv": [10.625, 12.625, 11, 12.8125], "texture": "#0"},
				"south": {"uv": [3.75, 13.25, 4, 13.4375], "texture": "#0"},
				"west": {"uv": [11.875, 12.625, 12.25, 12.8125], "texture": "#0"},
				"up": {"uv": [2, 13, 1.75, 12.625], "texture": "#0"},
				"down": {"uv": [2.375, 12.625, 2.125, 13], "texture": "#0"}
			}
		},
		{
			"name": "octagon",
			"from": [4.27121, 8.42017, -15.247],
			"to": [5.65496, 9.80392, 8.96573],
			"rotation": {"angle": -45, "axis": "z", "origin": [8.46125, 5.62862, 13.86291]},
			"faces": {
				"north": {"uv": [13.25, 12.125, 13.375, 12.25], "texture": "#0"},
				"east": {"uv": [10.375, 7.5, 12.5, 7.625], "texture": "#0"},
				"south": {"uv": [13.375, 3.375, 13.5, 3.5], "texture": "#0"},
				"west": {"uv": [10.375, 10.125, 12.5, 10.25], "texture": "#0"},
				"up": {"uv": [1.625, 12.25, 1.5, 10.125], "texture": "#0"},
				"down": {"uv": [10.5, 10.375, 10.375, 12.5], "texture": "#0"}
			}
		},
		{
			"name": "octagon",
			"from": [4.39421, 8.54317, -16],
			"to": [5.53196, 9.68092, -12.12877],
			"rotation": {"angle": -45, "axis": "z", "origin": [8.46125, 5.62862, 13.66019]},
			"faces": {
				"north": {"uv": [4.875, 13.375, 5, 13.5], "texture": "#0"},
				"east": {"uv": [6.375, 13.375, 6.5, 13.5], "texture": "#0"},
				"south": {"uv": [12.75, 13.625, 12.875, 13.75], "texture": "#0"},
				"west": {"uv": [12.5, 14, 12.625, 14.125], "texture": "#0"},
				"up": {"uv": [13.5, 14.125, 13.375, 14], "texture": "#0"},
				"down": {"uv": [13.75, 14, 13.625, 14.125], "texture": "#0"}
			}
		},
		{
			"name": "octagon",
			"from": [4.08671, 8.23567, -11.2495],
			"to": [5.83946, 9.98842, -3.80427],
			"rotation": {"angle": -45, "axis": "z", "origin": [8.46125, 5.62862, 13.86291]},
			"faces": {
				"north": {"uv": [13.75, 3, 13.9375, 3.1875], "texture": "#0"},
				"east": {"uv": [12.125, 6.25, 12.75, 6.4375], "texture": "#0"},
				"south": {"uv": [4, 13.75, 4.1875, 13.9375], "texture": "#0"},
				"west": {"uv": [12.125, 6.625, 12.75, 6.8125], "texture": "#0"},
				"up": {"uv": [6.9375, 12.75, 6.75, 12.125], "texture": "#0"},
				"down": {"uv": [12.3125, 10.375, 12.125, 11], "texture": "#0"}
			}
		},
		{
			"name": "octagon",
			"from": [0.69975, 9.18161, 16.28872],
			"to": [5.31225, 12.41036, 22.40251],
			"rotation": {"angle": 22.5, "axis": "y", "origin": [8.46125, 5.62862, 16.86291]},
			"faces": {
				"north": {"uv": [2.625, 11.625, 3.125, 11.9375], "texture": "#0"},
				"east": {"uv": [2.75, 10.625, 3.375, 10.9375], "texture": "#0"},
				"south": {"uv": [3.25, 11.625, 3.75, 11.9375], "texture": "#0"},
				"west": {"uv": [3.5, 10.625, 4.125, 10.9375], "texture": "#0"},
				"up": {"uv": [6.5, 10.25, 6, 9.625], "texture": "#0"},
				"down": {"uv": [10.25, 7, 9.75, 7.625], "texture": "#0"}
			}
		},
		{
			"name": "octagon",
			"from": [3.41048, 9.18161, 20.33853],
			"to": [9.52428, 12.41036, 24.95103],
			"rotation": {"angle": 0, "axis": "z", "origin": [8.46125, 5.62862, 16.86291]},
			"faces": {
				"north": {"uv": [10.625, 10.375, 11.25, 10.6875], "texture": "#0"},
				"east": {"uv": [3.875, 11.625, 4.375, 11.9375], "texture": "#0"},
				"south": {"uv": [10.75, 1.75, 11.375, 2.0625], "texture": "#0"},
				"west": {"uv": [10.625, 11.75, 11.125, 12.0625], "texture": "#0"},
				"up": {"uv": [8.25, 10.25, 7.625, 9.75], "texture": "#0"},
				"down": {"uv": [10.375, 7.75, 9.75, 8.25], "texture": "#0"}
			}
		},
		{
			"name": "octagon",
			"from": [7.3774, 9.18161, 20.33853],
			"to": [13.49119, 12.41036, 24.95103],
			"rotation": {"angle": 0, "axis": "z", "origin": [8.46125, 5.62862, 16.86291]},
			"faces": {
				"north": {"uv": [7.5, 10.75, 8.125, 11.0625], "texture": "#0"},
				"east": {"uv": [0, 11.875, 0.5, 12.1875], "texture": "#0"},
				"south": {"uv": [8.25, 10.75, 8.875, 11.0625], "texture": "#0"},
				"west": {"uv": [0.625, 11.875, 1.125, 12.1875], "texture": "#0"},
				"up": {"uv": [9, 10.25, 8.375, 9.75], "texture": "#0"},
				"down": {"uv": [10.375, 8.375, 9.75, 8.875], "texture": "#0"}
			}
		},
		{
			"name": "octagon",
			"from": [3.41048, 9.48911, 24.95103],
			"to": [9.52428, 12.10286, 27.10353],
			"rotation": {"angle": 0, "axis": "z", "origin": [8.46125, 5.62862, 15.01791]},
			"faces": {
				"north": {"uv": [4.5, 11.875, 5.125, 12.125], "texture": "#0"},
				"east": {"uv": [12.75, 0, 13, 0.25], "texture": "#0"},
				"south": {"uv": [9.625, 11.875, 10.25, 12.125], "texture": "#0"},
				"west": {"uv": [0.375, 12.75, 0.625, 13], "texture": "#0"},
				"up": {"uv": [12.625, 2.75, 12, 2.5], "texture": "#0"},
				"down": {"uv": [12.625, 2.875, 12, 3.125], "texture": "#0"}
			}
		},
		{
			"name": "octagon",
			"from": [7.3774, 9.48911, 24.95103],
			"to": [13.49119, 12.10286, 27.10353],
			"rotation": {"angle": 0, "axis": "z", "origin": [8.46125, 5.62862, 15.01791]},
			"faces": {
				"north": {"uv": [12, 3.25, 12.625, 3.5], "texture": "#0"},
				"east": {"uv": [12.75, 0.375, 13, 0.625], "texture": "#0"},
				"south": {"uv": [12, 3.625, 12.625, 3.875], "texture": "#0"},
				"west": {"uv": [0.75, 12.75, 1, 13], "texture": "#0"},
				"up": {"uv": [5.875, 12.25, 5.25, 12], "texture": "#0"},
				"down": {"uv": [6.625, 12, 6, 12.25], "texture": "#0"}
			}
		},
		{
			"name": "octagon",
			"from": [3.41048, 10.33473, 27.10353],
			"to": [9.52428, 11.87223, 28.64103],
			"rotation": {"angle": -45, "axis": "x", "origin": [8.45083, 10.79598, 28.17978]},
			"faces": {
				"north": {"uv": [12.125, 7, 12.75, 7.1875], "texture": "#0"},
				"east": {"uv": [4.375, 13.75, 4.5625, 13.9375], "texture": "#0"},
				"south": {"uv": [12.125, 11.125, 12.75, 11.3125], "texture": "#0"},
				"west": {"uv": [13.75, 4.875, 13.9375, 5.0625], "texture": "#0"},
				"up": {"uv": [12.875, 4.25, 12.25, 4.4375], "texture": "#0"},
				"down": {"uv": [12.875, 4.25, 12.25, 4.4375], "texture": "#0"}
			}
		},
		{
			"name": "octagon",
			"from": [7.3774, 10.33473, 27.10353],
			"to": [13.49119, 11.87223, 28.64103],
			"rotation": {"angle": -45, "axis": "x", "origin": [8.45083, 10.79598, 28.17978]},
			"faces": {
				"north": {"uv": [4.5, 12.25, 5.125, 12.4375], "texture": "#0"},
				"east": {"uv": [13.75, 5.25, 13.9375, 5.4375], "texture": "#0"},
				"south": {"uv": [9.625, 12.25, 10.25, 12.4375], "texture": "#0"},
				"west": {"uv": [5.625, 13.75, 5.8125, 13.9375], "texture": "#0"},
				"up": {"uv": [0.625, 12.375, 0, 12.5625], "texture": "#0"},
				"down": {"uv": [0.625, 12.375, 0, 12.5625], "texture": "#0"}
			}
		},
		{
			"name": "octagon",
			"from": [0.63747, 9.18161, 13.37696],
			"to": [5.24997, 12.41036, 19.49075],
			"rotation": {"angle": -45, "axis": "y", "origin": [8.46125, 5.62862, 16.86291]},
			"faces": {
				"north": {"uv": [12.125, 5.25, 12.5625, 5.5625], "texture": "#0"},
				"east": {"uv": [0, 10.875, 0.625, 11.1875], "texture": "#0"},
				"south": {"uv": [12.125, 5.75, 12.5625, 6.0625], "texture": "#0"},
				"west": {"uv": [10.625, 10.875, 11.25, 11.1875], "texture": "#0"},
				"up": {"uv": [10.5625, 2.375, 10.125, 1.75], "texture": "#0"},
				"down": {"uv": [7.3125, 10.375, 6.875, 11], "texture": "#0"}
			}
		},
		{
			"name": "octagon",
			"from": [1.07083, 9.18161, 13.18883],
			"to": [5.68333, 12.41036, 19.30262],
			"rotation": {"angle": 0, "axis": "z", "origin": [8.46125, 5.62862, 16.86291]},
			"faces": {
				"north": {"uv": [7.375, 12, 7.875, 12.3125], "texture": "#0"},
				"east": {"uv": [0.75, 11, 1.375, 11.3125], "texture": "#0"},
				"south": {"uv": [8, 12, 8.5, 12.3125], "texture": "#0"},
				"west": {"uv": [9, 11, 9.625, 11.3125], "texture": "#0"},
				"up": {"uv": [9.625, 10.375, 9.125, 9.75], "texture": "#0"},
				"down": {"uv": [10.25, 9.75, 9.75, 10.375], "texture": "#0"}
			}
		},
		{
			"name": "octagon",
			"from": [3.22333, 12.41036, 15.34133],
			"to": [5.68333, 14.71661, 16.90412],
			"rotation": {"angle": 0, "axis": "z", "origin": [8.46125, 3.32237, 16.86291]},
			"faces": {
				"north": {"uv": [1.125, 12.75, 1.375, 13], "texture": "#0"},
				"east": {"uv": [8.5, 13.25, 8.6875, 13.5], "texture": "#0"},
				"south": {"uv": [12.75, 2.5, 13, 2.75], "texture": "#0"},
				"west": {"uv": [13.25, 8.75, 13.4375, 9], "texture": "#0"},
				"up": {"uv": [13.5, 9.3125, 13.25, 9.125], "texture": "#0"},
				"down": {"uv": [13.5, 11, 13.25, 11.1875], "texture": "#0"}
			}
		},
		{
			"name": "octagon",
			"from": [5.68333, 9.18161, 11.95883],
			"to": [11.21833, 12.44111, 20.53262],
			"rotation": {"angle": 0, "axis": "z", "origin": [13.07375, 5.62862, 16.86291]},
			"faces": {
				"north": {"uv": [0, 11.375, 0.5625, 11.6875], "texture": "#0"},
				"east": {"uv": [10.375, 4, 11.25, 4.3125], "texture": "#0"},
				"south": {"uv": [11.375, 6.25, 11.9375, 6.5625], "texture": "#0"},
				"west": {"uv": [10.375, 7, 11.25, 7.3125], "texture": "#0"},
				"up": {"uv": [1.5625, 8.75, 1, 7.875], "texture": "#0"},
				"down": {"uv": [5.3125, 8, 4.75, 8.875], "texture": "#0"}
			}
		},
		{
			"name": "octagon",
			"from": [10.60333, 12.41036, 18.68762],
			"to": [14.29333, 13.17911, 22.37762],
			"rotation": {"angle": 0, "axis": "z", "origin": [13.07375, 5.16737, 16.86291]},
			"faces": {
				"north": {"uv": [14, 4.375, 14.375, 4.4375], "texture": "#0"},
				"east": {"uv": [6.875, 14, 7.25, 14.0625], "texture": "#0"},
				"south": {"uv": [14, 7.125, 14.375, 7.1875], "texture": "#0"},
				"west": {"uv": [7.375, 14, 7.75, 14.0625], "texture": "#0"},
				"up": {"uv": [8.375, 11.875, 8, 11.5], "texture": "#0"},
				"down": {"uv": [12.5, 4.75, 12.125, 5.125], "texture": "#0"}
			}
		},
		{
			"name": "octagon",
			"from": [12.87619, 12.41036, 24.33603],
			"to": [13.49119, 21.78911, 24.95103],
			"rotation": {"angle": 0, "axis": "z", "origin": [12.27161, 5.16737, 17.28381]},
			"faces": {
				"north": {"uv": [10.625, 13, 10.6875, 13.9375], "texture": "#0"},
				"east": {"uv": [10.875, 13, 10.9375, 13.9375], "texture": "#0"},
				"south": {"uv": [11.5, 13, 11.5625, 13.9375], "texture": "#0"},
				"west": {"uv": [11.75, 13, 11.8125, 13.9375], "texture": "#0"},
				"up": {"uv": [2.9375, 14.4375, 2.875, 14.375], "texture": "#0"},
				"down": {"uv": [3.1875, 14.375, 3.125, 14.4375], "texture": "#0"}
			}
		},
		{
			"name": "octagon",
			"from": [11.21833, 14.02473, 18.68762],
			"to": [13.67833, 14.63973, 19.30262],
			"rotation": {"angle": 0, "axis": "z", "origin": [13.07375, 5.16737, 16.86291]},
			"faces": {
				"north": {"uv": [14.125, 2.625, 14.375, 2.6875], "texture": "#0"},
				"east": {"uv": [14, 14.25, 14.0625, 14.3125], "texture": "#0"},
				"south": {"uv": [14.125, 2.875, 14.375, 2.9375], "texture": "#0"},
				"west": {"uv": [14.25, 14, 14.3125, 14.0625], "texture": "#0"},
				"up": {"uv": [14.375, 3.1875, 14.125, 3.125], "texture": "#0"},
				"down": {"uv": [4.125, 14.125, 3.875, 14.1875], "texture": "#0"}
			}
		},
		{
			"name": "octagon",
			"from": [11.83333, 14.63973, 14.99762],
			"to": [13.06333, 15.86973, 19.30262],
			"rotation": {"angle": 0, "axis": "z", "origin": [13.07375, 4.85987, 16.86291]},
			"faces": {
				"north": {"uv": [1.75, 11.875, 1.875, 12], "texture": "#0"},
				"east": {"uv": [13, 1.875, 13.4375, 2], "texture": "#0"},
				"south": {"uv": [12.625, 8.75, 12.75, 8.875], "texture": "#0"},
				"west": {"uv": [13, 4.375, 13.4375, 4.5], "texture": "#0"},
				"up": {"uv": [13.125, 12.1875, 13, 11.75], "texture": "#0"},
				"down": {"uv": [12.125, 13, 12, 13.4375], "texture": "#0"}
			}
		},
		{
			"name": "octagon",
			"from": [12.14083, 15.25473, 5.77262],
			"to": [12.75583, 15.86973, 14.99762],
			"rotation": {"angle": 0, "axis": "z", "origin": [13.07375, 4.85987, 16.86291]},
			"faces": {
				"north": {"uv": [14.25, 14.25, 14.3125, 14.3125], "texture": "#0"},
				"east": {"uv": [12.625, 10.125, 13.5625, 10.1875], "texture": "#0"},
				"south": {"uv": [0, 14.375, 0.0625, 14.4375], "texture": "#0"},
				"west": {"uv": [12.875, 7.125, 13.8125, 7.1875], "texture": "#0"},
				"up": {"uv": [10.1875, 13.9375, 10.125, 13], "texture": "#0"},
				"down": {"uv": [10.4375, 13, 10.375, 13.9375], "texture": "#0"}
			}
		},
		{
			"name": "octagon",
			"from": [12.14083, 15.86973, 7.00262],
			"to": [12.75583, 17.09973, 7.61762],
			"rotation": {"angle": 0, "axis": "z", "origin": [13.07375, 5.47487, 16.86291]},
			"faces": {
				"north": {"uv": [14.25, 6.375, 14.3125, 6.5], "texture": "#0"},
				"east": {"uv": [14.25, 6.625, 14.3125, 6.75], "texture": "#0"},
				"south": {"uv": [6.875, 14.25, 6.9375, 14.375], "texture": "#0"},
				"west": {"uv": [14.25, 6.875, 14.3125, 7], "texture": "#0"},
				"up": {"uv": [14.4375, 0.3125, 14.375, 0.25], "texture": "#0"},
				"down": {"uv": [0.5625, 14.375, 0.5, 14.4375], "texture": "#0"}
			}
		},
		{
			"name": "octagon",
			"from": [12.26383, 14.63973, 10.69262],
			"to": [12.63283, 15.00873, 14.99762],
			"rotation": {"angle": 0, "axis": "z", "origin": [13.07375, 4.85987, 16.86291]},
			"faces": {
				"north": {"uv": [14.375, 0, 14.4375, 0.0625], "texture": "#0"},
				"east": {"uv": [14, 0.5, 14.4375, 0.5625], "texture": "#0"},
				"south": {"uv": [0.25, 14.375, 0.3125, 14.4375], "texture": "#0"},
				"west": {"uv": [14, 4.125, 14.4375, 4.1875], "texture": "#0"},
				"up": {"uv": [3.6875, 14.4375, 3.625, 14], "texture": "#0"},
				"down": {"uv": [4.8125, 14, 4.75, 14.4375], "texture": "#0"}
			}
		},
		{
			"name": "octagon",
			"from": [11.95633, 14.33223, 11.92262],
			"to": [12.94033, 15.93123, 12.84512],
			"rotation": {"angle": 0, "axis": "z", "origin": [13.07375, 4.85987, 16.86291]},
			"faces": {
				"north": {"uv": [7.875, 14, 8, 14.1875], "texture": "#0"},
				"east": {"uv": [14, 9.625, 14.125, 9.8125], "texture": "#0"},
				"south": {"uv": [12, 14, 12.125, 14.1875], "texture": "#0"},
				"west": {"uv": [12.25, 14, 12.375, 14.1875], "texture": "#0"},
				"up": {"uv": [4.375, 14.25, 4.25, 14.125], "texture": "#0"},
				"down": {"uv": [4.625, 14.125, 4.5, 14.25], "texture": "#0"}
			}
		},
		{
			"name": "octagon",
			"from": [10.60333, 13.17911, 18.68762],
			"to": [11.21833, 15.48536, 19.30262],
			"rotation": {"angle": 0, "axis": "z", "origin": [13.07375, 5.01362, 16.86291]},
			"faces": {
				"north": {"uv": [0.875, 14.125, 0.9375, 14.375], "texture": "#0"},
				"east": {"uv": [1.125, 14.125, 1.1875, 14.375], "texture": "#0"},
				"south": {"uv": [1.375, 14.125, 1.4375, 14.375], "texture": "#0"},
				"west": {"uv": [1.625, 14.125, 1.6875, 14.375], "texture": "#0"},
				"up": {"uv": [13.0625, 14.3125, 13, 14.25], "texture": "#0"},
				"down": {"uv": [13.3125, 14.25, 13.25, 14.3125], "texture": "#0"}
			}
		},
		{
			"name": "octagon",
			"from": [13.67833, 13.17911, 18.68762],
			"to": [14.29333, 15.48536, 19.30262],
			"rotation": {"angle": 0, "axis": "z", "origin": [13.07375, 5.01362, 16.86291]},
			"faces": {
				"north": {"uv": [1.875, 14.125, 1.9375, 14.375], "texture": "#0"},
				"east": {"uv": [2.125, 14.125, 2.1875, 14.375], "texture": "#0"},
				"south": {"uv": [2.375, 14.125, 2.4375, 14.375], "texture": "#0"},
				"west": {"uv": [2.625, 14.125, 2.6875, 14.375], "texture": "#0"},
				"up": {"uv": [13.5625, 14.3125, 13.5, 14.25], "texture": "#0"},
				"down": {"uv": [13.8125, 14.25, 13.75, 14.3125], "texture": "#0"}
			}
		},
		{
			"name": "octagon",
			"from": [11.591, 9.18161, 16.29669],
			"to": [16.2035, 12.41036, 22.41049],
			"rotation": {"angle": -22.5, "axis": "y", "origin": [8.46125, 5.62862, 16.86291]},
			"faces": {
				"north": {"uv": [8.625, 12, 9.125, 12.3125], "texture": "#0"},
				"east": {"uv": [2, 11.125, 2.625, 11.4375], "texture": "#0"},
				"south": {"uv": [11.25, 12, 11.75, 12.3125], "texture": "#0"},
				"west": {"uv": [2.75, 11.125, 3.375, 11.4375], "texture": "#0"},
				"up": {"uv": [2.5, 10.5, 2, 9.875], "texture": "#0"},
				"down": {"uv": [3.125, 9.875, 2.625, 10.5], "texture": "#0"}
			}
		},
		{
			"name": "octagon",
			"from": [11.21833, 9.18161, 13.18883],
			"to": [15.83083, 12.41036, 19.30262],
			"rotation": {"angle": 0, "axis": "z", "origin": [8.46125, 5.62862, 16.86291]},
			"faces": {
				"north": {"uv": [1.75, 12.125, 2.25, 12.4375], "texture": "#0"},
				"east": {"uv": [3.5, 11.125, 4.125, 11.4375], "texture": "#0"},
				"south": {"uv": [2.375, 12.125, 2.875, 12.4375], "texture": "#0"},
				"west": {"uv": [4.25, 11.125, 4.875, 11.4375], "texture": "#0"},
				"up": {"uv": [3.75, 10.5, 3.25, 9.875], "texture": "#0"},
				"down": {"uv": [4.375, 9.875, 3.875, 10.5], "texture": "#0"}
			}
		},
		{
			"name": "octagon",
			"from": [16.13833, 11.07041, 18.15147],
			"to": [18.29083, 12.45416, 18.73027],
			"rotation": {"angle": 22.5, "axis": "x", "origin": [18.13708, 11.14728, 18.13337]},
			"faces": {
				"north": {"uv": [14, 0, 14.25, 0.125], "texture": "#0"},
				"east": {"uv": [14.125, 4.625, 14.1875, 4.75], "texture": "#0"},
				"south": {"uv": [14, 0.25, 14.25, 0.375], "texture": "#0"},
				"west": {"uv": [14.125, 4.875, 14.1875, 5], "texture": "#0"},
				"up": {"uv": [14.125, 14.0625, 13.875, 14], "texture": "#0"},
				"down": {"uv": [0.25, 14.125, 0, 14.1875], "texture": "#0"}
			}
		},
		{
			"name": "octagon",
			"from": [17.67583, 11.82531, 16.95492],
			"to": [18.29083, 12.44031, 18.14871],
			"rotation": {"angle": 22.5, "axis": "x", "origin": [18.13708, 11.13343, 18.16682]},
			"faces": {
				"north": {"uv": [7.125, 14.25, 7.1875, 14.3125], "texture": "#0"},
				"east": {"uv": [14.125, 5.125, 14.25, 5.1875], "texture": "#0"},
				"south": {"uv": [7.375, 14.25, 7.4375, 14.3125], "texture": "#0"},
				"west": {"uv": [14.125, 5.375, 14.25, 5.4375], "texture": "#0"},
				"up": {"uv": [5.5625, 14.25, 5.5, 14.125], "texture": "#0"},
				"down": {"uv": [5.8125, 14.125, 5.75, 14.25], "texture": "#0"}
			}
		},
		{
			"name": "octagon",
			"from": [16.13833, 11.82531, 16.95492],
			"to": [16.75333, 12.44031, 18.14871],
			"rotation": {"angle": 22.5, "axis": "x", "origin": [18.13708, 11.13343, 18.16682]},
			"faces": {
				"north": {"uv": [7.625, 14.25, 7.6875, 14.3125], "texture": "#0"},
				"east": {"uv": [6, 14.125, 6.125, 14.1875], "texture": "#0"},
				"south": {"uv": [8.125, 14.25, 8.1875, 14.3125], "texture": "#0"},
				"west": {"uv": [14.125, 7.375, 14.25, 7.4375], "texture": "#0"},
				"up": {"uv": [14.1875, 7.75, 14.125, 7.625], "texture": "#0"},
				"down": {"uv": [14.1875, 7.875, 14.125, 8], "texture": "#0"}
			}
		},
		{
			"name": "octagon",
			"from": [16.93783, 11.82531, 16.95492],
			"to": [17.55283, 12.44031, 18.14871],
			"rotation": {"angle": 22.5, "axis": "x", "origin": [18.13708, 11.13343, 18.16682]},
			"faces": {
				"north": {"uv": [8.375, 14.25, 8.4375, 14.3125], "texture": "#0"},
				"east": {"uv": [14.125, 8.125, 14.25, 8.1875], "texture": "#0"},
				"south": {"uv": [14.25, 8.625, 14.3125, 8.6875], "texture": "#0"},
				"west": {"uv": [14.125, 8.375, 14.25, 8.4375], "texture": "#0"},
				"up": {"uv": [8.6875, 14.25, 8.625, 14.125], "texture": "#0"},
				"down": {"uv": [8.9375, 14.125, 8.875, 14.25], "texture": "#0"}
			}
		},
		{
			"name": "octagon",
			"from": [16.93783, 11.06825, 16.89608],
			"to": [17.55283, 11.68325, 18.08988],
			"rotation": {"angle": 22.5, "axis": "x", "origin": [18.13708, 10.99138, 18.10799]},
			"faces": {
				"north": {"uv": [14.25, 8.875, 14.3125, 8.9375], "texture": "#0"},
				"east": {"uv": [14.125, 9.125, 14.25, 9.1875], "texture": "#0"},
				"south": {"uv": [9.125, 14.25, 9.1875, 14.3125], "texture": "#0"},
				"west": {"uv": [14.125, 9.375, 14.25, 9.4375], "texture": "#0"},
				"up": {"uv": [9.5625, 14.25, 9.5, 14.125], "texture": "#0"},
				"down": {"uv": [9.8125, 14.125, 9.75, 14.25], "texture": "#0"}
			}
		},
		{
			"name": "octagon",
			"from": [17.67583, 11.06825, 16.89608],
			"to": [18.29083, 11.68325, 18.08988],
			"rotation": {"angle": 22.5, "axis": "x", "origin": [18.13708, 10.99138, 18.10799]},
			"faces": {
				"north": {"uv": [14.25, 9.625, 14.3125, 9.6875], "texture": "#0"},
				"east": {"uv": [10, 14.125, 10.125, 14.1875], "texture": "#0"},
				"south": {"uv": [14.25, 10.5, 14.3125, 10.5625], "texture": "#0"},
				"west": {"uv": [14.125, 10, 14.25, 10.0625], "texture": "#0"},
				"up": {"uv": [10.3125, 14.25, 10.25, 14.125], "texture": "#0"},
				"down": {"uv": [14.1875, 10.25, 14.125, 10.375], "texture": "#0"}
			}
		},
		{
			"name": "octagon",
			"from": [16.13833, 11.06825, 16.89608],
			"to": [16.75333, 11.68325, 18.08988],
			"rotation": {"angle": 22.5, "axis": "x", "origin": [18.13708, 10.99138, 18.10799]},
			"faces": {
				"north": {"uv": [14.25, 10.75, 14.3125, 10.8125], "texture": "#0"},
				"east": {"uv": [10.5, 14.125, 10.625, 14.1875], "texture": "#0"},
				"south": {"uv": [14.25, 11, 14.3125, 11.0625], "texture": "#0"},
				"west": {"uv": [10.75, 14.125, 10.875, 14.1875], "texture": "#0"},
				"up": {"uv": [11.0625, 14.25, 11, 14.125], "texture": "#0"},
				"down": {"uv": [11.3125, 14.125, 11.25, 14.25], "texture": "#0"}
			}
		},
		{
			"name": "octagon",
			"from": [-0.32283, 11.43016, 18.23775],
			"to": [1.09167, 12.81391, 18.81654],
			"rotation": {"angle": 22.5, "axis": "x", "origin": [1.1319, 11.54403, 17.27221]},
			"faces": {
				"north": {"uv": [0.375, 14.125, 0.5, 14.25], "texture": "#0"},
				"east": {"uv": [11.5, 14.125, 11.5625, 14.25], "texture": "#0"},
				"south": {"uv": [0.625, 14.125, 0.75, 14.25], "texture": "#0"},
				"west": {"uv": [11.75, 14.125, 11.8125, 14.25], "texture": "#0"},
				"up": {"uv": [14.25, 12.8125, 14.125, 12.75], "texture": "#0"},
				"down": {"uv": [14.25, 13, 14.125, 13.0625], "texture": "#0"}
			}
		},
		{
			"name": "octagon",
			"from": [0.47667, 12.19891, 17.04395],
			"to": [1.09167, 12.81391, 18.23775],
			"rotation": {"angle": 22.5, "axis": "x", "origin": [1.1319, 11.54403, 17.27221]},
			"faces": {
				"north": {"uv": [14.25, 11.25, 14.3125, 11.3125], "texture": "#0"},
				"east": {"uv": [14.125, 13.25, 14.25, 13.3125], "texture": "#0"},
				"south": {"uv": [14.25, 11.5, 14.3125, 11.5625], "texture": "#0"},
				"west": {"uv": [14.125, 13.5, 14.25, 13.5625], "texture": "#0"},
				"up": {"uv": [14.1875, 13.875, 14.125, 13.75], "texture": "#0"},
				"down": {"uv": [14.3125, 0.75, 14.25, 0.875], "texture": "#0"}
			}
		},
		{
			"name": "octagon",
			"from": [-0.32283, 12.19891, 17.04395],
			"to": [0.29217, 12.81391, 18.23775],
			"rotation": {"angle": 22.5, "axis": "x", "origin": [1.1319, 11.54403, 17.27221]},
			"faces": {
				"north": {"uv": [14.25, 11.75, 14.3125, 11.8125], "texture": "#0"},
				"east": {"uv": [14.25, 1, 14.375, 1.0625], "texture": "#0"},
				"south": {"uv": [14.25, 12, 14.3125, 12.0625], "texture": "#0"},
				"west": {"uv": [14.25, 1.25, 14.375, 1.3125], "texture": "#0"},
				"up": {"uv": [14.3125, 1.625, 14.25, 1.5], "texture": "#0"},
				"down": {"uv": [14.3125, 1.75, 14.25, 1.875], "texture": "#0"}
			}
		},
		{
			"name": "octagon",
			"from": [-0.32283, 11.43016, 17.04395],
			"to": [0.29217, 12.04516, 18.23775],
			"rotation": {"angle": 22.5, "axis": "x", "origin": [1.1319, 11.54403, 17.27221]},
			"faces": {
				"north": {"uv": [14.25, 12.25, 14.3125, 12.3125], "texture": "#0"},
				"east": {"uv": [14.25, 2, 14.375, 2.0625], "texture": "#0"},
				"south": {"uv": [12.5, 14.25, 12.5625, 14.3125], "texture": "#0"},
				"west": {"uv": [14.25, 2.25, 14.375, 2.3125], "texture": "#0"},
				"up": {"uv": [14.3125, 3.5, 14.25, 3.375], "texture": "#0"},
				"down": {"uv": [14.3125, 3.625, 14.25, 3.75], "texture": "#0"}
			}
		},
		{
			"name": "octagon",
			"from": [0.47667, 11.43016, 17.04395],
			"to": [1.09167, 12.04516, 18.23775],
			"rotation": {"angle": 22.5, "axis": "x", "origin": [1.1319, 11.54403, 17.27221]},
			"faces": {
				"north": {"uv": [14.25, 12.5, 14.3125, 12.5625], "texture": "#0"},
				"east": {"uv": [14.25, 3.875, 14.375, 3.9375], "texture": "#0"},
				"south": {"uv": [12.75, 14.25, 12.8125, 14.3125], "texture": "#0"},
				"west": {"uv": [14.25, 5.625, 14.375, 5.6875], "texture": "#0"},
				"up": {"uv": [14.3125, 6, 14.25, 5.875], "texture": "#0"},
				"down": {"uv": [14.3125, 6.125, 14.25, 6.25], "texture": "#0"}
			}
		},
		{
			"name": "octagon",
			"from": [-1.55068, 9.79661, 19.25035],
			"to": [0.60182, 11.79536, 25.36414],
			"rotation": {"angle": 22.5, "axis": "y", "origin": [1.1319, 11.54403, 17.27221]},
			"faces": {
				"north": {"uv": [6.625, 13.25, 6.875, 13.4375], "texture": "#0"},
				"east": {"uv": [5.25, 12.375, 5.875, 12.5625], "texture": "#0"},
				"south": {"uv": [13.25, 6.75, 13.5, 6.9375], "texture": "#0"},
				"west": {"uv": [6, 12.375, 6.625, 12.5625], "texture": "#0"},
				"up": {"uv": [3.25, 12.75, 3, 12.125], "texture": "#0"},
				"down": {"uv": [3.625, 12.125, 3.375, 12.75], "texture": "#0"}
			}
		},
		{
			"name": "octagon",
			"from": [2.43569, 10.10411, 13.95881],
			"to": [3.93698, 12.71786, 16.72631],
			"rotation": {"angle": 45, "axis": "y", "origin": [1.1319, 11.54403, 17.27221]},
			"faces": {
				"north": {"uv": [14, 1.875, 14.125, 2.125], "texture": "#0"},
				"east": {"uv": [12.625, 4.625, 12.9375, 4.875], "texture": "#0"},
				"south": {"uv": [14, 2.25, 14.125, 2.5], "texture": "#0"},
				"west": {"uv": [12.625, 7.375, 12.9375, 7.625], "texture": "#0"},
				"up": {"uv": [13.75, 11.3125, 13.625, 11], "texture": "#0"},
				"down": {"uv": [13.75, 11.5, 13.625, 11.8125], "texture": "#0"}
			}
		},
		{
			"name": "octagon",
			"from": [3.93698, 10.10411, 13.95881],
			"to": [5.43828, 12.71786, 15.80381],
			"rotation": {"angle": 45, "axis": "y", "origin": [1.1319, 11.54403, 17.27221]},
			"faces": {
				"north": {"uv": [2.875, 14, 3, 14.25], "texture": "#0"},
				"east": {"uv": [7, 13.25, 7.1875, 13.5], "texture": "#0"},
				"south": {"uv": [3.125, 14, 3.25, 14.25], "texture": "#0"},
				"west": {"uv": [7.375, 13.25, 7.5625, 13.5], "texture": "#0"},
				"up": {"uv": [6.5, 14.1875, 6.375, 14], "texture": "#0"},
				"down": {"uv": [14.125, 6.375, 14, 6.5625], "texture": "#0"}
			}
		},
		{
			"name": "octagon",
			"from": [5.43828, 10.10411, 13.95881],
			"to": [6.93957, 12.71786, 15.80381],
			"rotation": {"angle": 45, "axis": "y", "origin": [1.1319, 11.54403, 17.27221]},
			"faces": {
				"north": {"uv": [3.375, 14, 3.5, 14.25], "texture": "#0"},
				"east": {"uv": [7.75, 13.25, 7.9375, 13.5], "texture": "#0"},
				"south": {"uv": [14, 3.375, 14.125, 3.625], "texture": "#0"},
				"west": {"uv": [8.125, 13.25, 8.3125, 13.5], "texture": "#0"},
				"up": {"uv": [6.75, 14.1875, 6.625, 14], "texture": "#0"},
				"down": {"uv": [14.125, 6.75, 14, 6.9375], "texture": "#0"}
			}
		},
		{
			"name": "octagon",
			"from": [10.29043, 10.10411, 13.95881],
			"to": [11.79172, 12.71786, 15.80381],
			"rotation": {"angle": -45, "axis": "y", "origin": [16.0981, 11.54403, 17.27221]},
			"faces": {
				"north": {"uv": [3.5, 14, 3.375, 14.25], "texture": "#0"},
				"east": {"uv": [8.3125, 13.25, 8.125, 13.5], "texture": "#0"},
				"south": {"uv": [14.125, 3.375, 14, 3.625], "texture": "#0"},
				"west": {"uv": [7.9375, 13.25, 7.75, 13.5], "texture": "#0"},
				"up": {"uv": [6.625, 14.1875, 6.75, 14], "texture": "#0"},
				"down": {"uv": [14, 6.75, 14.125, 6.9375], "texture": "#0"}
			}
		},
		{
			"name": "octagon",
			"from": [11.79172, 10.10411, 13.95881],
			"to": [13.29302, 12.71786, 15.80381],
			"rotation": {"angle": -45, "axis": "y", "origin": [16.0981, 11.54403, 17.27221]},
			"faces": {
				"north": {"uv": [3, 14, 2.875, 14.25], "texture": "#0"},
				"east": {"uv": [7.5625, 13.25, 7.375, 13.5], "texture": "#0"},
				"south": {"uv": [3.25, 14, 3.125, 14.25], "texture": "#0"},
				"west": {"uv": [7.1875, 13.25, 7, 13.5], "texture": "#0"},
				"up": {"uv": [6.375, 14.1875, 6.5, 14], "texture": "#0"},
				"down": {"uv": [14, 6.375, 14.125, 6.5625], "texture": "#0"}
			}
		},
		{
			"name": "octagon",
			"from": [13.29302, 10.10411, 13.95881],
			"to": [14.79431, 12.71786, 16.72631],
			"rotation": {"angle": -45, "axis": "y", "origin": [16.0981, 11.54403, 17.27221]},
			"faces": {
				"north": {"uv": [14.125, 1.875, 14, 2.125], "texture": "#0"},
				"east": {"uv": [12.9375, 7.375, 12.625, 7.625], "texture": "#0"},
				"south": {"uv": [14.125, 2.25, 14, 2.5], "texture": "#0"},
				"west": {"uv": [12.9375, 4.625, 12.625, 4.875], "texture": "#0"},
				"up": {"uv": [13.625, 11.3125, 13.75, 11], "texture": "#0"},
				"down": {"uv": [13.625, 11.5, 13.75, 11.8125], "texture": "#0"}
			}
		},
		{
			"name": "octagon",
			"from": [16.62818, 9.79661, 19.25035],
			"to": [18.78068, 11.79536, 25.36414],
			"rotation": {"angle": -22.5, "axis": "y", "origin": [16.0981, 11.54403, 17.27221]},
			"faces": {
				"north": {"uv": [6.875, 13.25, 6.625, 13.4375], "texture": "#0"},
				"east": {"uv": [6.625, 12.375, 6, 12.5625], "texture": "#0"},
				"south": {"uv": [13.5, 6.75, 13.25, 6.9375], "texture": "#0"},
				"west": {"uv": [5.875, 12.375, 5.25, 12.5625], "texture": "#0"},
				"up": {"uv": [3, 12.75, 3.25, 12.125], "texture": "#0"},
				"down": {"uv": [3.375, 12.125, 3.625, 12.75], "texture": "#0"}
			}
		}
	],
	"display": {
		"head": {
			"translation": [0, -9.75, -36.5],
			"scale": [4, 4, 4]
		}
	},
	"groups": [
		{
			"name": "octagon",
			"origin": [8, 8, 8],
			"color": 0,
			"children": [
				0,
				1,
				2,
				3,
				4,
				5,
				6,
				7,
				8,
				9,
				10,
				11,
				12,
				13,
				14,
				15,
				16,
				17,
				18,
				19,
				20,
				21,
				22,
				23,
				24,
				25,
				26,
				27,
				28,
				29,
				30,
				31,
				32,
				33,
				34,
				35,
				36,
				37,
				38,
				39,
				40,
				41,
				42,
				43,
				44,
				45,
				46,
				47,
				48,
				49,
				50,
				51
			]
		}
	]
}