{
	"credit": "www.sebxter.pl",
	"texture_size": [128, 128],
	"textures": {
		"1": "block/vehiles/car/ambulance",
		"1_1": "block/vehiles/car/seats",
		"particle": "sebxter:tires_pack/tire_1"
	},
	"elements": [
		{
			"from": [-1, 4, -6.5],
			"to": [17, 7, -0.5],
			"rotation": {"angle": 0, "axis": "y", "origin": [8, 4.5, -6]},
			"faces": {
				"north": {"uv": [11.125, 4.5, 13.375, 4.875], "texture": "#1"},
				"east": {"uv": [5, 12.625, 5.75, 13], "texture": "#1"},
				"south": {"uv": [11.125, 5, 13.375, 5.375], "texture": "#1"},
				"west": {"uv": [12.625, 5.5, 13.375, 5.875], "texture": "#1"},
				"up": {"uv": [8.75, 9.75, 6.5, 9], "texture": "#1"},
				"down": {"uv": [11.125, 9, 8.875, 9.75], "texture": "#1"}
			}
		},
		{
			"from": [1, 0, -6.5],
			"to": [15, 4, -0.5],
			"rotation": {"angle": 0, "axis": "y", "origin": [8, 2, 8.5]},
			"faces": {
				"north": {"uv": [1.75, 11, 3.5, 11.5], "texture": "#1"},
				"east": {"uv": [11.75, 5.5, 12.5, 6], "texture": "#1"},
				"south": {"uv": [3.625, 11, 5.375, 11.5], "texture": "#1"},
				"west": {"uv": [10.75, 11.75, 11.5, 12.25], "texture": "#1"},
				"up": {"uv": [11.375, 8.75, 9.625, 8], "texture": "#1"},
				"down": {"uv": [11.625, 5.75, 9.875, 6.5], "texture": "#1"}
			}
		},
		{
			"from": [13, 0, -10.5],
			"to": [17, 7, -6.5],
			"rotation": {"angle": 0, "axis": "y", "origin": [8, 4.5, -6]},
			"faces": {
				"north": {"uv": [5.5, 11, 6, 11.875], "texture": "#1"},
				"east": {"uv": [11.625, 0.375, 12.125, 1.25], "texture": "#1"},
				"south": {"uv": [11.625, 1.375, 12.125, 2.25], "texture": "#1"},
				"west": {"uv": [1.75, 11.625, 2.25, 12.5], "texture": "#1"},
				"up": {"uv": [10.625, 13.125, 10.125, 12.625], "texture": "#1"},
				"down": {"uv": [11.25, 12.625, 10.75, 13.125], "texture": "#1"}
			}
		},
		{
			"from": [-1, 0, -10.5],
			"to": [3, 7, -6.5],
			"rotation": {"angle": 0, "axis": "y", "origin": [8, 4.5, -6]},
			"faces": {
				"north": {"uv": [2.375, 11.625, 2.875, 12.5], "texture": "#1"},
				"east": {"uv": [3, 11.625, 3.5, 12.5], "texture": "#1"},
				"south": {"uv": [3.625, 11.625, 4.125, 12.5], "texture": "#1"},
				"west": {"uv": [4.25, 11.625, 4.75, 12.5], "texture": "#1"},
				"up": {"uv": [11.875, 13.125, 11.375, 12.625], "texture": "#1"},
				"down": {"uv": [12.5, 12.625, 12, 13.125], "texture": "#1"}
			}
		},
		{
			"from": [3, 0, -10.5],
			"to": [13, 2, -6.5],
			"rotation": {"angle": 0, "axis": "y", "origin": [8, 4.5, -6]},
			"faces": {
				"north": {"uv": [11.75, 6.125, 13, 6.375], "texture": "#1"},
				"down": {"uv": [2.5, 8.5, 1.25, 9], "texture": "#1"}
			}
		},
		{
			"from": [14, 4.6, -11],
			"to": [16, 6.6, -10],
			"rotation": {"angle": 22.5, "axis": "x", "origin": [15, 5.6, -11]},
			"faces": {
				"north": {"uv": [9.375, 4.5, 9.625, 4.75], "texture": "#1"},
				"east": {"uv": [4.25, 13.625, 4.375, 13.875], "texture": "#1"},
				"south": {"uv": [9.375, 4.875, 9.625, 5.125], "texture": "#1"},
				"west": {"uv": [4.5, 13.625, 4.625, 13.875], "texture": "#1"},
				"up": {"uv": [6.75, 8.875, 6.5, 8.75], "texture": "#1"},
				"down": {"uv": [4.875, 10.75, 4.625, 10.875], "texture": "#1"}
			}
		},
		{
			"from": [0, 4.6, -11],
			"to": [2, 6.6, -10],
			"rotation": {"angle": 22.5, "axis": "x", "origin": [1, 5.6, -11]},
			"faces": {
				"north": {"uv": [4.625, 10.375, 4.875, 10.625], "texture": "#1"},
				"east": {"uv": [4.75, 13.625, 4.875, 13.875], "texture": "#1"},
				"south": {"uv": [7.875, 11.625, 8.125, 11.875], "texture": "#1"},
				"west": {"uv": [11, 13.625, 11.125, 13.875], "texture": "#1"},
				"up": {"uv": [4.875, 13, 4.625, 12.875], "texture": "#1"},
				"down": {"uv": [13.625, 11.5, 13.375, 11.625], "texture": "#1"}
			}
		},
		{
			"from": [3, 3.5, -10],
			"to": [13, 7.5, -1],
			"rotation": {"angle": 0, "axis": "y", "origin": [8, 5.5, -6]},
			"faces": {
				"north": {"uv": [11.25, 2.625, 12.5, 3.125], "texture": "#1"},
				"east": {"uv": [8.25, 11.5, 9.375, 12], "texture": "#1"},
				"south": {"uv": [11.25, 8.875, 12.5, 9.375], "texture": "#1"},
				"west": {"uv": [9.5, 11.5, 10.625, 12], "texture": "#1"},
				"up": {"uv": [4.875, 10.25, 3.625, 9.125], "texture": "#1"},
				"down": {"uv": [11, 4.5, 9.75, 5.625], "texture": "#1"}
			}
		},
		{
			"from": [12, 2.93017, -11.10791],
			"to": [13, 5.93017, -10.10791],
			"rotation": {"angle": 22.5, "axis": "x", "origin": [8, 3.93017, -6.60791]},
			"faces": {
				"north": {"uv": [0.25, 13.625, 0.375, 14], "texture": "#1"},
				"east": {"uv": [2.5, 13.625, 2.625, 14], "texture": "#1"},
				"south": {"uv": [2.75, 13.625, 2.875, 14], "texture": "#1"},
				"west": {"uv": [3, 13.625, 3.125, 14], "texture": "#1"},
				"up": {"uv": [9.125, 14, 9, 13.875], "texture": "#1"},
				"down": {"uv": [9.375, 13.875, 9.25, 14], "texture": "#1"}
			}
		},
		{
			"from": [3, 2.93017, -11.10791],
			"to": [4, 5.93017, -10.10791],
			"rotation": {"angle": 22.5, "axis": "x", "origin": [8, 3.93017, -6.60791]},
			"faces": {
				"north": {"uv": [3.25, 13.625, 3.375, 14], "texture": "#1"},
				"east": {"uv": [3.5, 13.625, 3.625, 14], "texture": "#1"},
				"south": {"uv": [3.75, 13.625, 3.875, 14], "texture": "#1"},
				"west": {"uv": [4, 13.625, 4.125, 14], "texture": "#1"},
				"up": {"uv": [14, 9.625, 13.875, 9.5], "texture": "#1"},
				"down": {"uv": [10.125, 13.875, 10, 14], "texture": "#1"}
			}
		},
		{
			"from": [10, 4.7109, -10.80343],
			"to": [11, 6.7109, -9.80343],
			"rotation": {"angle": 45, "axis": "y", "origin": [10.5, 5.7109, -10.30343]},
			"faces": {
				"north": {"uv": [11.25, 13.625, 11.375, 13.875], "texture": "#1"},
				"east": {"uv": [11.5, 13.625, 11.625, 13.875], "texture": "#1"},
				"south": {"uv": [11.75, 13.625, 11.875, 13.875], "texture": "#1"},
				"west": {"uv": [12, 13.625, 12.125, 13.875], "texture": "#1"},
				"up": {"uv": [10.375, 14, 10.25, 13.875], "texture": "#1"},
				"down": {"uv": [14, 13.5, 13.875, 13.625], "texture": "#1"}
			}
		},
		{
			"from": [5, 4.7109, -10.80343],
			"to": [6, 6.7109, -9.80343],
			"rotation": {"angle": 45, "axis": "y", "origin": [5.5, 5.7109, -10.30343]},
			"faces": {
				"north": {"uv": [12.25, 13.625, 12.375, 13.875], "texture": "#1"},
				"east": {"uv": [13.375, 13.625, 13.5, 13.875], "texture": "#1"},
				"south": {"uv": [13.625, 13.625, 13.75, 13.875], "texture": "#1"},
				"west": {"uv": [0.5, 13.75, 0.625, 14], "texture": "#1"},
				"up": {"uv": [14, 13.875, 13.875, 13.75], "texture": "#1"},
				"down": {"uv": [4.375, 14, 4.25, 14.125], "texture": "#1"}
			}
		},
		{
			"from": [7.5, 4.7109, -10.80343],
			"to": [8.5, 6.7109, -9.80343],
			"rotation": {"angle": 45, "axis": "y", "origin": [8, 5.7109, -10.30343]},
			"faces": {
				"north": {"uv": [0.75, 13.75, 0.875, 14], "texture": "#1"},
				"east": {"uv": [1, 13.75, 1.125, 14], "texture": "#1"},
				"south": {"uv": [1.25, 13.75, 1.375, 14], "texture": "#1"},
				"west": {"uv": [1.5, 13.75, 1.625, 14], "texture": "#1"},
				"up": {"uv": [14.125, 4.5, 14, 4.375], "texture": "#1"},
				"down": {"uv": [4.625, 14, 4.5, 14.125], "texture": "#1"}
			}
		},
		{
			"from": [4, 6.29289, -10.5],
			"to": [12, 7.29289, -9.5],
			"rotation": {"angle": 45, "axis": "x", "origin": [9, 6.79289, -10]},
			"faces": {
				"north": {"uv": [3, 13.125, 4, 13.25], "texture": "#1"},
				"east": {"uv": [14, 4.625, 14.125, 4.75], "texture": "#1"},
				"south": {"uv": [4.625, 13.125, 5.625, 13.25], "texture": "#1"},
				"west": {"uv": [4.75, 14, 4.875, 14.125], "texture": "#1"},
				"up": {"uv": [14.125, 6.125, 13.125, 6], "texture": "#1"},
				"down": {"uv": [14.125, 6.25, 13.125, 6.375], "texture": "#1"}
			}
		},
		{
			"from": [3, 3.72837, -11.14805],
			"to": [13, 4.72837, -10.14805],
			"rotation": {"angle": 0, "axis": "x", "origin": [3.5, 3.22837, -10.64805]},
			"faces": {
				"north": {"uv": [0, 12.875, 1.25, 13], "texture": "#1"},
				"east": {"uv": [14, 4.875, 14.125, 5], "texture": "#1"},
				"south": {"uv": [1.375, 12.875, 2.625, 13], "texture": "#1"},
				"west": {"uv": [14, 5.125, 14.125, 5.25], "texture": "#1"},
				"up": {"uv": [4, 13, 2.75, 12.875], "texture": "#1"},
				"down": {"uv": [14.125, 9.875, 12.875, 10], "texture": "#1"}
			}
		},
		{
			"from": [0.5, 0.75, -12.75],
			"to": [3.5, 2.75, -9.75],
			"rotation": {"angle": 45, "axis": "x", "origin": [2, 1.5, -10.75]},
			"faces": {
				"north": {"uv": [4.875, 11.625, 5.25, 11.875], "texture": "#1"},
				"east": {"uv": [11.125, 13.25, 11.5, 13.5], "texture": "#1"},
				"south": {"uv": [11.625, 13.25, 12, 13.5], "texture": "#1"},
				"west": {"uv": [12.125, 13.25, 12.5, 13.5], "texture": "#1"},
				"up": {"uv": [6.875, 8.625, 6.5, 8.25], "texture": "#1"},
				"down": {"uv": [4.5, 12.875, 4.125, 13.25], "texture": "#1"}
			}
		},
		{
			"from": [12.5, 0.75, -12.75],
			"to": [15.5, 2.75, -9.75],
			"rotation": {"angle": 45, "axis": "x", "origin": [14, 1.5, -10.75]},
			"faces": {
				"north": {"uv": [0.5, 13.375, 0.875, 13.625], "texture": "#1"},
				"east": {"uv": [1, 13.375, 1.375, 13.625], "texture": "#1"},
				"south": {"uv": [1.5, 13.375, 1.875, 13.625], "texture": "#1"},
				"west": {"uv": [2, 13.375, 2.375, 13.625], "texture": "#1"},
				"up": {"uv": [13.375, 13.375, 13, 13], "texture": "#1"},
				"down": {"uv": [0.375, 13.125, 0, 13.5], "texture": "#1"}
			}
		},
		{
			"from": [-1.5, 1.5, -11.5],
			"to": [17.5, 4.5, -7.5],
			"rotation": {"angle": 0, "axis": "y", "origin": [8.5, 3, -9.5]},
			"faces": {
				"north": {"uv": [9.875, 6.625, 12.25, 7], "texture": "#1"},
				"east": {"uv": [8.5, 12.75, 9, 13.125], "texture": "#1"},
				"south": {"uv": [10.75, 10.875, 13.125, 11.25], "texture": "#1"},
				"west": {"uv": [9.125, 12.75, 9.625, 13.125], "texture": "#1"},
				"up": {"uv": [10.625, 10.375, 8.25, 9.875], "texture": "#1"},
				"down": {"uv": [2.375, 10.25, 0, 10.75], "texture": "#1"}
			}
		},
		{
			"from": [-1.5, 0.5, 8.5],
			"to": [17.5, 1.5, 17.5],
			"rotation": {"angle": 0, "axis": "y", "origin": [8.5, 3, 26.5]},
			"faces": {
				"north": {"uv": [10.125, 12.375, 12.5, 12.5], "texture": "#1"},
				"east": {"uv": [0.5, 13.125, 1.625, 13.25], "texture": "#1"},
				"south": {"uv": [12.5, 11.75, 14.875, 11.875], "texture": "#1"},
				"west": {"uv": [1.75, 13.125, 2.875, 13.25], "texture": "#1"},
				"up": {"uv": [7.125, 7, 4.75, 5.875], "texture": "#1"},
				"down": {"uv": [2.375, 6.375, 0, 7.5], "texture": "#1"}
			}
		},
		{
			"from": [-1.5, 0.5, 23.5],
			"to": [17.5, 1.5, 30.5],
			"rotation": {"angle": 0, "axis": "y", "origin": [8.5, 3, 26.5]},
			"faces": {
				"north": {"uv": [12.5, 12, 14.875, 12.125], "texture": "#1"},
				"east": {"uv": [13.25, 10.75, 14.125, 10.875], "texture": "#1"},
				"south": {"uv": [0, 12.625, 2.375, 12.75], "texture": "#1"},
				"west": {"uv": [13.25, 11, 14.125, 11.125], "texture": "#1"},
				"up": {"uv": [9.375, 8, 7, 7.125], "texture": "#1"},
				"down": {"uv": [9.625, 5.25, 7.25, 6.125], "texture": "#1"}
			}
		},
		{
			"from": [5, 0.5, -11.5],
			"to": [11, 1.5, -7.5],
			"rotation": {"angle": 0, "axis": "y", "origin": [8, 1, -9.5]},
			"faces": {
				"north": {"uv": [2.5, 13.375, 3.25, 13.5], "texture": "#1"},
				"east": {"uv": [11.125, 5.5, 11.625, 5.625], "texture": "#1"},
				"south": {"uv": [3.375, 13.375, 4.125, 13.5], "texture": "#1"},
				"west": {"uv": [10.125, 12.125, 10.625, 12.25], "texture": "#1"},
				"up": {"uv": [12.375, 12.25, 11.625, 11.75], "texture": "#1"},
				"down": {"uv": [5.625, 12, 4.875, 12.5], "texture": "#1"}
			}
		},
		{
			"from": [-0.25, 3.75, 29.1],
			"to": [0.75, 7.75, 30.1],
			"rotation": {"angle": 45, "axis": "y", "origin": [0.25, 5.75, 29.6]},
			"faces": {
				"north": {"uv": [7, 5.25, 7.125, 5.75], "texture": "#1"},
				"east": {"uv": [9.5, 13.5, 9.625, 14], "texture": "#1"},
				"south": {"uv": [10.5, 13.5, 10.625, 14], "texture": "#1"},
				"west": {"uv": [10.75, 13.5, 10.875, 14], "texture": "#1"},
				"up": {"uv": [14.125, 5.5, 14, 5.375], "texture": "#1"},
				"down": {"uv": [14.125, 5.625, 14, 5.75], "texture": "#1"}
			}
		},
		{
			"from": [-0.25, 8.75, 29.1],
			"to": [0.75, 9.75, 30.1],
			"rotation": {"angle": -45, "axis": "x", "origin": [0.25, 9.25, 29.6]},
			"faces": {
				"north": {"uv": [8.125, 14, 8.25, 14.125], "texture": "#1"},
				"east": {"uv": [11, 14, 11.125, 14.125], "texture": "#1"},
				"south": {"uv": [11.25, 14, 11.375, 14.125], "texture": "#1"},
				"west": {"uv": [11.5, 14, 11.625, 14.125], "texture": "#1"},
				"up": {"uv": [11.875, 14.125, 11.75, 14], "texture": "#1"},
				"down": {"uv": [12.125, 14, 12, 14.125], "texture": "#1"}
			}
		},
		{
			"from": [15.25, 8.75, 29.1],
			"to": [16.25, 9.75, 30.1],
			"rotation": {"angle": -45, "axis": "x", "origin": [15.75, 9.25, 29.6]},
			"faces": {
				"north": {"uv": [12.25, 14, 12.375, 14.125], "texture": "#1"},
				"east": {"uv": [13.375, 14, 13.5, 14.125], "texture": "#1"},
				"south": {"uv": [13.625, 14, 13.75, 14.125], "texture": "#1"},
				"west": {"uv": [13.875, 14, 14, 14.125], "texture": "#1"},
				"up": {"uv": [0.375, 14.25, 0.25, 14.125], "texture": "#1"},
				"down": {"uv": [0.625, 14.125, 0.5, 14.25], "texture": "#1"}
			}
		},
		{
			"from": [15.25, 3.75, 29.1],
			"to": [16.25, 7.75, 30.1],
			"rotation": {"angle": -45, "axis": "y", "origin": [15.75, 5.75, 29.6]},
			"faces": {
				"north": {"uv": [12.875, 13.5, 13, 14], "texture": "#1"},
				"east": {"uv": [13.5, 13, 13.625, 13.5], "texture": "#1"},
				"south": {"uv": [13.125, 13.5, 13.25, 14], "texture": "#1"},
				"west": {"uv": [0, 13.625, 0.125, 14.125], "texture": "#1"},
				"up": {"uv": [0.875, 14.25, 0.75, 14.125], "texture": "#1"},
				"down": {"uv": [1.125, 14.125, 1, 14.25], "texture": "#1"}
			}
		},
		{
			"from": [-1, 0, -0.5],
			"to": [1, 7, 8.5],
			"rotation": {"angle": 0, "axis": "y", "origin": [8, 3.5, 11.33333]},
			"faces": {
				"north": {"uv": [12.625, 12.25, 12.875, 13.125], "texture": "#1"},
				"east": {"uv": [5, 10, 6.125, 10.875], "texture": "#1"},
				"south": {"uv": [7.375, 12.75, 7.625, 13.625], "texture": "#1"},
				"west": {"uv": [8.25, 10.5, 9.375, 11.375], "texture": "#1"},
				"up": {"uv": [6.125, 13.75, 5.875, 12.625], "texture": "#1"},
				"down": {"uv": [6.5, 12.625, 6.25, 13.75], "texture": "#1"}
			}
		},
		{
			"from": [15, 0, -0.5],
			"to": [17, 7, 8.5],
			"shade": false,
			"rotation": {"angle": 0, "axis": "y", "origin": [8, 3.5, 11.33333]},
			"faces": {
				"north": {"uv": [7.75, 12.75, 8, 13.625], "texture": "#1"},
				"east": {"uv": [9.5, 10.5, 10.625, 11.375], "texture": "#1"},
				"south": {"uv": [8.125, 12.75, 8.375, 13.625], "texture": "#1"},
				"west": {"uv": [10.75, 9.875, 11.875, 10.75], "texture": "#1"},
				"up": {"uv": [6.875, 13.75, 6.625, 12.625], "texture": "#1"},
				"down": {"uv": [7.25, 12.625, 7, 13.75], "texture": "#1"}
			}
		},
		{
			"from": [1, 0, -0.5],
			"to": [15, 1, 8.5],
			"rotation": {"angle": 0, "axis": "y", "origin": [8, 3.5, 11.33333]},
			"faces": {
				"south": {"uv": [7.375, 2.5, 9.125, 2.625], "texture": "#1"},
				"up": {"uv": [9.125, 1.125, 7.375, 0], "texture": "#1"},
				"down": {"uv": [9.125, 1.25, 7.375, 2.375], "texture": "#1"}
			}
		},
		{
			"from": [1, 0.03702, -0.3139],
			"to": [15, 7.03702, 0.6861],
			"rotation": {"angle": -22.5, "axis": "x", "origin": [8, 4.03702, 0.18611]},
			"faces": {
				"south": {"uv": [9.375, 2.625, 11.125, 3.5], "texture": "#1"}
			}
		},
		{
			"from": [-2, 2.9, -1.5],
			"to": [18, 4.9, -0.5],
			"rotation": {"angle": -22.5, "axis": "x", "origin": [-1.5, 4.9, 0]},
			"faces": {
				"north": {"uv": [11.25, 3.25, 13.75, 3.5], "texture": "#1"},
				"east": {"uv": [1.75, 13.75, 1.875, 14], "texture": "#1"},
				"south": {"uv": [11.25, 9.5, 13.75, 9.75], "texture": "#1"},
				"west": {"uv": [2, 13.75, 2.125, 14], "texture": "#1"},
				"up": {"uv": [14.125, 7.875, 11.625, 7.75], "texture": "#1"},
				"down": {"uv": [14.5, 10.5, 12, 10.625], "texture": "#1"}
			}
		},
		{
			"from": [-2, 1.75195, -6.65224],
			"to": [18, 3.75195, -5.65224],
			"rotation": {"angle": 22.5, "axis": "x", "origin": [-1.5, 3.75195, -4.15224]},
			"faces": {
				"north": {"uv": [10.75, 11.375, 13.25, 11.625], "texture": "#1"},
				"east": {"uv": [2.25, 13.75, 2.375, 14], "texture": "#1"},
				"south": {"uv": [11.5, 3.625, 14, 3.875], "texture": "#1"},
				"west": {"uv": [13.75, 4.375, 13.875, 4.625], "texture": "#1"},
				"up": {"uv": [14.75, 0.5, 12.25, 0.375], "texture": "#1"},
				"down": {"uv": [14.75, 0.625, 12.25, 0.75], "texture": "#1"}
			}
		},
		{
			"from": [-1.995, 3.71366, -6.45694],
			"to": [17.995, 4.70366, -0.46694],
			"rotation": {"angle": 0, "axis": "y", "origin": [-1.5, 5.20866, -2.46194]},
			"faces": {
				"north": {"uv": [12.25, 0.875, 14.75, 1], "texture": "#1"},
				"east": {"uv": [4.25, 13.375, 5, 13.5], "texture": "#1"},
				"south": {"uv": [12.25, 1.125, 14.75, 1.25], "texture": "#1"},
				"west": {"uv": [13.375, 7, 14.125, 7.125], "texture": "#1"},
				"up": {"uv": [9.75, 7, 7.25, 6.25], "texture": "#1"},
				"down": {"uv": [2.5, 7.625, 0, 8.375], "texture": "#1"}
			}
		},
		{
			"from": [-2, 1.75195, 17.34776],
			"to": [18, 3.75195, 18.34776],
			"rotation": {"angle": 22.5, "axis": "x", "origin": [-1.5, 3.75195, 19.84776]},
			"faces": {
				"north": {"uv": [11.5, 4, 14, 4.25], "texture": "#1"},
				"east": {"uv": [13.75, 4.75, 13.875, 5], "texture": "#1"},
				"south": {"uv": [11.5, 8, 14, 8.25], "texture": "#1"},
				"west": {"uv": [7.375, 13.75, 7.5, 14], "texture": "#1"},
				"up": {"uv": [14.75, 1.5, 12.25, 1.375], "texture": "#1"},
				"down": {"uv": [14.75, 1.625, 12.25, 1.75], "texture": "#1"}
			}
		},
		{
			"from": [-1.995, 3.71366, 17.54306],
			"to": [17.995, 4.70366, 23.53306],
			"rotation": {"angle": 0, "axis": "y", "origin": [-1.5, 5.20866, 21.53806]},
			"faces": {
				"north": {"uv": [12.25, 1.875, 14.75, 2], "texture": "#1"},
				"east": {"uv": [13.375, 7.25, 14.125, 7.375], "texture": "#1"},
				"south": {"uv": [12.25, 2.125, 14.75, 2.25], "texture": "#1"},
				"west": {"uv": [13.375, 11.25, 14.125, 11.375], "texture": "#1"},
				"up": {"uv": [9.5, 8.875, 7, 8.125], "texture": "#1"},
				"down": {"uv": [5.125, 8.25, 2.625, 9], "texture": "#1"}
			}
		},
		{
			"from": [-2, 2.9, 22.5],
			"to": [18, 4.9, 23.5],
			"rotation": {"angle": -22.5, "axis": "x", "origin": [-1.5, 4.9, 24]},
			"faces": {
				"north": {"uv": [11.5, 8.375, 14, 8.625], "texture": "#1"},
				"east": {"uv": [7.625, 13.75, 7.75, 14], "texture": "#1"},
				"south": {"uv": [11.625, 0, 14.125, 0.25], "texture": "#1"},
				"west": {"uv": [7.875, 13.75, 8, 14], "texture": "#1"},
				"up": {"uv": [14.875, 6.625, 12.375, 6.5], "texture": "#1"},
				"down": {"uv": [14.875, 6.75, 12.375, 6.875], "texture": "#1"}
			}
		},
		{
			"from": [0, 0, 17.5],
			"to": [16, 4, 23.5],
			"rotation": {"angle": 0, "axis": "y", "origin": [8, 2, 32.5]},
			"faces": {
				"north": {"uv": [2.625, 7.5, 4.625, 8], "texture": "#1"},
				"east": {"uv": [5.75, 12, 6.5, 12.5], "texture": "#1"},
				"south": {"uv": [2.5, 10.375, 4.5, 10.875], "texture": "#1"},
				"west": {"uv": [6.625, 12, 7.375, 12.5], "texture": "#1"},
				"up": {"uv": [11.375, 4.375, 9.375, 3.625], "texture": "#1"},
				"down": {"uv": [11.5, 7.125, 9.5, 7.875], "texture": "#1"}
			}
		},
		{
			"from": [-0.5, 6.52336, -0.36334],
			"to": [0.5, 12.52336, 0.63666],
			"rotation": {"angle": 22.5, "axis": "x", "origin": [8, 9.52336, 0.13666]},
			"faces": {
				"north": {"uv": [5, 9.125, 5.125, 9.875], "texture": "#1"},
				"east": {"uv": [12.625, 13.25, 12.75, 14], "texture": "#1"},
				"south": {"uv": [5.125, 13.375, 5.25, 14.125], "texture": "#1"},
				"west": {"uv": [5.375, 13.375, 5.5, 14.125], "texture": "#1"},
				"up": {"uv": [1.375, 14.25, 1.25, 14.125], "texture": "#1"},
				"down": {"uv": [1.625, 14.125, 1.5, 14.25], "texture": "#1"}
			}
		},
		{
			"from": [-0.495, 11.49134, 0.82777],
			"to": [16.495, 12.48134, 8.81777],
			"rotation": {"angle": 0, "axis": "y", "origin": [8, 11.98634, 9.32277]},
			"faces": {
				"north": {"uv": [1.25, 10, 3.375, 10.125], "texture": "#1"},
				"east": {"uv": [8.5, 13.25, 9.5, 13.375], "texture": "#1"},
				"south": {"uv": [12.625, 2.875, 14.75, 3], "texture": "#1"},
				"west": {"uv": [10, 13.25, 11, 13.375], "texture": "#1"},
				"up": {"uv": [4.625, 7.375, 2.5, 6.375], "texture": "#1"},
				"down": {"uv": [6.875, 7.125, 4.75, 8.125], "texture": "#1"}
			}
		},
		{
			"from": [3, 12.23634, 2.07277],
			"to": [13, 13.23634, 3.07277],
			"rotation": {"angle": 0, "axis": "y", "origin": [7.5, 11.98634, 9.32277]},
			"faces": {
				"north": {"uv": [12.875, 10.125, 14.125, 10.25], "texture": "#1"},
				"east": {"uv": [1.75, 14.125, 1.875, 14.25], "texture": "#1"},
				"south": {"uv": [13, 12.25, 14.25, 12.375], "texture": "#1"},
				"west": {"uv": [2, 14.125, 2.125, 14.25], "texture": "#1"},
				"up": {"uv": [14.25, 12.625, 13, 12.5], "texture": "#1"},
				"down": {"uv": [14.25, 12.75, 13, 12.875], "texture": "#1"}
			}
		},
		{
			"from": [1.5, 12.73634, 1.57277],
			"to": [14.5, 13.73634, 3.57277],
			"rotation": {"angle": 0, "axis": "y", "origin": [7, 11.98634, 9.32277]},
			"faces": {
				"north": {"uv": [0, 12.25, 1.625, 12.375], "texture": "#1"},
				"east": {"uv": [8.125, 13.75, 8.375, 13.875], "texture": "#1"},
				"south": {"uv": [12.625, 9.25, 14.25, 9.375], "texture": "#1"},
				"west": {"uv": [13.75, 11.5, 14, 11.625], "texture": "#1"},
				"up": {"uv": [7.75, 11.875, 6.125, 11.625], "texture": "#1"},
				"down": {"uv": [13.25, 7.125, 11.625, 7.375], "texture": "#1"}
			}
		},
		{
			"from": [-0.5, 0.51134, 7.82277],
			"to": [16.5, 11.51134, 8.82277],
			"rotation": {"angle": 0, "axis": "y", "origin": [8, 11.98634, 9.32277]},
			"faces": {
				"north": {"uv": [4.75, 2.875, 6.875, 4.25], "texture": "#1"},
				"east": {"uv": [6.25, 10, 6.375, 11.375], "texture": "#1"},
				"west": {"uv": [9.75, 12.75, 9.875, 14.125], "texture": "#1"},
				"up": {"uv": [14.75, 8.875, 12.625, 8.75], "texture": "#1"},
				"down": {"uv": [14.75, 9, 12.625, 9.125], "texture": "#1"}
			}
		},
		{
			"from": [-1, 1.48634, 8.5],
			"to": [17, 14.48634, 17.5],
			"rotation": {"angle": 0, "axis": "y", "origin": [7.5, 11.98634, 9.32277]},
			"faces": {
				"north": {"uv": [0, 2.875, 2.25, 4.5], "texture": "#1"},
				"east": {"uv": [5.25, 8.25, 6.375, 9.875], "texture": "#1"},
				"south": {"uv": [2.375, 2.875, 4.625, 4.5], "texture": "#1"},
				"west": {"uv": [0, 8.5, 1.125, 10.125], "texture": "#1"},
				"up": {"uv": [9.25, 3.875, 7, 2.75], "texture": "#1"},
				"down": {"uv": [9.25, 4, 7, 5.125], "texture": "#1"}
			}
		},
		{
			"from": [-1, 1.48634, 23.5],
			"to": [17, 14.48634, 29.5],
			"rotation": {"angle": 0, "axis": "y", "origin": [7.5, 11.98634, 9.32277]},
			"faces": {
				"north": {"uv": [0, 4.625, 2.25, 6.25], "texture": "#1"},
				"east": {"uv": [6.5, 9.875, 7.25, 11.5], "texture": "#1"},
				"south": {"uv": [2.375, 4.625, 4.625, 6.25], "texture": "#1"},
				"west": {"uv": [7.375, 9.875, 8.125, 11.5], "texture": "#1"},
				"up": {"uv": [3.5, 9.875, 1.25, 9.125], "texture": "#1"},
				"down": {"uv": [11.5, 0, 9.25, 0.75], "texture": "#1"}
			}
		},
		{
			"from": [-1.5, 14.48634, 8],
			"to": [17.5, 15.48634, 30],
			"rotation": {"angle": 0, "axis": "y", "origin": [8, 11.98634, 9.32277]},
			"faces": {
				"north": {"uv": [2.5, 12.625, 4.875, 12.75], "texture": "#1"},
				"east": {"uv": [11.625, 2.375, 14.375, 2.5], "texture": "#1"},
				"south": {"uv": [12.625, 2.625, 15, 2.75], "texture": "#1"},
				"west": {"uv": [11.625, 7.5, 14.375, 7.625], "texture": "#1"},
				"up": {"uv": [2.375, 2.75, 0, 0], "texture": "#1"},
				"down": {"uv": [4.875, 0, 2.5, 2.75], "texture": "#1"}
			}
		},
		{
			"from": [-1, 4.48634, 17.5],
			"to": [17, 14.48634, 23.5],
			"rotation": {"angle": 0, "axis": "y", "origin": [7.5, 11.98634, 9.32277]},
			"faces": {
				"north": {"uv": [5, 0, 7.25, 1.25], "texture": "#1"},
				"east": {"uv": [0, 10.875, 0.75, 12.125], "texture": "#1"},
				"south": {"uv": [5, 1.375, 7.25, 2.625], "texture": "#1"},
				"west": {"uv": [0.875, 10.875, 1.625, 12.125], "texture": "#1"},
				"up": {"uv": [11.5, 1.625, 9.25, 0.875], "texture": "#1"},
				"down": {"uv": [11.5, 1.75, 9.25, 2.5], "texture": "#1"}
			}
		},
		{
			"from": [15.5, 6.52336, -0.36334],
			"to": [16.5, 12.52336, 0.63666],
			"rotation": {"angle": 22.5, "axis": "x", "origin": [8, 9.52336, 0.13666]},
			"faces": {
				"north": {"uv": [5.625, 13.375, 5.75, 14.125], "texture": "#1"},
				"east": {"uv": [13.5, 4.375, 13.625, 5.125], "texture": "#1"},
				"south": {"uv": [8.5, 13.5, 8.625, 14.25], "texture": "#1"},
				"west": {"uv": [8.75, 13.5, 8.875, 14.25], "texture": "#1"},
				"up": {"uv": [2.375, 14.25, 2.25, 14.125], "texture": "#1"},
				"down": {"uv": [2.625, 14.125, 2.5, 14.25], "texture": "#1"}
			}
		},
		{
			"from": [-4.3, 7, -0.4],
			"to": [-1.3, 9, -0.4],
			"rotation": {"angle": 22.5, "axis": "y", "origin": [-2.8, 8, -0.75]},
			"faces": {
				"north": {"uv": [13.5, 5.25, 13.875, 5.5], "texture": "#1"},
				"east": {"uv": [9.75, 5.75, 9.75, 6], "texture": "#1"},
				"south": {"uv": [13.5, 5.625, 13.875, 5.875], "texture": "#1"},
				"west": {"uv": [3.5, 10, 3.5, 10.25], "texture": "#1"},
				"up": {"uv": [5.375, 2.75, 5, 2.75], "texture": "#1"},
				"down": {"uv": [5.875, 2.75, 5.5, 2.75], "texture": "#1"}
			}
		},
		{
			"from": [-5.475, 7.475, -1.25],
			"to": [-3.475, 8.475, -0.25],
			"rotation": {"angle": -45, "axis": "z", "origin": [-3.9, 3.35, 0.5]},
			"faces": {
				"north": {"uv": [13.75, 13, 14, 13.125], "texture": "#1"},
				"east": {"uv": [2.75, 14.125, 2.875, 14.25], "texture": "#1"},
				"south": {"uv": [13.75, 13.25, 14, 13.375], "texture": "#1"},
				"west": {"uv": [3, 14.125, 3.125, 14.25], "texture": "#1"},
				"up": {"uv": [14.125, 3.25, 13.875, 3.125], "texture": "#1"},
				"down": {"uv": [14.125, 3.375, 13.875, 3.5], "texture": "#1"}
			}
		},
		{
			"from": [19.475, 7.475, -1.25],
			"to": [21.475, 8.475, -0.25],
			"rotation": {"angle": 45, "axis": "z", "origin": [19.9, 3.35, 0.5]},
			"faces": {
				"north": {"uv": [5.875, 13.875, 6.125, 14], "texture": "#1"},
				"east": {"uv": [3.25, 14.125, 3.375, 14.25], "texture": "#1"},
				"south": {"uv": [6.25, 13.875, 6.5, 14], "texture": "#1"},
				"west": {"uv": [3.5, 14.125, 3.625, 14.25], "texture": "#1"},
				"up": {"uv": [6.875, 14, 6.625, 13.875], "texture": "#1"},
				"down": {"uv": [7.25, 13.875, 7, 14], "texture": "#1"}
			}
		},
		{
			"from": [17.3, 7, -0.4],
			"to": [20.3, 9, -0.4],
			"rotation": {"angle": -22.5, "axis": "y", "origin": [18.8, 8, -0.75]},
			"faces": {
				"north": {"uv": [9, 13.5, 9.375, 13.75], "texture": "#1"},
				"east": {"uv": [6.125, 11, 6.125, 11.25], "texture": "#1"},
				"south": {"uv": [10, 13.5, 10.375, 13.75], "texture": "#1"},
				"west": {"uv": [5.375, 11.625, 5.375, 11.875], "texture": "#1"},
				"up": {"uv": [6.375, 2.75, 6, 2.75], "texture": "#1"},
				"down": {"uv": [6.875, 2.75, 6.5, 2.75], "texture": "#1"}
			}
		},
		{
			"from": [-1, 0, -6.5],
			"to": [17, 4, -0.5],
			"faces": {
				"east": {"uv": [12, 9.875, 12.75, 10.375], "texture": "#1"},
				"west": {"uv": [7.5, 12.125, 8.25, 12.625], "texture": "#1"}
			}
		},
		{
			"from": [-1, 0, 17.5],
			"to": [17, 4, 23.5],
			"faces": {
				"east": {"uv": [8.375, 12.125, 9.125, 12.625], "texture": "#1"},
				"west": {"uv": [9.25, 12.125, 10, 12.625], "texture": "#1"}
			}
		},
		{
			"from": [0.5, 6.96134, -0.17723],
			"to": [15.5, 12.96134, 0.32277],
			"rotation": {"angle": 22.5, "axis": "x", "origin": [8.5, 9.46134, -1.17723]},
			"faces": {
				"north": {"uv": [0, 15.25, 1.875, 16], "texture": "#1"},
				"south": {"uv": [1.875, 15.25, 0, 16], "texture": "#1"}
			}
		},
		{
			"from": [-0.25, 6.96134, -0.92723],
			"to": [0.25, 11.96134, 8.07277],
			"rotation": {"angle": 0, "axis": "y", "origin": [0, -0.51366, 0.32277]},
			"faces": {
				"east": {"uv": [7.3125, 15.375, 6.1875, 16], "texture": "#1"},
				"west": {"uv": [6.1875, 15.375, 7.3125, 16], "texture": "#1"}
			}
		},
		{
			"from": [15.75, 6.96134, -0.92723],
			"to": [16.25, 11.96134, 8.07277],
			"rotation": {"angle": 0, "axis": "y", "origin": [16, -0.51366, 0.32277]},
			"faces": {
				"east": {"uv": [7.3125, 15.375, 6.1875, 16], "texture": "#1"},
				"west": {"uv": [6.1875, 15.375, 7.3125, 16], "texture": "#1"}
			}
		},
		{
			"from": [9, 0.87026, 7.41151],
			"to": [14.5, 7.87026, 9.41151],
			"rotation": {"angle": 22.5, "axis": "x", "origin": [11.75, 4.37026, 8.41151]},
			"faces": {
				"north": {"uv": [3.5, 3, 4.875, 4.75], "texture": "#1_1"},
				"east": {"uv": [3.5, 7, 4, 8.75], "texture": "#1_1"},
				"south": {"uv": [0, 4, 1.375, 5.75], "texture": "#1_1"},
				"west": {"uv": [7, 4, 7.5, 5.75], "texture": "#1_1"},
				"up": {"uv": [7.625, 8, 6.25, 7.5], "texture": "#1_1"},
				"down": {"uv": [0, 0, 0, 0], "texture": "#1_1"}
			}
		},
		{
			"from": [9.004, 0.754, 3],
			"to": [14.5, 2.75, 7.996],
			"rotation": {"angle": 0, "axis": "y", "origin": [11.752, 3.002, 5.498]},
			"faces": {
				"north": {"uv": [7.75, 4, 9.125, 4.5], "texture": "#1_1"},
				"east": {"uv": [6.25, 8.25, 7.5, 8.75], "texture": "#1_1"},
				"south": {"uv": [0, 0, 0, 0], "texture": "#1_1"},
				"west": {"uv": [7.75, 8.25, 9, 8.75], "texture": "#1_1"},
				"up": {"uv": [6.625, 4.25, 5.25, 3], "texture": "#1_1"},
				"down": {"uv": [6.625, 4.5, 5.25, 5.75], "texture": "#1_1"}
			}
		},
		{
			"from": [1.5, 0.754, 3],
			"to": [6.996, 2.75, 7.996],
			"rotation": {"angle": 0, "axis": "y", "origin": [4.248, 3.002, 5.498]},
			"faces": {
				"north": {"uv": [7.75, 4.75, 9.125, 5.25], "texture": "#1_1"},
				"east": {"uv": [8.5, 1.5, 9.75, 2], "texture": "#1_1"},
				"south": {"uv": [0, 0, 0, 0], "texture": "#1_1"},
				"west": {"uv": [8.5, 2.25, 9.75, 2.75], "texture": "#1_1"},
				"up": {"uv": [1.375, 7.25, 0, 6], "texture": "#1_1"},
				"down": {"uv": [3.125, 6, 1.75, 7.25], "texture": "#1_1"}
			}
		},
		{
			"from": [1.496, 0.87026, 7.41151],
			"to": [6.996, 7.87026, 9.41151],
			"rotation": {"angle": 22.5, "axis": "x", "origin": [4.246, 4.37026, 8.41151]},
			"faces": {
				"north": {"uv": [1.75, 4, 3.125, 5.75], "texture": "#1_1"},
				"east": {"uv": [4.25, 7, 4.75, 8.75], "texture": "#1_1"},
				"south": {"uv": [3.5, 5, 4.875, 6.75], "texture": "#1_1"},
				"west": {"uv": [0, 7.5, 0.5, 9.25], "texture": "#1_1"},
				"up": {"uv": [9.375, 8, 8, 7.5], "texture": "#1_1"},
				"down": {"uv": [0, 0, 0, 0], "texture": "#1_1"}
			}
		},
		{
			"from": [2, 3.625, -0.5],
			"to": [7, 7.625, 1],
			"rotation": {"angle": 0, "axis": "y", "origin": [0, 1, -1]},
			"faces": {
				"north": {"uv": [7, 1.5, 8.25, 2.5], "texture": "#1_1"},
				"east": {"uv": [5, 8.75, 5.375, 9.75], "texture": "#1_1"},
				"south": {"uv": [7, 2.75, 8.25, 3.75], "texture": "#1_1"},
				"west": {"uv": [3.75, 9, 4.125, 10], "texture": "#1_1"},
				"up": {"uv": [10, 6.625, 8.75, 6.25], "texture": "#1_1"},
				"down": {"uv": [3.5, 9, 2.25, 9.375], "texture": "#1_1"}
			}
		},
		{
			"from": [4.25, 6.375, 0.275],
			"to": [4.75, 6.875, 1.775],
			"rotation": {"angle": -22.5, "axis": "x", "origin": [4.5, 6.25, 0.25]},
			"faces": {
				"north": {"uv": [6.25, 9, 6.375, 9.125], "texture": "#1_1"},
				"east": {"uv": [7.75, 5.5, 8.125, 5.625], "texture": "#1_1"},
				"south": {"uv": [6.75, 9, 6.875, 9.125], "texture": "#1_1"},
				"west": {"uv": [8.75, 7, 9.125, 7.125], "texture": "#1_1"},
				"up": {"uv": [5.875, 9.125, 5.75, 8.75], "texture": "#1_1"},
				"down": {"uv": [4.625, 9, 4.5, 9.375], "texture": "#1_1"}
			}
		},
		{
			"from": [2.75, 4.875, 1.825],
			"to": [6.25, 8.375, 1.825],
			"rotation": {"angle": -22.5, "axis": "x", "origin": [4.5, 6.25, 0.25]},
			"faces": {
				"north": {"uv": [2.25, 7.5, 3.125, 8.375], "texture": "#1_1"},
				"east": {"uv": [0, 0, 0, 0], "texture": "#1_1"},
				"south": {"uv": [5, 7.5, 5.875, 8.375], "texture": "#1_1"},
				"west": {"uv": [0, 0, 0, 0], "texture": "#1_1"},
				"up": {"uv": [0, 0, 0, 0], "texture": "#1_1"},
				"down": {"uv": [0, 0, 0, 0], "texture": "#1_1"}
			}
		}
	],
	"display": {
		"thirdperson_righthand": {
			"rotation": [75, 45, 0],
			"translation": [0, 2.5, 0],
			"scale": [0.375, 0.375, 0.375]
		},
		"thirdperson_lefthand": {
			"rotation": [75, 45, 0],
			"translation": [0, 2.5, 0],
			"scale": [0.375, 0.375, 0.375]
		},
		"firstperson_righthand": {
			"rotation": [0, 45, 0],
			"scale": [0.4, 0.4, 0.4]
		},
		"firstperson_lefthand": {
			"rotation": [0, 225, 0],
			"scale": [0.4, 0.4, 0.4]
		},
		"ground": {
			"translation": [0, 3, 0],
			"scale": [0.25, 0.25, 0.25]
		},
		"gui": {
			"rotation": [30, 225, 0],
			"translation": [0.25, -0.25, 0],
			"scale": [0.36, 0.36, 0.36]
		},
		"head": {
			"translation": [0, -9.25, 11.75],
			"scale": [3.5, 3.5, 3.5]
		}
	},
	"groups": [
		{
			"name": "group",
			"origin": [3, 6, -6.5],
			"color": 0,
			"children": [0, 1, 2, 3, 4, 5, 6, 7, 8, 9, 10, 11, 12, 13, 14, 15, 16, 17, 18, 19, 20, 21, 22, 23, 24, 25, 26, 27, 28, 29, 30, 31, 32, 33, 34, 35, 36, 37, 38, 39, 40, 41, 42, 43, 44, 45]
		},
		{
			"name": "seats",
			"origin": [8, 8, 8],
			"color": 0,
			"children": [
				{
					"name": "group",
					"origin": [8.5, 3, -9.5],
					"color": 0,
					"children": [46, 47, 48, 49]
				}
			]
		},
		50,
		51,
		{
			"name": "group",
			"origin": [0, -0.51366, 0.32277],
			"color": 0,
			"children": [52, 53, 54]
		},
		{
			"name": "lp_seats",
			"origin": [8, 8, 8],
			"color": 0,
			"children": [
				{
					"name": "group",
					"origin": [4.5, 6.25, 0.25],
					"color": 0,
					"children": [
						{
							"name": "group",
							"origin": [11.752, 3.002, 5.498],
							"color": 0,
							"children": [55, 56, 57, 58]
						},
						59,
						60,
						61
					]
				}
			]
		},
		{
			"name": "tires_temp2",
			"origin": [8, 8, 8],
			"color": 0,
			"children": [
				{
					"name": "tires_temp",
					"origin": [8, 8, 8],
					"color": 0,
					"children": [
						{
							"name": "tire_template",
							"origin": [8, 8, 8],
							"color": 0,
							"children": []
						}
					]
				}
			]
		}
	]
}