{
	"credit": "www.sebxter.pl",
	"texture_size": [128, 128],
	"textures": {
		"2": "block/vehiles/car/bike",
		"3": "block/vehiles/car/bike_tire",
		"particle": "block/vehiles/car/bike_tire"
	},
	"elements": [
		{
			"from": [7, 10, -1],
			"to": [9, 15, 1],
			"rotation": {"angle": 22.5, "axis": "x", "origin": [8, 10.5, 0.5]},
			"faces": {
				"north": {"uv": [2.5, 1.375, 2.75, 2], "texture": "#2"},
				"east": {"uv": [2.625, 0, 2.875, 0.625], "texture": "#2"},
				"south": {"uv": [2, 2.625, 2.25, 3.25], "texture": "#2"},
				"west": {"uv": [2.375, 2.625, 2.625, 3.25], "texture": "#2"},
				"up": {"uv": [3.875, 6.375, 3.625, 6.125], "texture": "#2"},
				"down": {"uv": [6.5, 3.75, 6.25, 4], "texture": "#2"}
			}
		},
		{
			"from": [7.5, 15, -0.5],
			"to": [8.5, 17, 0.5],
			"rotation": {"angle": 22.5, "axis": "x", "origin": [8, 10.5, 0.5]},
			"faces": {
				"north": {"uv": [0, 7, 0.125, 7.25], "texture": "#2"},
				"east": {"uv": [7, 0, 7.125, 0.25], "texture": "#2"},
				"south": {"uv": [0.25, 7, 0.375, 7.25], "texture": "#2"},
				"west": {"uv": [7, 0.375, 7.125, 0.625], "texture": "#2"},
				"up": {"uv": [4.25, 1.25, 4.125, 1.125], "texture": "#2"},
				"down": {"uv": [4.375, 2.625, 4.25, 2.75], "texture": "#2"}
			}
		},
		{
			"from": [6, 9, -0.5],
			"to": [10, 10, 0.5],
			"rotation": {"angle": 22.5, "axis": "x", "origin": [7.5, 10.5, 0.5]},
			"faces": {
				"north": {"uv": [4, 6.25, 4.5, 6.375], "texture": "#2"},
				"east": {"uv": [2.875, 7.375, 3, 7.5], "texture": "#2"},
				"south": {"uv": [6.25, 4.875, 6.75, 5], "texture": "#2"},
				"west": {"uv": [3.125, 7.375, 3.25, 7.5], "texture": "#2"},
				"up": {"uv": [6.75, 5.25, 6.25, 5.125], "texture": "#2"},
				"down": {"uv": [5.75, 6.375, 5.25, 6.5], "texture": "#2"}
			}
		},
		{
			"from": [9, 0, -0.5],
			"to": [10, 9, 0.5],
			"rotation": {"angle": 22.5, "axis": "x", "origin": [7.5, 10.5, 0.5]},
			"faces": {
				"north": {"uv": [3.75, 4.125, 3.875, 5.25], "texture": "#2"},
				"east": {"uv": [0, 4.25, 0.125, 5.375], "texture": "#2"},
				"south": {"uv": [0.25, 4.25, 0.375, 5.375], "texture": "#2"},
				"west": {"uv": [0.5, 4.25, 0.625, 5.375], "texture": "#2"},
				"up": {"uv": [3.5, 7.5, 3.375, 7.375], "texture": "#2"},
				"down": {"uv": [3.75, 7.375, 3.625, 7.5], "texture": "#2"}
			}
		},
		{
			"from": [6, 0, -0.5],
			"to": [7, 9, 0.5],
			"rotation": {"angle": 22.5, "axis": "x", "origin": [7.5, 10.5, 0.5]},
			"faces": {
				"north": {"uv": [0.75, 4.25, 0.875, 5.375], "texture": "#2"},
				"east": {"uv": [1, 4.25, 1.125, 5.375], "texture": "#2"},
				"south": {"uv": [1.25, 4.25, 1.375, 5.375], "texture": "#2"},
				"west": {"uv": [4.375, 0.75, 4.5, 1.875], "texture": "#2"},
				"up": {"uv": [7.5, 3.75, 7.375, 3.625], "texture": "#2"},
				"down": {"uv": [4, 7.375, 3.875, 7.5], "texture": "#2"}
			}
		},
		{
			"from": [7, 15.8879, 0.06356],
			"to": [9, 17.8879, 4.06356],
			"rotation": {"angle": 45, "axis": "z", "origin": [8, 16.8879, 2.06356]},
			"faces": {
				"north": {"uv": [5.875, 6.375, 6.125, 6.625], "texture": "#2"},
				"east": {"uv": [3.75, 0.75, 4.25, 1], "texture": "#2"},
				"south": {"uv": [6.25, 6.375, 6.5, 6.625], "texture": "#2"},
				"west": {"uv": [4.625, 1.5, 5.125, 1.75], "texture": "#2"},
				"up": {"uv": [1.75, 5, 1.5, 4.5], "texture": "#2"},
				"down": {"uv": [4.625, 4.625, 4.375, 5.125], "texture": "#2"}
			}
		},
		{
			"from": [2, 16.3879, 0.06356],
			"to": [14, 17.3879, 1.06356],
			"rotation": {"angle": 45, "axis": "x", "origin": [7.5, 16.8879, 0.56356]},
			"faces": {
				"north": {"uv": [2.125, 0.875, 3.625, 1], "texture": "#2"},
				"east": {"uv": [7.375, 3.875, 7.5, 4], "texture": "#2"},
				"south": {"uv": [2, 2.125, 3.5, 2.25], "texture": "#2"},
				"west": {"uv": [4.125, 7.375, 4.25, 7.5], "texture": "#2"},
				"up": {"uv": [3.5, 2.5, 2, 2.375], "texture": "#2"},
				"down": {"uv": [4, 1.125, 2.5, 1.25], "texture": "#2"}
			}
		},
		{
			"from": [2.005, 17.04618, 0.50507],
			"to": [2.995, 20.03618, 1.49507],
			"rotation": {"angle": 22.5, "axis": "x", "origin": [7.5, 17.54118, 1.00007]},
			"faces": {
				"north": {"uv": [3.625, 2.125, 3.75, 2.5], "texture": "#2"},
				"east": {"uv": [3.875, 2.875, 4, 3.25], "texture": "#2"},
				"south": {"uv": [1.5, 6.625, 1.625, 7], "texture": "#2"},
				"west": {"uv": [6.625, 3.625, 6.75, 4], "texture": "#2"},
				"up": {"uv": [4.5, 7.5, 4.375, 7.375], "texture": "#2"},
				"down": {"uv": [4.75, 7.375, 4.625, 7.5], "texture": "#2"}
			}
		},
		{
			"from": [2, 19.65954, 1.41872],
			"to": [3, 20.65954, 6.41872],
			"rotation": {"angle": 0, "axis": "x", "origin": [7.5, 20.15954, 4.91872]},
			"faces": {
				"north": {"uv": [4.875, 7.375, 5, 7.5], "texture": "#2"},
				"east": {"uv": [5.75, 5.625, 6.375, 5.75], "texture": "#2"},
				"south": {"uv": [5.125, 7.375, 5.25, 7.5], "texture": "#2"},
				"west": {"uv": [5.875, 2, 6.5, 2.125], "texture": "#2"},
				"up": {"uv": [4.875, 6.375, 4.75, 5.75], "texture": "#2"},
				"down": {"uv": [1.625, 5.875, 1.5, 6.5], "texture": "#2"}
			}
		},
		{
			"from": [13, 19.65954, 1.41872],
			"to": [14, 20.65954, 6.41872],
			"rotation": {"angle": 0, "axis": "x", "origin": [8.5, 20.15954, 4.91872]},
			"faces": {
				"north": {"uv": [5.375, 7.375, 5.5, 7.5], "texture": "#2"},
				"east": {"uv": [5.875, 3.5, 6.5, 3.625], "texture": "#2"},
				"south": {"uv": [5.625, 7.375, 5.75, 7.5], "texture": "#2"},
				"west": {"uv": [5.75, 5.875, 6.375, 6], "texture": "#2"},
				"up": {"uv": [5.125, 6.5, 5, 5.875], "texture": "#2"},
				"down": {"uv": [6.125, 0, 6, 0.625], "texture": "#2"}
			}
		},
		{
			"from": [13.005, 17.04618, 0.50507],
			"to": [13.995, 20.03618, 1.49507],
			"rotation": {"angle": 22.5, "axis": "x", "origin": [8.5, 17.54118, 1.00007]},
			"faces": {
				"north": {"uv": [4.875, 6.625, 5, 7], "texture": "#2"},
				"east": {"uv": [5.125, 6.625, 5.25, 7], "texture": "#2"},
				"south": {"uv": [5.375, 6.625, 5.5, 7], "texture": "#2"},
				"west": {"uv": [5.625, 6.625, 5.75, 7], "texture": "#2"},
				"up": {"uv": [7.5, 6.25, 7.375, 6.125], "texture": "#2"},
				"down": {"uv": [6.75, 7.375, 6.625, 7.5], "texture": "#2"}
			}
		},
		{
			"from": [7.5, 13, 1],
			"to": [8.5, 14, 6],
			"rotation": {"angle": 22.5, "axis": "x", "origin": [8, 10.5, 0.5]},
			"faces": {
				"north": {"uv": [6.875, 7.375, 7, 7.5], "texture": "#2"},
				"east": {"uv": [0.25, 6, 0.875, 6.125], "texture": "#2"},
				"south": {"uv": [7.125, 7.375, 7.25, 7.5], "texture": "#2"},
				"west": {"uv": [6, 0.75, 6.625, 0.875], "texture": "#2"},
				"up": {"uv": [1.875, 6.625, 1.75, 6], "texture": "#2"},
				"down": {"uv": [2.75, 6, 2.625, 6.625], "texture": "#2"}
			}
		},
		{
			"from": [7.505, -1.03836, 4.32227],
			"to": [8.495, 8.95164, 5.31227],
			"rotation": {"angle": -45, "axis": "x", "origin": [8, 9.45664, 3.81727]},
			"faces": {
				"north": {"uv": [3, 4.125, 3.125, 5.375], "texture": "#2"},
				"east": {"uv": [3.25, 4.125, 3.375, 5.375], "texture": "#2"},
				"south": {"uv": [3.5, 4.125, 3.625, 5.375], "texture": "#2"},
				"west": {"uv": [4.125, 3.625, 4.25, 4.875], "texture": "#2"},
				"up": {"uv": [7.5, 7.25, 7.375, 7.125], "texture": "#2"},
				"down": {"uv": [7.5, 7.375, 7.375, 7.5], "texture": "#2"}
			}
		},
		{
			"from": [7.5, 11, 1],
			"to": [8.5, 12, 5],
			"rotation": {"angle": 22.5, "axis": "x", "origin": [8, 10.5, 0.5]},
			"faces": {
				"north": {"uv": [0.375, 7.5, 0.5, 7.625], "texture": "#2"},
				"east": {"uv": [0, 6.5, 0.5, 6.625], "texture": "#2"},
				"south": {"uv": [0.625, 7.5, 0.75, 7.625], "texture": "#2"},
				"west": {"uv": [0.625, 6.5, 1.125, 6.625], "texture": "#2"},
				"up": {"uv": [1.375, 7, 1.25, 6.5], "texture": "#2"},
				"down": {"uv": [2.125, 6.5, 2, 7], "texture": "#2"}
			}
		},
		{
			"from": [7.505, 12.0125, 4.5973],
			"to": [8.495, 13.0025, 12.5873],
			"rotation": {"angle": 45, "axis": "x", "origin": [8, 9.5075, 4.0923]},
			"faces": {
				"north": {"uv": [0.875, 7.5, 1, 7.625], "texture": "#2"},
				"east": {"uv": [4.625, 1.875, 5.625, 2], "texture": "#2"},
				"south": {"uv": [7.5, 1.5, 7.625, 1.625], "texture": "#2"},
				"west": {"uv": [4.75, 2.125, 5.75, 2.25], "texture": "#2"},
				"up": {"uv": [4.875, 5.625, 4.75, 4.625], "texture": "#2"},
				"down": {"uv": [2, 4.875, 1.875, 5.875], "texture": "#2"}
			}
		},
		{
			"from": [7.5, 5.26486, 11.87048],
			"to": [8.5, 6.26486, 15.87048],
			"rotation": {"angle": 0, "axis": "x", "origin": [8, 2.76486, 11.37048]},
			"faces": {
				"north": {"uv": [1.625, 7.5, 1.75, 7.625], "texture": "#2"},
				"east": {"uv": [6.5, 1.5, 7, 1.625], "texture": "#2"},
				"south": {"uv": [7.5, 1.75, 7.625, 1.875], "texture": "#2"},
				"west": {"uv": [6.5, 1.75, 7, 1.875], "texture": "#2"},
				"up": {"uv": [2.375, 7, 2.25, 6.5], "texture": "#2"},
				"down": {"uv": [6.625, 2.25, 6.5, 2.75], "texture": "#2"}
			}
		},
		{
			"from": [7.5, 2.38557, 11.59544],
			"to": [8.5, 3.38557, 13.59544],
			"rotation": {"angle": 0, "axis": "x", "origin": [8, 1.88557, 12.09544]},
			"faces": {
				"north": {"uv": [7.5, 2.5, 7.625, 2.625], "texture": "#2"},
				"east": {"uv": [7.25, 2, 7.5, 2.125], "texture": "#2"},
				"south": {"uv": [7.5, 2.75, 7.625, 2.875], "texture": "#2"},
				"west": {"uv": [7.25, 2.25, 7.5, 2.375], "texture": "#2"},
				"up": {"uv": [2.5, 7.5, 2.375, 7.25], "texture": "#2"},
				"down": {"uv": [7.375, 2.5, 7.25, 2.75], "texture": "#2"}
			}
		},
		{
			"from": [8.75, 1.79978, 10.18123],
			"to": [9.75, 3.79978, 12.18123],
			"rotation": {"angle": 0, "axis": "x", "origin": [7.25, 1.29978, 10.68123]},
			"faces": {
				"east": {"uv": [3.375, 6.5, 3.625, 6.75], "texture": "#2"},
				"west": {"uv": [3.75, 6.5, 4, 6.75], "texture": "#2"}
			}
		},
		{
			"from": [7, 2.29978, 10.68123],
			"to": [10, 3.29978, 11.68123],
			"rotation": {"angle": 45, "axis": "x", "origin": [10.25, 2.79978, 11.18123]},
			"faces": {
				"north": {"uv": [6.625, 6.375, 7, 6.5], "texture": "#2"},
				"east": {"uv": [7.5, 3, 7.625, 3.125], "texture": "#2"},
				"south": {"uv": [6.625, 6.625, 7, 6.75], "texture": "#2"},
				"west": {"uv": [7.5, 3.25, 7.625, 3.375], "texture": "#2"},
				"up": {"uv": [0.375, 6.875, 0, 6.75], "texture": "#2"},
				"down": {"uv": [0.875, 6.75, 0.5, 6.875], "texture": "#2"}
			}
		},
		{
			"from": [9.5, 0.64978, 9.18123],
			"to": [9.5, 4.64978, 25.18123],
			"rotation": {"angle": 0, "axis": "x", "origin": [7.25, 1.29978, 10.68123]},
			"faces": {
				"north": {"uv": [4, 4.125, 4, 4.625], "texture": "#2"},
				"east": {"uv": [0, 0, 2, 0.5], "texture": "#2"},
				"south": {"uv": [2.875, 4.875, 2.875, 5.375], "texture": "#2"},
				"west": {"uv": [0, 0.625, 2, 1.125], "texture": "#2"},
				"up": {"uv": [1.125, 9.5, 1.125, 7.5], "texture": "#2"},
				"down": {"uv": [1.875, 7.5, 1.875, 9.5], "texture": "#2"}
			}
		},
		{
			"from": [8.75, 1.79978, 10.18123],
			"to": [9.75, 3.79978, 12.18123],
			"rotation": {"angle": 45, "axis": "x", "origin": [9.25, 2.79978, 11.18123]},
			"faces": {
				"north": {"uv": [7.25, 4.5, 7.375, 4.75], "texture": "#2"},
				"east": {"uv": [4.125, 6.5, 4.375, 6.75], "texture": "#2"},
				"south": {"uv": [5.875, 7.25, 6, 7.5], "texture": "#2"},
				"west": {"uv": [4.5, 6.5, 4.75, 6.75], "texture": "#2"},
				"up": {"uv": [6.25, 7.5, 6.125, 7.25], "texture": "#2"},
				"down": {"uv": [6.5, 7.25, 6.375, 7.5], "texture": "#2"}
			}
		},
		{
			"from": [5.5, 1.79978, 14.18123],
			"to": [10.5, 2.79978, 15.18123],
			"rotation": {"angle": 0, "axis": "x", "origin": [8, 1.29978, 10.68123]},
			"faces": {
				"north": {"uv": [6, 1, 6.625, 1.125], "texture": "#2"},
				"east": {"uv": [7.5, 4.125, 7.625, 4.25], "texture": "#2"},
				"south": {"uv": [6, 1.25, 6.625, 1.375], "texture": "#2"},
				"west": {"uv": [7.5, 4.375, 7.625, 4.5], "texture": "#2"},
				"up": {"uv": [6.625, 3, 6, 2.875], "texture": "#2"},
				"down": {"uv": [6.625, 3.125, 6, 3.25], "texture": "#2"}
			}
		},
		{
			"from": [5.5, 1.04978, -4.56877],
			"to": [10.5, 2.04978, -3.56877],
			"rotation": {"angle": 0, "axis": "x", "origin": [8, 1.29978, 10.68123]},
			"faces": {
				"north": {"uv": [4, 6, 4.625, 6.125], "texture": "#2"},
				"east": {"uv": [7.5, 4.625, 7.625, 4.75], "texture": "#2"},
				"south": {"uv": [6, 4.125, 6.625, 4.25], "texture": "#2"},
				"west": {"uv": [7.5, 4.875, 7.625, 5], "texture": "#2"},
				"up": {"uv": [6.625, 4.5, 6, 4.375], "texture": "#2"},
				"down": {"uv": [6.625, 4.625, 6, 4.75], "texture": "#2"}
			}
		},
		{
			"from": [5.5, 1.04978, 22.18123],
			"to": [10.5, 2.04978, 23.18123],
			"rotation": {"angle": 0, "axis": "x", "origin": [8, 1.29978, 10.68123]},
			"faces": {
				"north": {"uv": [6, 5.375, 6.625, 5.5], "texture": "#2"},
				"east": {"uv": [7.5, 5.125, 7.625, 5.25], "texture": "#2"},
				"south": {"uv": [5.75, 6.125, 6.375, 6.25], "texture": "#2"},
				"west": {"uv": [7.5, 5.625, 7.625, 5.75], "texture": "#2"},
				"up": {"uv": [6.875, 0.125, 6.25, 0], "texture": "#2"},
				"down": {"uv": [0.875, 6.25, 0.25, 6.375], "texture": "#2"}
			}
		},
		{
			"from": [9.5, 1.79978, 15.18123],
			"to": [10.5, 2.79978, 22.18123],
			"rotation": {"angle": 45, "axis": "z", "origin": [10, 2.29978, 19.18123]},
			"faces": {
				"north": {"uv": [7.5, 5.875, 7.625, 6], "texture": "#2"},
				"east": {"uv": [4.75, 2.375, 5.625, 2.5], "texture": "#2"},
				"south": {"uv": [7.5, 6.375, 7.625, 6.5], "texture": "#2"},
				"west": {"uv": [4.875, 3.625, 5.75, 3.75], "texture": "#2"},
				"up": {"uv": [5.125, 3.5, 5, 2.625], "texture": "#2"},
				"down": {"uv": [5.125, 3.875, 5, 4.75], "texture": "#2"}
			}
		},
		{
			"from": [5.5, 1.79978, 15.18123],
			"to": [6.5, 2.79978, 22.18123],
			"rotation": {"angle": 45, "axis": "z", "origin": [6, 2.29978, 19.18123]},
			"faces": {
				"north": {"uv": [7.5, 6.625, 7.625, 6.75], "texture": "#2"},
				"east": {"uv": [5, 0, 5.875, 0.125], "texture": "#2"},
				"south": {"uv": [7.5, 6.875, 7.625, 7], "texture": "#2"},
				"west": {"uv": [5, 0.25, 5.875, 0.375], "texture": "#2"},
				"up": {"uv": [4.125, 5.875, 4, 5], "texture": "#2"},
				"down": {"uv": [5.125, 4.875, 5, 5.75], "texture": "#2"}
			}
		},
		{
			"from": [7, 2.47197, 14.41337],
			"to": [9, 13.47197, 16.41337],
			"rotation": {"angle": 22.5, "axis": "x", "origin": [8, 6.47197, 13.16337]},
			"faces": {
				"north": {"uv": [0, 1.25, 0.25, 2.625], "texture": "#2"},
				"east": {"uv": [0.375, 1.25, 0.625, 2.625], "texture": "#2"},
				"south": {"uv": [0.75, 1.25, 1, 2.625], "texture": "#2"},
				"west": {"uv": [1.125, 1.25, 1.375, 2.625], "texture": "#2"},
				"up": {"uv": [6.75, 5.875, 6.5, 5.625], "texture": "#2"},
				"down": {"uv": [6.75, 6, 6.5, 6.25], "texture": "#2"}
			}
		},
		{
			"from": [6.5, 7.50302, 17.81193],
			"to": [9.5, 8.50302, 20.81193],
			"rotation": {"angle": -45, "axis": "x", "origin": [8, 8.00302, 18.81193]},
			"faces": {
				"north": {"uv": [6.75, 0.75, 7.125, 0.875], "texture": "#2"},
				"east": {"uv": [6.75, 1, 7.125, 1.125], "texture": "#2"},
				"south": {"uv": [6.75, 1.25, 7.125, 1.375], "texture": "#2"},
				"west": {"uv": [6.75, 2.25, 7.125, 2.375], "texture": "#2"},
				"up": {"uv": [4.625, 2.5, 4.25, 2.125], "texture": "#2"},
				"down": {"uv": [4.75, 3.625, 4.375, 4], "texture": "#2"}
			}
		},
		{
			"from": [6.5, 8.21013, 25.22615],
			"to": [9.5, 9.21013, 28.22615],
			"rotation": {"angle": 45, "axis": "x", "origin": [8, 8.71013, 26.22615]},
			"faces": {
				"north": {"uv": [2.5, 6.75, 2.875, 6.875], "texture": "#2"},
				"east": {"uv": [6.75, 2.5, 7.125, 2.625], "texture": "#2"},
				"south": {"uv": [6.75, 2.75, 7.125, 2.875], "texture": "#2"},
				"west": {"uv": [6.75, 3, 7.125, 3.125], "texture": "#2"},
				"up": {"uv": [4.75, 4.5, 4.375, 4.125], "texture": "#2"},
				"down": {"uv": [4.875, 0, 4.5, 0.375], "texture": "#2"}
			}
		},
		{
			"from": [6.505, 8.77579, 19.87759],
			"to": [9.495, 9.76579, 25.86759],
			"rotation": {"angle": 0, "axis": "x", "origin": [8, 9.27079, 20.87259]},
			"faces": {
				"north": {"uv": [6.75, 4.125, 7.125, 4.25], "texture": "#2"},
				"east": {"uv": [5.125, 0.5, 5.875, 0.625], "texture": "#2"},
				"south": {"uv": [6.75, 4.375, 7.125, 4.5], "texture": "#2"},
				"west": {"uv": [5.125, 0.75, 5.875, 0.875], "texture": "#2"},
				"up": {"uv": [1.875, 2, 1.5, 1.25], "texture": "#2"},
				"down": {"uv": [2.375, 1.25, 2, 2], "texture": "#2"}
			}
		},
		{
			"from": [7.5, 9.02079, 17.37259],
			"to": [8.5, 10.02079, 22.37259],
			"rotation": {"angle": 45, "axis": "z", "origin": [8, 9.52079, 20.87259]},
			"faces": {
				"north": {"uv": [0, 7.625, 0.125, 7.75], "texture": "#2"},
				"east": {"uv": [6.25, 0.25, 6.875, 0.375], "texture": "#2"},
				"south": {"uv": [7.625, 0, 7.75, 0.125], "texture": "#2"},
				"west": {"uv": [6.25, 0.5, 6.875, 0.625], "texture": "#2"},
				"up": {"uv": [3, 6.625, 2.875, 6], "texture": "#2"},
				"down": {"uv": [3.25, 6, 3.125, 6.625], "texture": "#2"}
			}
		},
		{
			"from": [6.505, 7.77579, -4.62241],
			"to": [9.495, 8.76579, 1.36759],
			"rotation": {"angle": 22.5, "axis": "x", "origin": [8, 7.66131, -1.62741]},
			"faces": {
				"north": {"uv": [6.75, 4.625, 7.125, 4.75], "texture": "#2"},
				"east": {"uv": [5.125, 1, 5.875, 1.125], "texture": "#2"},
				"south": {"uv": [6.75, 5.375, 7.125, 5.5], "texture": "#2"},
				"west": {"uv": [5.125, 1.25, 5.875, 1.375], "texture": "#2"},
				"up": {"uv": [2.5, 0.75, 2.125, 0], "texture": "#2"},
				"down": {"uv": [1.875, 2.125, 1.5, 2.875], "texture": "#2"}
			}
		},
		{
			"from": [6.5, 9.40494, -6.0726],
			"to": [9.5, 10.40494, -3.0726],
			"rotation": {"angle": -22.5, "axis": "x", "origin": [8, 7.85265, -2.08935]},
			"faces": {
				"north": {"uv": [5.875, 6.75, 6.25, 6.875], "texture": "#2"},
				"east": {"uv": [3, 6.875, 3.375, 7], "texture": "#2"},
				"south": {"uv": [3.5, 6.875, 3.875, 7], "texture": "#2"},
				"west": {"uv": [6.875, 3.625, 7.25, 3.75], "texture": "#2"},
				"up": {"uv": [4.875, 3, 4.5, 2.625], "texture": "#2"},
				"down": {"uv": [4.875, 3.125, 4.5, 3.5], "texture": "#2"}
			}
		},
		{
			"from": [6.5, 3.48672, 0.38682],
			"to": [9.5, 6.48672, 1.38682],
			"rotation": {"angle": -22.5, "axis": "x", "origin": [8, 7.46997, -1.16547]},
			"faces": {
				"north": {"uv": [4.625, 0.5, 5, 0.875], "texture": "#2"},
				"east": {"uv": [1, 6.75, 1.125, 7.125], "texture": "#2"},
				"south": {"uv": [4.625, 1, 5, 1.375], "texture": "#2"},
				"west": {"uv": [1.75, 6.75, 1.875, 7.125], "texture": "#2"},
				"up": {"uv": [7.25, 4, 6.875, 3.875], "texture": "#2"},
				"down": {"uv": [4.375, 6.875, 4, 7], "texture": "#2"}
			}
		},
		{
			"from": [7.5, 12.97197, 14.66337],
			"to": [8.5, 15.97197, 15.66337],
			"rotation": {"angle": 22.5, "axis": "x", "origin": [8, 5.97197, 12.91337]},
			"faces": {
				"north": {"uv": [6.375, 6.75, 6.5, 7.125], "texture": "#2"},
				"east": {"uv": [4.5, 6.875, 4.625, 7.25], "texture": "#2"},
				"south": {"uv": [6.875, 4.875, 7, 5.25], "texture": "#2"},
				"west": {"uv": [6.875, 5.625, 7, 6], "texture": "#2"},
				"up": {"uv": [7.75, 0.375, 7.625, 0.25], "texture": "#2"},
				"down": {"uv": [7.75, 0.5, 7.625, 0.625], "texture": "#2"}
			}
		},
		{
			"from": [7, 13.97197, 15.66337],
			"to": [9, 14.97197, 19.66337],
			"rotation": {"angle": 0, "axis": "x", "origin": [8, 5.97197, 12.91337]},
			"faces": {
				"north": {"uv": [7.25, 5.375, 7.5, 5.5], "texture": "#2"},
				"east": {"uv": [6.625, 2, 7.125, 2.125], "texture": "#2"},
				"south": {"uv": [0, 7.375, 0.25, 7.5], "texture": "#2"},
				"west": {"uv": [6.625, 3.375, 7.125, 3.5], "texture": "#2"},
				"up": {"uv": [2.375, 5.375, 2.125, 4.875], "texture": "#2"},
				"down": {"uv": [2.75, 4.875, 2.5, 5.375], "texture": "#2"}
			}
		},
		{
			"from": [6.5, 14.69927, 19.31979],
			"to": [9.5, 15.69927, 21.31979],
			"rotation": {"angle": -22.5, "axis": "x", "origin": [8, 15.19927, 21.31979]},
			"faces": {
				"north": {"uv": [6.875, 6.125, 7.25, 6.25], "texture": "#2"},
				"east": {"uv": [1.25, 7.375, 1.5, 7.5], "texture": "#2"},
				"south": {"uv": [6.625, 6.875, 7, 7], "texture": "#2"},
				"west": {"uv": [2, 7.375, 2.25, 7.5], "texture": "#2"},
				"up": {"uv": [5.625, 1.75, 5.25, 1.5], "texture": "#2"},
				"down": {"uv": [5.625, 2.625, 5.25, 2.875], "texture": "#2"}
			}
		},
		{
			"from": [7.25, -4, -9.75],
			"to": [8.75, 7, 1.25],
			"rotation": {"angle": 0, "axis": "y", "origin": [0.5, 0, 0]},
			"faces": {
				"east": {"uv": [0, 0, 16, 16], "texture": "#3"},
				"west": {"uv": [0, 0, 16, 16], "texture": "#3"}
			}
		},
		{
			"from": [7.25, -4, 17.25],
			"to": [8.75, 7, 28.25],
			"rotation": {"angle": 0, "axis": "y", "origin": [0.5, 0, 0]},
			"faces": {
				"east": {"uv": [0, 0, 16, 16], "texture": "#3"},
				"west": {"uv": [0, 0, 16, 16], "texture": "#3"}
			}
		},
		{
			"from": [7, -4.57107, 20.25],
			"to": [9, -3.57107, 25.25],
			"rotation": {"angle": -22.5, "axis": "x", "origin": [7.5, 1.46447, 22.75]},
			"faces": {
				"north": {"uv": [0.875, 7.25, 1.125, 7.375], "texture": "#2"},
				"east": {"uv": [2.625, 5.75, 3.25, 5.875], "texture": "#2"},
				"south": {"uv": [7.25, 1, 7.5, 1.125], "texture": "#2"},
				"west": {"uv": [5.75, 2.625, 6.375, 2.75], "texture": "#2"},
				"up": {"uv": [2.125, 4.75, 1.875, 4.125], "texture": "#2"},
				"down": {"uv": [2.5, 4.125, 2.25, 4.75], "texture": "#2"}
			}
		},
		{
			"from": [7.005, -1.03053, 27.79053],
			"to": [8.995, 3.95947, 28.78053],
			"rotation": {"angle": 22.5, "axis": "x", "origin": [7.5, 1.46447, 22.75]},
			"faces": {
				"north": {"uv": [2.625, 4.125, 2.875, 4.75], "texture": "#2"},
				"east": {"uv": [3.375, 5.75, 3.5, 6.375], "texture": "#2"},
				"south": {"uv": [4.125, 2.875, 4.375, 3.5], "texture": "#2"},
				"west": {"uv": [5.75, 4.125, 5.875, 4.75], "texture": "#2"},
				"up": {"uv": [7.5, 1.375, 7.25, 1.25], "texture": "#2"},
				"down": {"uv": [1.875, 7.25, 1.625, 7.375], "texture": "#2"}
			}
		},
		{
			"from": [7, -1.03553, 27.78553],
			"to": [9, 3.96447, 28.78553],
			"rotation": {"angle": -22.5, "axis": "x", "origin": [7.5, 1.46447, 22.75]},
			"faces": {
				"north": {"uv": [0, 3.5, 0.25, 4.125], "texture": "#2"},
				"east": {"uv": [5.5, 5.625, 5.625, 6.25], "texture": "#2"},
				"south": {"uv": [0.375, 3.5, 0.625, 4.125], "texture": "#2"},
				"west": {"uv": [0, 5.75, 0.125, 6.375], "texture": "#2"},
				"up": {"uv": [7.375, 5.75, 7.125, 5.625], "texture": "#2"},
				"down": {"uv": [7.375, 5.875, 7.125, 6], "texture": "#2"}
			}
		},
		{
			"from": [7.005, 6.505, 20.255],
			"to": [8.995, 7.495, 25.245],
			"rotation": {"angle": 22.5, "axis": "x", "origin": [7.5, 1.46447, 22.75]},
			"faces": {
				"north": {"uv": [7.125, 6.375, 7.375, 6.5], "texture": "#2"},
				"east": {"uv": [5.5, 4.875, 6.125, 5], "texture": "#2"},
				"south": {"uv": [6.625, 7.125, 6.875, 7.25], "texture": "#2"},
				"west": {"uv": [5.5, 5.125, 6.125, 5.25], "texture": "#2"},
				"up": {"uv": [1, 4.125, 0.75, 3.5], "texture": "#2"},
				"down": {"uv": [1.375, 3.5, 1.125, 4.125], "texture": "#2"}
			}
		},
		{
			"from": [7, 6.5, 20.25],
			"to": [9, 7.5, 25.25],
			"rotation": {"angle": -22.5, "axis": "x", "origin": [7.5, 1.46447, 22.75]},
			"faces": {
				"north": {"uv": [7.125, 6.625, 7.375, 6.75], "texture": "#2"},
				"east": {"uv": [0.25, 5.75, 0.875, 5.875], "texture": "#2"},
				"south": {"uv": [7.125, 6.875, 7.375, 7], "texture": "#2"},
				"west": {"uv": [5.75, 1.5, 6.375, 1.625], "texture": "#2"},
				"up": {"uv": [3.75, 3.25, 3.5, 2.625], "texture": "#2"},
				"down": {"uv": [3.875, 1.375, 3.625, 2], "texture": "#2"}
			}
		},
		{
			"from": [7.005, -1.03053, 16.71947],
			"to": [8.995, 3.95947, 17.70947],
			"rotation": {"angle": 22.5, "axis": "x", "origin": [7.5, 1.46447, 22.75]},
			"faces": {
				"north": {"uv": [3.75, 0, 4, 0.625], "texture": "#2"},
				"east": {"uv": [1, 5.75, 1.125, 6.375], "texture": "#2"},
				"south": {"uv": [1.5, 3.75, 1.75, 4.375], "texture": "#2"},
				"west": {"uv": [1.25, 5.75, 1.375, 6.375], "texture": "#2"},
				"up": {"uv": [7.25, 7.25, 7, 7.125], "texture": "#2"},
				"down": {"uv": [7.5, 0, 7.25, 0.125], "texture": "#2"}
			}
		},
		{
			"from": [7, -1.03553, 16.71447],
			"to": [9, 3.96447, 17.71447],
			"rotation": {"angle": -22.5, "axis": "x", "origin": [7.5, 1.46447, 22.75]},
			"faces": {
				"north": {"uv": [3.75, 3.375, 4, 4], "texture": "#2"},
				"east": {"uv": [2.125, 5.75, 2.25, 6.375], "texture": "#2"},
				"south": {"uv": [3.875, 2.125, 4.125, 2.75], "texture": "#2"},
				"west": {"uv": [2.375, 5.75, 2.5, 6.375], "texture": "#2"},
				"up": {"uv": [7.5, 0.375, 7.25, 0.25], "texture": "#2"},
				"down": {"uv": [0.75, 7.25, 0.5, 7.375], "texture": "#2"}
			}
		},
		{
			"from": [7.005, -4.56607, 20.255],
			"to": [8.995, -3.57607, 25.245],
			"rotation": {"angle": 22.5, "axis": "x", "origin": [7.5, 1.46447, 22.75]},
			"faces": {
				"north": {"uv": [7.25, 0.5, 7.5, 0.625], "texture": "#2"},
				"east": {"uv": [5.75, 1.75, 6.375, 1.875], "texture": "#2"},
				"south": {"uv": [7.25, 0.75, 7.5, 0.875], "texture": "#2"},
				"west": {"uv": [5.75, 2.375, 6.375, 2.5], "texture": "#2"},
				"up": {"uv": [4.25, 2, 4, 1.375], "texture": "#2"},
				"down": {"uv": [4.375, 0, 4.125, 0.625], "texture": "#2"}
			}
		},
		{
			"from": [7, 6.5, -6.75],
			"to": [9, 7.5, -1.75],
			"rotation": {"angle": -22.5, "axis": "x", "origin": [8.5, 1.46447, -4.25]},
			"faces": {
				"north": {"uv": [3.25, 7.125, 3.5, 7.25], "texture": "#2"},
				"east": {"uv": [5.25, 5.375, 5.875, 5.5], "texture": "#2"},
				"south": {"uv": [3.625, 7.125, 3.875, 7.25], "texture": "#2"},
				"west": {"uv": [0, 5.5, 0.625, 5.625], "texture": "#2"},
				"up": {"uv": [3.375, 3.25, 3.125, 2.625], "texture": "#2"},
				"down": {"uv": [3.5, 1.375, 3.25, 2], "texture": "#2"}
			}
		},
		{
			"from": [7.005, -1.03053, -10.28053],
			"to": [8.995, 3.95947, -9.29053],
			"rotation": {"angle": 22.5, "axis": "x", "origin": [8.5, 1.46447, -4.25]},
			"faces": {
				"north": {"uv": [3, 0, 3.25, 0.625], "texture": "#2"},
				"east": {"uv": [5.25, 4.625, 5.375, 5.25], "texture": "#2"},
				"south": {"uv": [1.5, 3, 1.75, 3.625], "texture": "#2"},
				"west": {"uv": [3.75, 5.375, 3.875, 6], "texture": "#2"},
				"up": {"uv": [2.25, 7.25, 2, 7.125], "texture": "#2"},
				"down": {"uv": [3.125, 7.125, 2.875, 7.25], "texture": "#2"}
			}
		},
		{
			"from": [7, -1.03553, -10.28553],
			"to": [9, 3.96447, -9.28553],
			"rotation": {"angle": -22.5, "axis": "x", "origin": [8.5, 1.46447, -4.25]},
			"faces": {
				"north": {"uv": [3, 3.375, 3.25, 4], "texture": "#2"},
				"east": {"uv": [5.5, 4.125, 5.625, 4.75], "texture": "#2"},
				"south": {"uv": [3.375, 3.375, 3.625, 4], "texture": "#2"},
				"west": {"uv": [5.25, 5.625, 5.375, 6.25], "texture": "#2"},
				"up": {"uv": [7.375, 5.25, 7.125, 5.125], "texture": "#2"},
				"down": {"uv": [5.75, 7.125, 5.5, 7.25], "texture": "#2"}
			}
		},
		{
			"from": [7.005, -4.56607, -6.745],
			"to": [8.995, -3.57607, -1.755],
			"rotation": {"angle": 22.5, "axis": "x", "origin": [8.5, 1.46447, -4.25]},
			"faces": {
				"north": {"uv": [7.125, 4.875, 7.375, 5], "texture": "#2"},
				"east": {"uv": [2.875, 5.5, 3.5, 5.625], "texture": "#2"},
				"south": {"uv": [5.125, 7.125, 5.375, 7.25], "texture": "#2"},
				"west": {"uv": [5.5, 3.875, 6.125, 4], "texture": "#2"},
				"up": {"uv": [2.5, 4, 2.25, 3.375], "texture": "#2"},
				"down": {"uv": [2.875, 3.375, 2.625, 4], "texture": "#2"}
			}
		},
		{
			"from": [7, -4.57107, -6.75],
			"to": [9, -3.57107, -1.75],
			"rotation": {"angle": -22.5, "axis": "x", "origin": [8.5, 1.46447, -4.25]},
			"faces": {
				"north": {"uv": [4, 7.125, 4.25, 7.25], "texture": "#2"},
				"east": {"uv": [0.75, 5.5, 1.375, 5.625], "texture": "#2"},
				"south": {"uv": [4.75, 7.125, 5, 7.25], "texture": "#2"},
				"west": {"uv": [2.125, 5.5, 2.75, 5.625], "texture": "#2"},
				"up": {"uv": [3.625, 0.625, 3.375, 0], "texture": "#2"},
				"down": {"uv": [2.125, 3.375, 1.875, 4], "texture": "#2"}
			}
		},
		{
			"from": [7.005, -1.03053, 0.79053],
			"to": [8.995, 3.95947, 1.78053],
			"rotation": {"angle": 22.5, "axis": "x", "origin": [8.5, 1.46447, -4.25]},
			"faces": {
				"north": {"uv": [2.75, 2.625, 3, 3.25], "texture": "#2"},
				"east": {"uv": [4.25, 5.25, 4.375, 5.875], "texture": "#2"},
				"south": {"uv": [2.875, 1.375, 3.125, 2], "texture": "#2"},
				"west": {"uv": [4.5, 5.25, 4.625, 5.875], "texture": "#2"},
				"up": {"uv": [7.375, 1.625, 7.125, 1.5], "texture": "#2"},
				"down": {"uv": [7.375, 1.75, 7.125, 1.875], "texture": "#2"}
			}
		},
		{
			"from": [7, -1.03553, 0.78553],
			"to": [9, 3.96447, 1.78553],
			"rotation": {"angle": -22.5, "axis": "x", "origin": [8.5, 1.46447, -4.25]},
			"faces": {
				"north": {"uv": [0.75, 2.75, 1, 3.375], "texture": "#2"},
				"east": {"uv": [1.5, 5.125, 1.625, 5.75], "texture": "#2"},
				"south": {"uv": [1.125, 2.75, 1.375, 3.375], "texture": "#2"},
				"west": {"uv": [5.25, 3.875, 5.375, 4.5], "texture": "#2"},
				"up": {"uv": [6.125, 7.125, 5.875, 7], "texture": "#2"},
				"down": {"uv": [1.5, 7.125, 1.25, 7.25], "texture": "#2"}
			}
		},
		{
			"from": [7.005, 6.505, -6.745],
			"to": [8.995, 7.495, -1.755],
			"rotation": {"angle": 22.5, "axis": "x", "origin": [8.5, 1.46447, -4.25]},
			"faces": {
				"north": {"uv": [0.5, 7, 0.75, 7.125], "texture": "#2"},
				"east": {"uv": [5.25, 3, 5.875, 3.125], "texture": "#2"},
				"south": {"uv": [2.5, 7, 2.75, 7.125], "texture": "#2"},
				"west": {"uv": [5.25, 3.25, 5.875, 3.375], "texture": "#2"},
				"up": {"uv": [0.25, 3.375, 0, 2.75], "texture": "#2"},
				"down": {"uv": [0.625, 2.75, 0.375, 3.375], "texture": "#2"}
			}
		}
	],
	"display": {
		"thirdperson_righthand": {
			"rotation": [75, 45, 0],
			"translation": [0, 2.5, 0],
			"scale": [0.375, 0.375, 0.375]
		},
		"thirdperson_lefthand": {
			"rotation": [75, 45, 0],
			"translation": [0, 2.5, 0],
			"scale": [0.375, 0.375, 0.375]
		},
		"firstperson_righthand": {
			"rotation": [0, 45, 0],
			"scale": [0.4, 0.4, 0.4]
		},
		"firstperson_lefthand": {
			"rotation": [0, 225, 0],
			"scale": [0.4, 0.4, 0.4]
		},
		"ground": {
			"translation": [0, 3, 0],
			"scale": [0.25, 0.25, 0.25]
		},
		"gui": {
			"rotation": [30, 225, 0],
			"translation": [0.25, 1, 0],
			"scale": [0.5, 0.5, 0.5]
		},
		"head": {
			"translation": [0, -23.25, -6.25],
			"scale": [1.6, 1.6, 1.6]
		},
		"fixed": {
			"scale": [0.5, 0.5, 0.5]
		}
	},
	"groups": [
		0,
		1,
		2,
		3,
		4,
		5,
		6,
		7,
		8,
		9,
		10,
		11,
		12,
		13,
		14,
		15,
		16,
		17,
		18,
		19,
		20,
		21,
		22,
		23,
		24,
		25,
		26,
		27,
		28,
		29,
		30,
		31,
		32,
		33,
		34,
		35,
		36,
		37,
		38,
		{
			"name": "group",
			"origin": [7.5, 1.46447, 22.75],
			"color": 0,
			"children": [39, 40, 41, 42, 43, 44, 45, 46]
		},
		{
			"name": "group",
			"origin": [8.5, 1.46447, -4.25],
			"color": 0,
			"children": [47, 48, 49, 50, 51, 52, 53, 54]
		}
	]
}