{
	"credit": "www.sebxter.pl",
	"texture_size": [128, 128],
	"textures": {
		"1": "block/vehiles/car/seats",
		"2": "block/vehiles/car/boat",
		"particle": "block/vehiles/car/seats"
	},
	"elements": [
		{
			"from": [14.57269, 12, -1.5],
			"to": [16.57269, 15, 24.5],
			"rotation": {"angle": 0, "axis": "y", "origin": [7.57269, -5.5, -1]},
			"faces": {
				"north": {"uv": [7, 9.5, 7.25, 9.875], "texture": "#2"},
				"east": {"uv": [4.75, 6.375, 8, 6.75], "texture": "#2"},
				"south": {"uv": [13.125, 3.875, 13.375, 4.25], "texture": "#2"},
				"west": {"uv": [6.625, 2.625, 9.875, 3], "texture": "#2"},
				"up": {"uv": [7.625, 11.5, 7.375, 8.25], "texture": "#2"},
				"down": {"uv": [8, 8.375, 7.75, 11.625], "texture": "#2"}
			}
		},
		{
			"from": [12.10969, 15.81307, -2.5],
			"to": [15.10969, 17.81307, 4.5],
			"rotation": {"angle": -22.5, "axis": "z", "origin": [8, 14.6691, 1]},
			"faces": {
				"north": {"uv": [0.625, 6.375, 1, 6.625], "texture": "#2"},
				"east": {"uv": [11.5, 6.375, 12.375, 6.625], "texture": "#2"},
				"south": {"uv": [13.125, 1.5, 13.5, 1.75], "texture": "#2"},
				"west": {"uv": [11.625, 2.125, 12.5, 2.375], "texture": "#2"},
				"up": {"uv": [1, 6.25, 0.625, 5.375], "texture": "#2"},
				"down": {"uv": [4.625, 8.5, 4.25, 9.375], "texture": "#2"}
			}
		},
		{
			"from": [0.89031, 15.81307, -2.5],
			"to": [3.89031, 17.81307, 4.5],
			"rotation": {"angle": 22.5, "axis": "z", "origin": [8, 14.6691, 1]},
			"faces": {
				"north": {"uv": [13.125, 2.875, 13.5, 3.125], "texture": "#2"},
				"east": {"uv": [9.75, 11.625, 10.625, 11.875], "texture": "#2"},
				"south": {"uv": [11.75, 13.125, 12.125, 13.375], "texture": "#2"},
				"west": {"uv": [11.625, 10.5, 12.5, 10.75], "texture": "#2"},
				"up": {"uv": [7.25, 10.875, 6.875, 10], "texture": "#2"},
				"down": {"uv": [1, 10.25, 0.625, 11.125], "texture": "#2"}
			}
		},
		{
			"from": [3, 14.00104, -2.5],
			"to": [13, 16.00104, 4.5],
			"rotation": {"angle": 0, "axis": "z", "origin": [8, 14.6691, 1]},
			"faces": {
				"north": {"uv": [10.375, 0.5, 11.625, 0.75], "texture": "#2"},
				"east": {"uv": [10.75, 11.625, 11.625, 11.875], "texture": "#2"},
				"south": {"uv": [10.375, 0.875, 11.625, 1.125], "texture": "#2"},
				"west": {"uv": [11.75, 0.375, 12.625, 0.625], "texture": "#2"},
				"up": {"uv": [7.875, 5, 6.625, 4.125], "texture": "#2"},
				"down": {"uv": [1.875, 6.75, 0.625, 7.625], "texture": "#2"}
			}
		},
		{
			"from": [10, 17.50104, -4.5],
			"to": [12, 18.50104, -3.5],
			"rotation": {"angle": 45, "axis": "z", "origin": [12, 16.50104, -3.5]},
			"faces": {
				"north": {"uv": [9.5, 10.25, 9.75, 10.375], "texture": "#2"},
				"east": {"uv": [1.75, 8.625, 1.875, 8.75], "texture": "#2"},
				"south": {"uv": [10.5, 7.5, 10.75, 7.625], "texture": "#2"},
				"west": {"uv": [12.375, 1.875, 12.5, 2], "texture": "#2"},
				"up": {"uv": [2, 10.875, 1.75, 10.75], "texture": "#2"},
				"down": {"uv": [13.625, 11.75, 13.375, 11.875], "texture": "#2"}
			}
		},
		{
			"from": [10, 17.50104, -2.5],
			"to": [12, 18.50104, -1.5],
			"rotation": {"angle": 45, "axis": "z", "origin": [12, 16.50104, -3.5]},
			"faces": {
				"north": {"uv": [13.5, 4.125, 13.75, 4.25], "texture": "#2"},
				"east": {"uv": [2.625, 13.5, 2.75, 13.625], "texture": "#2"},
				"south": {"uv": [13.625, 3, 13.875, 3.125], "texture": "#2"},
				"west": {"uv": [9, 13.5, 9.125, 13.625], "texture": "#2"},
				"up": {"uv": [13.875, 7.875, 13.625, 7.75], "texture": "#2"},
				"down": {"uv": [14, 6.5, 13.75, 6.625], "texture": "#2"}
			}
		},
		{
			"from": [10, 17.50104, -0.5],
			"to": [12, 18.50104, 0.5],
			"rotation": {"angle": 45, "axis": "z", "origin": [12, 16.50104, -3.5]},
			"faces": {
				"north": {"uv": [13.75, 11, 14, 11.125], "texture": "#2"},
				"east": {"uv": [11.25, 13.75, 11.375, 13.875], "texture": "#2"},
				"south": {"uv": [13.75, 11.75, 14, 11.875], "texture": "#2"},
				"west": {"uv": [13.875, 8, 14, 8.125], "texture": "#2"},
				"up": {"uv": [12.875, 13.875, 12.625, 13.75], "texture": "#2"},
				"down": {"uv": [13.25, 13.75, 13, 13.875], "texture": "#2"}
			}
		},
		{
			"from": [10, 17.50104, 1.5],
			"to": [12, 18.50104, 2.5],
			"rotation": {"angle": 45, "axis": "z", "origin": [12, 16.50104, -3.5]},
			"faces": {
				"north": {"uv": [13.375, 13.75, 13.625, 13.875], "texture": "#2"},
				"east": {"uv": [8.75, 13.875, 8.875, 14], "texture": "#2"},
				"south": {"uv": [13.75, 13.375, 14, 13.5], "texture": "#2"},
				"west": {"uv": [13.875, 9.125, 14, 9.25], "texture": "#2"},
				"up": {"uv": [14, 13.75, 13.75, 13.625], "texture": "#2"},
				"down": {"uv": [0.625, 13.875, 0.375, 14], "texture": "#2"}
			}
		},
		{
			"from": [4, 17.50104, 1.5],
			"to": [6, 18.50104, 2.5],
			"rotation": {"angle": -45, "axis": "z", "origin": [4, 16.50104, -3.5]},
			"faces": {
				"north": {"uv": [13.875, 0.375, 14.125, 0.5], "texture": "#2"},
				"east": {"uv": [13.875, 10.25, 14, 10.375], "texture": "#2"},
				"south": {"uv": [0.75, 13.875, 1, 14], "texture": "#2"},
				"west": {"uv": [13.875, 10.5, 14, 10.625], "texture": "#2"},
				"up": {"uv": [14.125, 2, 13.875, 1.875], "texture": "#2"},
				"down": {"uv": [14.125, 2.125, 13.875, 2.25], "texture": "#2"}
			}
		},
		{
			"from": [4, 17.50104, -0.5],
			"to": [6, 18.50104, 0.5],
			"rotation": {"angle": -45, "axis": "z", "origin": [4, 16.50104, -3.5]},
			"faces": {
				"north": {"uv": [2.25, 13.875, 2.5, 14], "texture": "#2"},
				"east": {"uv": [13.875, 10.75, 14, 10.875], "texture": "#2"},
				"south": {"uv": [13.875, 2.375, 14.125, 2.5], "texture": "#2"},
				"west": {"uv": [13.875, 11.25, 14, 11.375], "texture": "#2"},
				"up": {"uv": [14.125, 3.875, 13.875, 3.75], "texture": "#2"},
				"down": {"uv": [14.125, 4, 13.875, 4.125], "texture": "#2"}
			}
		},
		{
			"from": [4, 17.50104, -2.5],
			"to": [6, 18.50104, -1.5],
			"rotation": {"angle": -45, "axis": "z", "origin": [4, 16.50104, -3.5]},
			"faces": {
				"north": {"uv": [13.875, 4.875, 14.125, 5], "texture": "#2"},
				"east": {"uv": [11.5, 13.875, 11.625, 14], "texture": "#2"},
				"south": {"uv": [13.875, 5.125, 14.125, 5.25], "texture": "#2"},
				"west": {"uv": [13.875, 11.5, 14, 11.625], "texture": "#2"},
				"up": {"uv": [14.125, 5.5, 13.875, 5.375], "texture": "#2"},
				"down": {"uv": [5.875, 13.875, 5.625, 14], "texture": "#2"}
			}
		},
		{
			"from": [4, 17.50104, -4.5],
			"to": [6, 18.50104, -3.5],
			"rotation": {"angle": -45, "axis": "z", "origin": [4, 16.50104, -3.5]},
			"faces": {
				"north": {"uv": [13.875, 5.625, 14.125, 5.75], "texture": "#2"},
				"east": {"uv": [11.75, 13.875, 11.875, 14], "texture": "#2"},
				"south": {"uv": [13.875, 5.875, 14.125, 6], "texture": "#2"},
				"west": {"uv": [12, 13.875, 12.125, 14], "texture": "#2"},
				"up": {"uv": [6.25, 14, 6, 13.875], "texture": "#2"},
				"down": {"uv": [7.75, 13.875, 7.5, 14], "texture": "#2"}
			}
		},
		{
			"from": [6, 15.50104, -5],
			"to": [10, 17.50104, 3],
			"rotation": {"angle": 0, "axis": "z", "origin": [5, 14.6691, 1]},
			"faces": {
				"north": {"uv": [12.75, 11.625, 13.25, 11.875], "texture": "#2"},
				"east": {"uv": [11, 7.5, 12, 7.75], "texture": "#2"},
				"south": {"uv": [11.75, 12.75, 12.25, 13], "texture": "#2"},
				"west": {"uv": [11, 7.875, 12, 8.125], "texture": "#2"},
				"up": {"uv": [1.625, 3, 1.125, 2], "texture": "#2"},
				"down": {"uv": [3.375, 8.625, 2.875, 9.625], "texture": "#2"}
			}
		},
		{
			"from": [1, 12, 19.5],
			"to": [15, 15, 21.5],
			"rotation": {"angle": 0, "axis": "y", "origin": [8, -5.5, -1]},
			"faces": {
				"north": {"uv": [8.375, 0, 10.125, 0.375], "texture": "#2"},
				"east": {"uv": [10.125, 13.125, 10.375, 13.5], "texture": "#2"},
				"south": {"uv": [8.5, 0.5, 10.25, 0.875], "texture": "#2"},
				"west": {"uv": [12.25, 13.125, 12.5, 13.5], "texture": "#2"},
				"up": {"uv": [4, 5, 2.25, 4.75], "texture": "#2"},
				"down": {"uv": [11.75, 3.25, 10, 3.5], "texture": "#2"}
			}
		},
		{
			"from": [1, 12, 2.5],
			"to": [15, 15, 5.5],
			"rotation": {"angle": 0, "axis": "y", "origin": [8, -5.5, -1]},
			"faces": {
				"north": {"uv": [8.5, 1, 10.25, 1.375], "texture": "#2"},
				"east": {"uv": [1.75, 8.875, 2.125, 9.25], "texture": "#2"},
				"south": {"uv": [8.5, 8.375, 10.25, 8.75], "texture": "#2"},
				"west": {"uv": [6.875, 11, 7.25, 11.375], "texture": "#2"},
				"up": {"uv": [10.25, 9.25, 8.5, 8.875], "texture": "#2"},
				"down": {"uv": [10.875, 5.125, 9.125, 5.5], "texture": "#2"}
			}
		},
		{
			"from": [1, 12.35, 5.5],
			"to": [15, 13.35, 20.5],
			"rotation": {"angle": 0, "axis": "y", "origin": [8, -5.5, -1]},
			"faces": {
				"up": {"uv": [1.75, 1.875, 0, 0], "texture": "#2"}
			}
		},
		{
			"from": [7.74039, 12.005, -10.73171],
			"to": [14.73039, 14.995, -0.74171],
			"rotation": {"angle": 22.5, "axis": "y", "origin": [13.73539, 13.5, -5.73671]},
			"faces": {
				"north": {"uv": [10.25, 0, 11.125, 0.375], "texture": "#2"},
				"east": {"uv": [9.125, 6.75, 10.375, 7.125], "texture": "#2"},
				"south": {"uv": [1.125, 10.25, 2, 10.625], "texture": "#2"},
				"west": {"uv": [9.125, 7.25, 10.375, 7.625], "texture": "#2"},
				"up": {"uv": [5.625, 8.125, 4.75, 6.875], "texture": "#2"},
				"down": {"uv": [6.625, 6.875, 5.75, 8.125], "texture": "#2"}
			}
		},
		{
			"from": [7.73939, 15.004, -10.73271],
			"to": [13.73139, 15.996, -1.74071],
			"rotation": {"angle": 22.5, "axis": "y", "origin": [13.73539, 13.5, -5.73671]},
			"faces": {
				"north": {"uv": [13.125, 12, 13.875, 12.125], "texture": "#2"},
				"east": {"uv": [12.5, 6.5, 13.625, 6.625], "texture": "#2"},
				"south": {"uv": [12.625, 13.125, 13.375, 13.25], "texture": "#2"},
				"west": {"uv": [12.625, 10.75, 13.75, 10.875], "texture": "#2"},
				"up": {"uv": [4.625, 8.375, 3.875, 7.25], "texture": "#2"},
				"down": {"uv": [5.5, 8.25, 4.75, 9.375], "texture": "#2"}
			}
		},
		{
			"from": [2.26461, 15, -10.73671],
			"to": [8.26461, 16, -1.73671],
			"rotation": {"angle": -22.5, "axis": "y", "origin": [2.26461, 13.5, -5.73671]},
			"faces": {
				"north": {"uv": [0.375, 13.25, 1.125, 13.375], "texture": "#2"},
				"east": {"uv": [12.75, 8.875, 13.875, 9], "texture": "#2"},
				"south": {"uv": [13.25, 3.25, 14, 3.375], "texture": "#2"},
				"west": {"uv": [10.5, 12.75, 11.625, 12.875], "texture": "#2"},
				"up": {"uv": [6.375, 9.375, 5.625, 8.25], "texture": "#2"},
				"down": {"uv": [7.25, 8.25, 6.5, 9.375], "texture": "#2"}
			}
		},
		{
			"from": [3.98723, 15.005, -11.66177],
			"to": [8.97723, 15.995, -6.67177],
			"rotation": {"angle": 45, "axis": "y", "origin": [6.23223, 15.5, -11.41677]},
			"faces": {
				"north": {"uv": [1.125, 3.125, 1.75, 3.25], "texture": "#2"},
				"east": {"uv": [6.125, 10.75, 6.75, 10.875], "texture": "#2"},
				"south": {"uv": [13.25, 6.75, 13.875, 6.875], "texture": "#2"},
				"west": {"uv": [13.375, 4.375, 14, 4.5], "texture": "#2"},
				"up": {"uv": [6.75, 10.625, 6.125, 10], "texture": "#2"},
				"down": {"uv": [10.625, 9.75, 10, 10.375], "texture": "#2"}
			}
		},
		{
			"from": [6.7615, 12.005, -15.49556],
			"to": [11.7515, 14.995, -9.50556],
			"rotation": {"angle": 45, "axis": "y", "origin": [10.7565, 13.5, -11.31394]},
			"faces": {
				"north": {"uv": [1.125, 11.5, 1.75, 11.875], "texture": "#2"},
				"east": {"uv": [8.5, 10.75, 9.25, 11.125], "texture": "#2"},
				"south": {"uv": [1.875, 11.5, 2.5, 11.875], "texture": "#2"},
				"west": {"uv": [10.75, 10.5, 11.5, 10.875], "texture": "#2"},
				"up": {"uv": [1.25, 10.125, 0.625, 9.375], "texture": "#2"},
				"down": {"uv": [2, 9.375, 1.375, 10.125], "texture": "#2"}
			}
		},
		{
			"from": [4.2435, 12, -15.50056],
			"to": [9.2435, 15, -9.50056],
			"rotation": {"angle": -45, "axis": "y", "origin": [5.2435, 13.5, -11.31394]},
			"faces": {
				"north": {"uv": [4.25, 11.5, 4.875, 11.875], "texture": "#2"},
				"east": {"uv": [10.875, 2.5, 11.625, 2.875], "texture": "#2"},
				"south": {"uv": [5, 11.5, 5.625, 11.875], "texture": "#2"},
				"west": {"uv": [1.75, 11, 2.5, 11.375], "texture": "#2"},
				"up": {"uv": [9.125, 10.125, 8.5, 9.375], "texture": "#2"},
				"down": {"uv": [9.875, 9.375, 9.25, 10.125], "texture": "#2"}
			}
		},
		{
			"from": [1.27717, 12.005, -10.73171],
			"to": [8.26717, 14.995, -0.74171],
			"rotation": {"angle": -22.5, "axis": "y", "origin": [2.27217, 13.5, -5.73671]},
			"faces": {
				"north": {"uv": [10.25, 5.625, 11.125, 6], "texture": "#2"},
				"east": {"uv": [4.25, 9.5, 5.5, 9.875], "texture": "#2"},
				"south": {"uv": [8.5, 10.25, 9.375, 10.625], "texture": "#2"},
				"west": {"uv": [5.625, 9.5, 6.875, 9.875], "texture": "#2"},
				"up": {"uv": [7.625, 8.125, 6.75, 6.875], "texture": "#2"},
				"down": {"uv": [3.75, 7.25, 2.875, 8.5], "texture": "#2"}
			}
		},
		{
			"from": [-0.56513, 12, -1.5],
			"to": [1.43487, 15, 24.5],
			"rotation": {"angle": 0, "axis": "y", "origin": [8.43487, -5.5, -1]},
			"faces": {
				"north": {"uv": [1.25, 13.25, 1.5, 13.625], "texture": "#2"},
				"east": {"uv": [6.625, 3.125, 9.875, 3.5], "texture": "#2"},
				"south": {"uv": [6.375, 13.25, 6.625, 13.625], "texture": "#2"},
				"west": {"uv": [6.625, 3.625, 9.875, 4], "texture": "#2"},
				"up": {"uv": [8.375, 11.625, 8.125, 8.375], "texture": "#2"},
				"down": {"uv": [4.125, 8.5, 3.875, 11.75], "texture": "#2"}
			}
		},
		{
			"from": [0.005, 14.97374, 20.94633],
			"to": [3.995, 21.995, 22.93633],
			"rotation": {"angle": 0, "axis": "x", "origin": [8, 17.96874, 21.94133]},
			"faces": {
				"north": {"uv": [0, 10, 0.5, 10.875], "texture": "#2"},
				"east": {"uv": [3.5, 8.625, 3.75, 9.5], "texture": "#2"},
				"south": {"uv": [4.25, 10, 4.75, 10.875], "texture": "#2"},
				"west": {"uv": [3.25, 11.125, 3.5, 12], "texture": "#2"},
				"up": {"uv": [12.875, 13, 12.375, 12.75], "texture": "#2"},
				"down": {"uv": [13.25, 12.375, 12.75, 12.625], "texture": "#2"}
			}
		},
		{
			"from": [15, 16.96874, 4.94133],
			"to": [16, 18, 20.94133],
			"rotation": {"angle": 45, "axis": "z", "origin": [15.5, 17.48437, 12.94133]},
			"faces": {
				"north": {"uv": [13.875, 12.25, 14, 12.375], "texture": "#2"},
				"east": {"uv": [10.25, 6.125, 12.25, 6.25], "texture": "#2"},
				"south": {"uv": [13.75, 13.875, 13.875, 14], "texture": "#2"},
				"west": {"uv": [10.875, 3, 12.875, 3.125], "texture": "#2"},
				"up": {"uv": [2.125, 8.75, 2, 6.75], "texture": "#2"},
				"down": {"uv": [3.75, 10.5, 3.625, 12.5], "texture": "#2"}
			}
		},
		{
			"from": [15.005, 14.73937, 14.3307],
			"to": [15.995, 24.72937, 15.35197],
			"rotation": {"angle": 22.5, "axis": "x", "origin": [15.5, 17.48437, 12.94133]},
			"faces": {
				"north": {"uv": [2.25, 12, 2.375, 13.25], "texture": "#2"},
				"east": {"uv": [6.875, 12, 7, 13.25], "texture": "#2"},
				"south": {"uv": [9, 12.125, 9.125, 13.375], "texture": "#2"},
				"west": {"uv": [1.75, 12.375, 1.875, 13.625], "texture": "#2"},
				"up": {"uv": [14.125, 0.75, 14, 0.625], "texture": "#2"},
				"down": {"uv": [14.125, 0.875, 14, 1], "texture": "#2"}
			}
		},
		{
			"from": [0.005, 14.73937, 14.3307],
			"to": [0.995, 24.72937, 15.35197],
			"rotation": {"angle": 22.5, "axis": "x", "origin": [0.5, 17.48437, 12.94133]},
			"faces": {
				"north": {"uv": [2, 12.375, 2.125, 13.625], "texture": "#2"},
				"east": {"uv": [3.875, 12.375, 4, 13.625], "texture": "#2"},
				"south": {"uv": [4.125, 12.375, 4.25, 13.625], "texture": "#2"},
				"west": {"uv": [4.375, 12.375, 4.5, 13.625], "texture": "#2"},
				"up": {"uv": [14.125, 1.25, 14, 1.125], "texture": "#2"},
				"down": {"uv": [14.125, 1.375, 14, 1.5], "texture": "#2"}
			}
		},
		{
			"from": [0, 16.96874, 4.94133],
			"to": [1, 18, 20.94133],
			"rotation": {"angle": -45, "axis": "z", "origin": [0.5, 17.48437, 12.94133]},
			"faces": {
				"north": {"uv": [14, 1.625, 14.125, 1.75], "texture": "#2"},
				"east": {"uv": [10.75, 11, 12.75, 11.125], "texture": "#2"},
				"south": {"uv": [14, 2.625, 14.125, 2.75], "texture": "#2"},
				"west": {"uv": [11.125, 6.75, 13.125, 6.875], "texture": "#2"},
				"up": {"uv": [0.125, 13, 0, 11], "texture": "#2"},
				"down": {"uv": [0.375, 11, 0.25, 13], "texture": "#2"}
			}
		},
		{
			"from": [12.005, 14.97374, 20.94633],
			"to": [15.995, 21.995, 22.93633],
			"rotation": {"angle": 0, "axis": "x", "origin": [8, 17.96874, 21.94133]},
			"faces": {
				"north": {"uv": [4.875, 10, 5.375, 10.875], "texture": "#2"},
				"east": {"uv": [2.625, 11.75, 2.875, 12.625], "texture": "#2"},
				"south": {"uv": [5.5, 10, 6, 10.875], "texture": "#2"},
				"west": {"uv": [7.75, 11.75, 8, 12.625], "texture": "#2"},
				"up": {"uv": [1, 13.125, 0.5, 12.875], "texture": "#2"},
				"down": {"uv": [1.625, 12.875, 1.125, 13.125], "texture": "#2"}
			}
		},
		{
			"from": [4, 14.96874, 20.94133],
			"to": [12, 17, 22.94133],
			"rotation": {"angle": 0, "axis": "x", "origin": [8, 17.96874, 21.94133]},
			"faces": {
				"north": {"uv": [11.125, 7, 12.125, 7.25], "texture": "#2"},
				"east": {"uv": [12.625, 13.375, 12.875, 13.625], "texture": "#2"},
				"south": {"uv": [11.125, 8.25, 12.125, 8.5], "texture": "#2"},
				"west": {"uv": [13, 13.375, 13.25, 13.625], "texture": "#2"},
				"up": {"uv": [12.25, 0.25, 11.25, 0], "texture": "#2"},
				"down": {"uv": [12.25, 4, 11.25, 4.25], "texture": "#2"}
			}
		},
		{
			"from": [0, 22.12993, 17.26081],
			"to": [16, 23.12993, 23.29207],
			"rotation": {"angle": 22.5, "axis": "x", "origin": [8, 23.44659, 20.27644]},
			"faces": {
				"north": {"uv": [11.125, 8.625, 13.125, 8.75], "texture": "#2"},
				"east": {"uv": [13.25, 3.5, 14, 3.625], "texture": "#2"},
				"south": {"uv": [11.25, 4.375, 13.25, 4.5], "texture": "#2"},
				"west": {"uv": [13.25, 4.625, 14, 4.75], "texture": "#2"},
				"up": {"uv": [8.25, 0.75, 6.25, 0], "texture": "#2"},
				"down": {"uv": [8.375, 0.875, 6.375, 1.625], "texture": "#2"}
			}
		},
		{
			"from": [0.005, 23.31306, 7.34292],
			"to": [15.995, 24.30306, 17.36418],
			"rotation": {"angle": 0, "axis": "x", "origin": [8, 20.16314, 7.09854]},
			"faces": {
				"north": {"uv": [11.25, 5.625, 13.25, 5.75], "texture": "#2"},
				"east": {"uv": [11.875, 5.375, 13.125, 5.5], "texture": "#2"},
				"south": {"uv": [11.25, 5.875, 13.25, 6], "texture": "#2"},
				"west": {"uv": [12.25, 7, 13.5, 7.125], "texture": "#2"},
				"up": {"uv": [4.25, 4.625, 2.25, 3.375], "texture": "#2"},
				"down": {"uv": [6.125, 0, 4.125, 1.25], "texture": "#2"}
			}
		},
		{
			"from": [15, 14.0529, 5.7335],
			"to": [16, 24.08416, 6.7335],
			"rotation": {"angle": 22.5, "axis": "x", "origin": [8, 20.16314, 7.09854]},
			"faces": {
				"north": {"uv": [4.625, 12.375, 4.75, 13.625], "texture": "#2"},
				"east": {"uv": [4.875, 12.375, 5, 13.625], "texture": "#2"},
				"south": {"uv": [5.125, 12.375, 5.25, 13.625], "texture": "#2"},
				"west": {"uv": [5.375, 12.375, 5.5, 13.625], "texture": "#2"},
				"up": {"uv": [14.125, 3, 14, 2.875], "texture": "#2"},
				"down": {"uv": [3.5, 14, 3.375, 14.125], "texture": "#2"}
			}
		},
		{
			"from": [0, 14.0529, 5.7335],
			"to": [1, 24.08416, 6.7335],
			"rotation": {"angle": 22.5, "axis": "x", "origin": [8, 20.16314, 7.09854]},
			"faces": {
				"north": {"uv": [7.125, 12.375, 7.25, 13.625], "texture": "#2"},
				"east": {"uv": [7.375, 12.375, 7.5, 13.625], "texture": "#2"},
				"south": {"uv": [9.25, 12.375, 9.375, 13.625], "texture": "#2"},
				"west": {"uv": [9.5, 12.375, 9.625, 13.625], "texture": "#2"},
				"up": {"uv": [14.125, 6.875, 14, 6.75], "texture": "#2"},
				"down": {"uv": [14.125, 7, 14, 7.125], "texture": "#2"}
			}
		},
		{
			"from": [1, 12.0529, 5.7335],
			"to": [15, 16.08416, 6.7335],
			"rotation": {"angle": 22.5, "axis": "x", "origin": [8, 20.16314, 7.09854]},
			"faces": {
				"north": {"uv": [7.75, 7.75, 9.5, 8.25], "texture": "#2"},
				"east": {"uv": [4.125, 2.625, 4.25, 3.125], "texture": "#2"},
				"south": {"uv": [8, 4.125, 9.75, 4.625], "texture": "#2"},
				"west": {"uv": [8.75, 13.25, 8.875, 13.75], "texture": "#2"},
				"up": {"uv": [10.25, 1.625, 8.5, 1.5], "texture": "#2"},
				"down": {"uv": [13.5, 0.75, 11.75, 0.875], "texture": "#2"}
			}
		},
		{
			"from": [1, 22.0529, 5.7335],
			"to": [15, 24.08416, 6.7335],
			"rotation": {"angle": 22.5, "axis": "x", "origin": [8, 20.16314, 7.09854]},
			"faces": {
				"north": {"uv": [10, 3.625, 11.75, 3.875], "texture": "#2"},
				"east": {"uv": [4.125, 4.75, 4.25, 5], "texture": "#2"},
				"south": {"uv": [10, 9.375, 11.75, 9.625], "texture": "#2"},
				"west": {"uv": [3, 11.75, 3.125, 12], "texture": "#2"},
				"up": {"uv": [13.5, 1.125, 11.75, 1], "texture": "#2"},
				"down": {"uv": [13.5, 1.25, 11.75, 1.375], "texture": "#2"}
			}
		},
		{
			"from": [5.99019, 8.09315, -8.5],
			"to": [9.99019, 12.09315, 27.5],
			"rotation": {"angle": 45, "axis": "z", "origin": [7.99019, 10.09315, 11.5]},
			"faces": {
				"north": {"uv": [2.625, 11.125, 3.125, 11.625], "texture": "#2"},
				"east": {"uv": [4.5, 5.125, 9, 5.625], "texture": "#2"},
				"south": {"uv": [0.5, 11.25, 1, 11.75], "texture": "#2"},
				"west": {"uv": [4.5, 5.75, 9, 6.25], "texture": "#2"},
				"up": {"uv": [0.5, 9.875, 0, 5.375], "texture": "#2"},
				"down": {"uv": [2.75, 6.375, 2.25, 10.875], "texture": "#2"}
			}
		},
		{
			"from": [7.00491, 9.09315, -13.25],
			"to": [9.00491, 13.09315, -8.25],
			"rotation": {"angle": 22.5, "axis": "x", "origin": [8.00491, 10.09315, -13]},
			"faces": {
				"north": {"uv": [12.875, 3.25, 13.125, 3.75], "texture": "#2"},
				"east": {"uv": [10.375, 8.25, 11, 8.75], "texture": "#2"},
				"south": {"uv": [5.625, 12.875, 5.875, 13.375], "texture": "#2"},
				"west": {"uv": [2.875, 10.5, 3.5, 11], "texture": "#2"},
				"up": {"uv": [10, 13, 9.75, 12.375], "texture": "#2"},
				"down": {"uv": [10.375, 12.375, 10.125, 13], "texture": "#2"}
			}
		},
		{
			"from": [7.00991, 9.29105, -15.50252],
			"to": [8.99991, 12.28105, -11.51252],
			"rotation": {"angle": -22.5, "axis": "x", "origin": [8.00491, 14.03605, -14.50752]},
			"faces": {
				"north": {"uv": [8, 13.25, 8.25, 13.625], "texture": "#2"},
				"east": {"uv": [5.625, 12, 6.125, 12.375], "texture": "#2"},
				"south": {"uv": [8.375, 13.25, 8.625, 13.625], "texture": "#2"},
				"west": {"uv": [6.25, 12, 6.75, 12.375], "texture": "#2"},
				"up": {"uv": [6.25, 13.375, 6, 12.875], "texture": "#2"},
				"down": {"uv": [13.125, 11, 12.875, 11.5], "texture": "#2"}
			}
		},
		{
			"from": [8.57061, 10.01046, -1.5],
			"to": [16.57061, 12.01046, 24.5],
			"rotation": {"angle": 22.5, "axis": "z", "origin": [11.57061, 11.01046, 11.5]},
			"faces": {
				"north": {"uv": [8.5, 11.25, 9.5, 11.5], "texture": "#2"},
				"east": {"uv": [8, 4.75, 11.25, 5], "texture": "#2"},
				"south": {"uv": [9.625, 11.25, 10.625, 11.5], "texture": "#2"},
				"west": {"uv": [8.125, 6.375, 11.375, 6.625], "texture": "#2"},
				"up": {"uv": [2.875, 3.25, 1.875, 0], "texture": "#2"},
				"down": {"uv": [1, 2, 0, 5.25], "texture": "#2"}
			}
		},
		{
			"from": [-0.56305, 10.01046, -1.5],
			"to": [7.43695, 12.01046, 24.5],
			"rotation": {"angle": -22.5, "axis": "z", "origin": [4.43695, 11.01046, 11.5]},
			"faces": {
				"north": {"uv": [10.75, 11.25, 11.75, 11.5], "texture": "#2"},
				"east": {"uv": [8.25, 1.75, 11.5, 2], "texture": "#2"},
				"south": {"uv": [11.375, 4.625, 12.375, 4.875], "texture": "#2"},
				"west": {"uv": [8.25, 2.125, 11.5, 2.375], "texture": "#2"},
				"up": {"uv": [4, 3.25, 3, 0], "texture": "#2"},
				"down": {"uv": [2.125, 3.375, 1.125, 6.625], "texture": "#2"}
			}
		},
		{
			"from": [8.70843, 10.26046, -3.5],
			"to": [15.70843, 12.26046, -1.5],
			"rotation": {"angle": 22.5, "axis": "z", "origin": [11.70843, 11.01046, -1.5]},
			"faces": {
				"north": {"uv": [11.75, 2.5, 12.625, 2.75], "texture": "#2"},
				"east": {"uv": [13.375, 13.375, 13.625, 13.625], "texture": "#2"},
				"south": {"uv": [11.75, 8.875, 12.625, 9.125], "texture": "#2"},
				"west": {"uv": [0.375, 13.5, 0.625, 13.75], "texture": "#2"},
				"up": {"uv": [12.625, 11.875, 11.75, 11.625], "texture": "#2"},
				"down": {"uv": [12.75, 3.25, 11.875, 3.5], "texture": "#2"}
			}
		},
		{
			"from": [8.70843, 10.51046, -5.5],
			"to": [14.70843, 12.51046, -3.5],
			"rotation": {"angle": 22.5, "axis": "z", "origin": [11.70843, 11.01046, -3.5]},
			"faces": {
				"north": {"uv": [9.75, 12, 10.5, 12.25], "texture": "#2"},
				"east": {"uv": [13.5, 0.375, 13.75, 0.625], "texture": "#2"},
				"south": {"uv": [10.625, 12, 11.375, 12.25], "texture": "#2"},
				"west": {"uv": [0.75, 13.5, 1, 13.75], "texture": "#2"},
				"up": {"uv": [12.25, 12.25, 11.5, 12], "texture": "#2"},
				"down": {"uv": [12.875, 7.375, 12.125, 7.625], "texture": "#2"}
			}
		},
		{
			"from": [8.70843, 10.76046, -7.5],
			"to": [13.70843, 12.76046, -5.5],
			"rotation": {"angle": 22.5, "axis": "z", "origin": [11.70843, 11.01046, -5.5]},
			"faces": {
				"north": {"uv": [12.375, 0, 13, 0.25], "texture": "#2"},
				"east": {"uv": [2.25, 13.5, 2.5, 13.75], "texture": "#2"},
				"south": {"uv": [12.375, 1.5, 13, 1.75], "texture": "#2"},
				"west": {"uv": [13.5, 2.25, 13.75, 2.5], "texture": "#2"},
				"up": {"uv": [13, 4.25, 12.375, 4], "texture": "#2"},
				"down": {"uv": [11.125, 12.375, 10.5, 12.625], "texture": "#2"}
			}
		},
		{
			"from": [8.70843, 11.01046, -9.5],
			"to": [12.70843, 13.01046, -7.5],
			"rotation": {"angle": 22.5, "axis": "z", "origin": [11.70843, 11.01046, -7.5]},
			"faces": {
				"north": {"uv": [12.875, 5, 13.375, 5.25], "texture": "#2"},
				"east": {"uv": [13.5, 3.75, 13.75, 4], "texture": "#2"},
				"south": {"uv": [12.875, 8.125, 13.375, 8.375], "texture": "#2"},
				"west": {"uv": [13.5, 4.875, 13.75, 5.125], "texture": "#2"},
				"up": {"uv": [13.375, 9.375, 12.875, 9.125], "texture": "#2"},
				"down": {"uv": [3.375, 13, 2.875, 13.25], "texture": "#2"}
			}
		},
		{
			"from": [4.43695, 11.26046, -11.5],
			"to": [7.43695, 13.26046, -9.5],
			"rotation": {"angle": -22.5, "axis": "z", "origin": [4.43695, 11.01046, -7.5]},
			"faces": {
				"north": {"uv": [13.25, 6.125, 13.625, 6.375], "texture": "#2"},
				"east": {"uv": [5.625, 13.5, 5.875, 13.75], "texture": "#2"},
				"south": {"uv": [13.25, 8.5, 13.625, 8.75], "texture": "#2"},
				"west": {"uv": [6, 13.5, 6.25, 13.75], "texture": "#2"},
				"up": {"uv": [13.625, 11.25, 13.25, 11], "texture": "#2"},
				"down": {"uv": [13.75, 1.875, 13.375, 2.125], "texture": "#2"}
			}
		},
		{
			"from": [5.43695, 11.51046, -13.5],
			"to": [7.43695, 13.51046, -11.5],
			"rotation": {"angle": -22.5, "axis": "z", "origin": [4.43695, 11.01046, -7.5]},
			"faces": {
				"north": {"uv": [7.625, 13.5, 7.875, 13.75], "texture": "#2"},
				"east": {"uv": [13.5, 8, 13.75, 8.25], "texture": "#2"},
				"south": {"uv": [13.5, 9.125, 13.75, 9.375], "texture": "#2"},
				"west": {"uv": [11.5, 13.5, 11.75, 13.75], "texture": "#2"},
				"up": {"uv": [12.125, 13.75, 11.875, 13.5], "texture": "#2"},
				"down": {"uv": [13.875, 0.75, 13.625, 1], "texture": "#2"}
			}
		},
		{
			"from": [8.57061, 11.51046, -13.5],
			"to": [10.57061, 13.51046, -11.5],
			"rotation": {"angle": 22.5, "axis": "z", "origin": [11.57061, 11.01046, -7.5]},
			"faces": {
				"north": {"uv": [13.625, 1.125, 13.875, 1.375], "texture": "#2"},
				"east": {"uv": [13.625, 1.5, 13.875, 1.75], "texture": "#2"},
				"south": {"uv": [13.625, 2.625, 13.875, 2.875], "texture": "#2"},
				"west": {"uv": [3.375, 13.625, 3.625, 13.875], "texture": "#2"},
				"up": {"uv": [13.875, 7.25, 13.625, 7], "texture": "#2"},
				"down": {"uv": [13.875, 7.375, 13.625, 7.625], "texture": "#2"}
			}
		},
		{
			"from": [8.57061, 11.26046, -11.5],
			"to": [11.57061, 13.26046, -9.5],
			"rotation": {"angle": 22.5, "axis": "z", "origin": [11.57061, 11.01046, -7.5]},
			"faces": {
				"north": {"uv": [2.875, 13.375, 3.25, 13.625], "texture": "#2"},
				"east": {"uv": [13.625, 9.5, 13.875, 9.75], "texture": "#2"},
				"south": {"uv": [13.375, 5.375, 13.75, 5.625], "texture": "#2"},
				"west": {"uv": [13.625, 9.875, 13.875, 10.125], "texture": "#2"},
				"up": {"uv": [13.75, 6, 13.375, 5.75], "texture": "#2"},
				"down": {"uv": [13.75, 10.25, 13.375, 10.5], "texture": "#2"}
			}
		},
		{
			"from": [0.29157, 10.26046, -3.5],
			"to": [7.29157, 12.26046, -1.5],
			"rotation": {"angle": -22.5, "axis": "z", "origin": [4.29157, 11.01046, -1.5]},
			"faces": {
				"north": {"uv": [11.875, 3.625, 12.75, 3.875], "texture": "#2"},
				"east": {"uv": [10.125, 13.625, 10.375, 13.875], "texture": "#2"},
				"south": {"uv": [11.875, 5, 12.75, 5.25], "texture": "#2"},
				"west": {"uv": [12.25, 13.625, 12.5, 13.875], "texture": "#2"},
				"up": {"uv": [12.75, 9.5, 11.875, 9.25], "texture": "#2"},
				"down": {"uv": [12.75, 11.25, 11.875, 11.5], "texture": "#2"}
			}
		},
		{
			"from": [1.29157, 10.51046, -5.5],
			"to": [7.29157, 12.51046, -3.5],
			"rotation": {"angle": -22.5, "axis": "z", "origin": [4.29157, 11.01046, -3.5]},
			"faces": {
				"north": {"uv": [12.125, 7.75, 12.875, 8], "texture": "#2"},
				"east": {"uv": [13.625, 12.625, 13.875, 12.875], "texture": "#2"},
				"south": {"uv": [8.125, 12.125, 8.875, 12.375], "texture": "#2"},
				"west": {"uv": [13.625, 13, 13.875, 13.25], "texture": "#2"},
				"up": {"uv": [12.875, 9.875, 12.125, 9.625], "texture": "#2"},
				"down": {"uv": [12.875, 10, 12.125, 10.25], "texture": "#2"}
			}
		},
		{
			"from": [3.29157, 11.01046, -9.5],
			"to": [7.29157, 13.01046, -7.5],
			"rotation": {"angle": -22.5, "axis": "z", "origin": [4.29157, 11.01046, -7.5]},
			"faces": {
				"north": {"uv": [13, 7.25, 13.5, 7.5], "texture": "#2"},
				"east": {"uv": [0, 13.75, 0.25, 14], "texture": "#2"},
				"south": {"uv": [13, 7.625, 13.5, 7.875], "texture": "#2"},
				"west": {"uv": [13.75, 0, 14, 0.25], "texture": "#2"},
				"up": {"uv": [13.5, 9.75, 13, 9.5], "texture": "#2"},
				"down": {"uv": [13.5, 9.875, 13, 10.125], "texture": "#2"}
			}
		},
		{
			"from": [5.42939, 11.51046, -13.5],
			"to": [7.42939, 13.51046, -11.5],
			"rotation": {"angle": -22.5, "axis": "z", "origin": [4.42939, 11.01046, -7.5]},
			"faces": {
				"north": {"uv": [1.125, 13.75, 1.375, 14], "texture": "#2"},
				"east": {"uv": [1.5, 13.75, 1.75, 14], "texture": "#2"},
				"south": {"uv": [1.875, 13.75, 2.125, 14], "texture": "#2"},
				"west": {"uv": [2.625, 13.75, 2.875, 14], "texture": "#2"},
				"up": {"uv": [3.25, 14, 3, 13.75], "texture": "#2"},
				"down": {"uv": [4, 13.75, 3.75, 14], "texture": "#2"}
			}
		},
		{
			"from": [4.42939, 11.26046, -11.5],
			"to": [7.42939, 13.26046, -9.5],
			"rotation": {"angle": -22.5, "axis": "z", "origin": [4.42939, 11.01046, -7.5]},
			"faces": {
				"north": {"uv": [10.5, 13.375, 10.875, 13.625], "texture": "#2"},
				"east": {"uv": [4.125, 13.75, 4.375, 14], "texture": "#2"},
				"south": {"uv": [11, 13.375, 11.375, 13.625], "texture": "#2"},
				"west": {"uv": [4.5, 13.75, 4.75, 14], "texture": "#2"},
				"up": {"uv": [13.75, 11.625, 13.375, 11.375], "texture": "#2"},
				"down": {"uv": [13.75, 12.25, 13.375, 12.5], "texture": "#2"}
			}
		},
		{
			"from": [2.29157, 10.76046, -7.5],
			"to": [7.29157, 12.76046, -5.5],
			"rotation": {"angle": -22.5, "axis": "z", "origin": [4.29157, 11.01046, -5.5]},
			"faces": {
				"north": {"uv": [11.25, 12.375, 11.875, 12.625], "texture": "#2"},
				"east": {"uv": [4.875, 13.75, 5.125, 14], "texture": "#2"},
				"south": {"uv": [12, 12.375, 12.625, 12.625], "texture": "#2"},
				"west": {"uv": [5.25, 13.75, 5.5, 14], "texture": "#2"},
				"up": {"uv": [13, 12.25, 12.375, 12], "texture": "#2"},
				"down": {"uv": [13.125, 4.625, 12.5, 4.875], "texture": "#2"}
			}
		},
		{
			"from": [0.91474, 12.005, 23.06566],
			"to": [4.90474, 14.995, 28.05566],
			"rotation": {"angle": 45, "axis": "y", "origin": [1.90974, 13.5, 25.56066]},
			"faces": {
				"north": {"uv": [3, 12.125, 3.5, 12.5], "texture": "#2"},
				"east": {"uv": [5.75, 11.5, 6.375, 11.875], "texture": "#2"},
				"south": {"uv": [12.25, 8.125, 12.75, 8.5], "texture": "#2"},
				"west": {"uv": [6.5, 11.5, 7.125, 11.875], "texture": "#2"},
				"up": {"uv": [11, 7.375, 10.5, 6.75], "texture": "#2"},
				"down": {"uv": [10, 10.5, 9.5, 11.125], "texture": "#2"}
			}
		},
		{
			"from": [2.97487, 10, 25.06066],
			"to": [4.97487, 12, 30.06066],
			"rotation": {"angle": 45, "axis": "y", "origin": [1.97487, 13.5, 25.56066]},
			"faces": {
				"north": {"uv": [13.75, 6.125, 14, 6.375], "texture": "#2"},
				"east": {"uv": [5.625, 12.5, 6.25, 12.75], "texture": "#2"},
				"south": {"uv": [6.375, 13.75, 6.625, 14], "texture": "#2"},
				"west": {"uv": [12.5, 6.125, 13.125, 6.375], "texture": "#2"},
				"up": {"uv": [6.625, 13.125, 6.375, 12.5], "texture": "#2"},
				"down": {"uv": [8.375, 12.5, 8.125, 13.125], "texture": "#2"}
			}
		},
		{
			"from": [11.02513, 10, 25.06066],
			"to": [13.02513, 12, 30.06066],
			"rotation": {"angle": -45, "axis": "y", "origin": [14.02513, 13.5, 25.56066]},
			"faces": {
				"north": {"uv": [6.75, 13.75, 7, 14], "texture": "#2"},
				"east": {"uv": [12.625, 1.875, 13.25, 2.125], "texture": "#2"},
				"south": {"uv": [7.125, 13.75, 7.375, 14], "texture": "#2"},
				"west": {"uv": [3, 12.625, 3.625, 12.875], "texture": "#2"},
				"up": {"uv": [8.75, 13.125, 8.5, 12.5], "texture": "#2"},
				"down": {"uv": [13, 2.25, 12.75, 2.875], "texture": "#2"}
			}
		},
		{
			"from": [11.10282, 12.005, 23.06566],
			"to": [15.09282, 14.995, 28.05566],
			"rotation": {"angle": -45, "axis": "y", "origin": [14.09782, 13.5, 25.56066]},
			"faces": {
				"north": {"uv": [0.5, 12.375, 1, 12.75], "texture": "#2"},
				"east": {"uv": [11.625, 1.625, 12.25, 2], "texture": "#2"},
				"south": {"uv": [1.125, 12.375, 1.625, 12.75], "texture": "#2"},
				"west": {"uv": [8.5, 11.625, 9.125, 12], "texture": "#2"},
				"up": {"uv": [10.625, 11.125, 10.125, 10.5], "texture": "#2"},
				"down": {"uv": [1.625, 10.75, 1.125, 11.375], "texture": "#2"}
			}
		},
		{
			"from": [3.07269, 12, 22.03553],
			"to": [13.07269, 15, 28.03553],
			"rotation": {"angle": 0, "axis": "y", "origin": [12.07269, 13.5, 25.53553]},
			"faces": {
				"north": {"uv": [9.625, 7.75, 10.875, 8.125], "texture": "#2"},
				"east": {"uv": [4.25, 11, 5, 11.375], "texture": "#2"},
				"south": {"uv": [9.875, 4.125, 11.125, 4.5], "texture": "#2"},
				"west": {"uv": [5.125, 11, 5.875, 11.375], "texture": "#2"},
				"up": {"uv": [1.875, 8.5, 0.625, 7.75], "texture": "#2"},
				"down": {"uv": [9, 6.875, 7.75, 7.625], "texture": "#2"}
			}
		},
		{
			"from": [3.07269, 14, 23.03553],
			"to": [7.07269, 16, 25.03553],
			"rotation": {"angle": -45, "axis": "z", "origin": [8.07269, 15, 24.03553]},
			"faces": {
				"north": {"uv": [10.5, 13, 11, 13.25], "texture": "#2"},
				"east": {"uv": [8, 13.75, 8.25, 14], "texture": "#2"},
				"south": {"uv": [11.125, 13, 11.625, 13.25], "texture": "#2"},
				"west": {"uv": [8.375, 13.75, 8.625, 14], "texture": "#2"},
				"up": {"uv": [13.5, 13, 13, 12.75], "texture": "#2"},
				"down": {"uv": [13.625, 0, 13.125, 0.25], "texture": "#2"}
			}
		},
		{
			"from": [7.07269, 14, 23.03553],
			"to": [13.07269, 16, 25.03553],
			"rotation": {"angle": 45, "axis": "z", "origin": [8.07269, 15, 24.03553]},
			"faces": {
				"north": {"uv": [0.5, 12, 1.25, 12.25], "texture": "#2"},
				"east": {"uv": [8.125, 11.75, 8.375, 12], "texture": "#2"},
				"south": {"uv": [1.375, 12, 2.125, 12.25], "texture": "#2"},
				"west": {"uv": [6.75, 13.375, 7, 13.625], "texture": "#2"},
				"up": {"uv": [4.625, 12.25, 3.875, 12], "texture": "#2"},
				"down": {"uv": [5.5, 12, 4.75, 12.25], "texture": "#2"}
			}
		},
		{
			"from": [3.07269, 14, 23.03553],
			"to": [13.07269, 16, 25.03553],
			"rotation": {"angle": 45, "axis": "x", "origin": [8.07269, 15, 24.03553]},
			"faces": {
				"north": {"uv": [10.375, 1.25, 11.625, 1.5], "texture": "#2"},
				"east": {"uv": [13.75, 8.375, 14, 8.625], "texture": "#2"},
				"south": {"uv": [10.375, 8.875, 11.625, 9.125], "texture": "#2"},
				"west": {"uv": [9, 13.75, 9.25, 14], "texture": "#2"},
				"up": {"uv": [12, 10, 10.75, 9.75], "texture": "#2"},
				"down": {"uv": [12, 10.125, 10.75, 10.375], "texture": "#2"}
			}
		},
		{
			"from": [5, 11, 27.03553],
			"to": [11, 16, 30.03553],
			"rotation": {"angle": 0, "axis": "y", "origin": [13, 13.5, 25.53553]},
			"faces": {
				"north": {"uv": [2.875, 9.75, 3.625, 10.375], "texture": "#2"},
				"east": {"uv": [7.25, 11.625, 7.625, 12.25], "texture": "#2"},
				"south": {"uv": [10, 2.5, 10.75, 3.125], "texture": "#2"},
				"west": {"uv": [9.25, 11.625, 9.625, 12.25], "texture": "#2"},
				"up": {"uv": [11.75, 5.5, 11, 5.125], "texture": "#2"},
				"down": {"uv": [6.75, 11, 6, 11.375], "texture": "#2"}
			}
		},
		{
			"from": [7, 14.75, 26.03553],
			"to": [9, 16.75, 31.03553],
			"rotation": {"angle": 45, "axis": "z", "origin": [8, 15.75, 28.53553]},
			"faces": {
				"north": {"uv": [9.375, 13.75, 9.625, 14], "texture": "#2"},
				"east": {"uv": [12.625, 10.375, 13.25, 10.625], "texture": "#2"},
				"south": {"uv": [9.75, 13.75, 10, 14], "texture": "#2"},
				"west": {"uv": [12.75, 0.375, 13.375, 0.625], "texture": "#2"},
				"up": {"uv": [2.75, 13.375, 2.5, 12.75], "texture": "#2"},
				"down": {"uv": [7.875, 12.75, 7.625, 13.375], "texture": "#2"}
			}
		},
		{
			"from": [7, 9, 29.53553],
			"to": [9, 13, 31.53553],
			"rotation": {"angle": -22.5, "axis": "x", "origin": [8, 9.5, 30.03553]},
			"faces": {
				"north": {"uv": [3.5, 13, 3.75, 13.5], "texture": "#2"},
				"east": {"uv": [0, 13.125, 0.25, 13.625], "texture": "#2"},
				"south": {"uv": [13.125, 2.25, 13.375, 2.75], "texture": "#2"},
				"west": {"uv": [9.75, 13.125, 10, 13.625], "texture": "#2"},
				"up": {"uv": [10.75, 14, 10.5, 13.75], "texture": "#2"},
				"down": {"uv": [11.125, 13.75, 10.875, 14], "texture": "#2"}
			}
		},
		{
			"from": [0.25, 14.5, 4],
			"to": [0.75, 23.5, 21],
			"faces": {
				"east": {"uv": [4.125, 1.375, 6.25, 2.5], "texture": "#2"},
				"west": {"uv": [4.375, 2.625, 6.5, 3.75], "texture": "#2"}
			}
		},
		{
			"from": [15.25, 14.5, 4],
			"to": [15.75, 23.5, 21],
			"rotation": {"angle": 0, "axis": "y", "origin": [16, 0, 0]},
			"faces": {
				"east": {"uv": [4.375, 3.875, 6.5, 5], "texture": "#2"},
				"west": {"uv": [2.25, 5.125, 4.375, 6.25], "texture": "#2"}
			}
		},
		{
			"from": [1, 13.9, 6],
			"to": [15, 19.9, 6.5],
			"rotation": {"angle": 22.5, "axis": "x", "origin": [7.5, 19, 12.5]},
			"faces": {
				"north": {"uv": [6.375, 1.75, 8.125, 2.5], "texture": "#2"},
				"south": {"uv": [2.875, 6.375, 4.625, 7.125], "texture": "#2"}
			}
		},
		{
			"from": [4, 16.3, 22.125],
			"to": [12, 21.3, 22.625],
			"rotation": {"angle": 0, "axis": "x", "origin": [7.5, 19, 3.5]},
			"faces": {
				"north": {"uv": [0.625, 8.625, 1.625, 9.25], "texture": "#2"},
				"south": {"uv": [9.125, 5.625, 10.125, 6.25], "texture": "#2"}
			}
		},
		{
			"from": [9, 12.87026, 10.66151],
			"to": [14.5, 19.87026, 12.66151],
			"rotation": {"angle": 22.5, "axis": "x", "origin": [11.75, 16.37026, 11.66151]},
			"faces": {
				"north": {"uv": [3.5, 3, 4.875, 4.75], "texture": "#1"},
				"east": {"uv": [3.5, 7, 4, 8.75], "texture": "#1"},
				"south": {"uv": [0, 4, 1.375, 5.75], "texture": "#1"},
				"west": {"uv": [7, 4, 7.5, 5.75], "texture": "#1"},
				"up": {"uv": [7.625, 8, 6.25, 7.5], "texture": "#1"},
				"down": {"uv": [0, 0, 0, 0], "texture": "#1"}
			}
		},
		{
			"from": [9.004, 12.754, 6.25],
			"to": [14.5, 14.75, 11.246],
			"rotation": {"angle": 0, "axis": "y", "origin": [11.752, 15.002, 8.748]},
			"faces": {
				"north": {"uv": [7.75, 4, 9.125, 4.5], "texture": "#1"},
				"east": {"uv": [6.25, 8.25, 7.5, 8.75], "texture": "#1"},
				"south": {"uv": [0, 0, 0, 0], "texture": "#1"},
				"west": {"uv": [7.75, 8.25, 9, 8.75], "texture": "#1"},
				"up": {"uv": [6.625, 4.25, 5.25, 3], "texture": "#1"},
				"down": {"uv": [6.625, 4.5, 5.25, 5.75], "texture": "#1"}
			}
		},
		{
			"from": [1.5, 12.754, 6.25],
			"to": [6.996, 14.75, 11.246],
			"rotation": {"angle": 0, "axis": "y", "origin": [4.248, 15.002, 8.748]},
			"faces": {
				"north": {"uv": [7.75, 4.75, 9.125, 5.25], "texture": "#1"},
				"east": {"uv": [8.5, 1.5, 9.75, 2], "texture": "#1"},
				"south": {"uv": [0, 0, 0, 0], "texture": "#1"},
				"west": {"uv": [8.5, 2.25, 9.75, 2.75], "texture": "#1"},
				"up": {"uv": [1.375, 7.25, 0, 6], "texture": "#1"},
				"down": {"uv": [3.125, 6, 1.75, 7.25], "texture": "#1"}
			}
		},
		{
			"from": [1.496, 12.87026, 10.66151],
			"to": [6.996, 19.87026, 12.66151],
			"rotation": {"angle": 22.5, "axis": "x", "origin": [4.246, 16.37026, 11.66151]},
			"faces": {
				"north": {"uv": [1.75, 4, 3.125, 5.75], "texture": "#1"},
				"east": {"uv": [4.25, 7, 4.75, 8.75], "texture": "#1"},
				"south": {"uv": [3.5, 5, 4.875, 6.75], "texture": "#1"},
				"west": {"uv": [0, 7.5, 0.5, 9.25], "texture": "#1"},
				"up": {"uv": [9.375, 8, 8, 7.5], "texture": "#1"},
				"down": {"uv": [0, 0, 0, 0], "texture": "#1"}
			}
		},
		{
			"from": [1.502, 12.752, 13.752],
			"to": [14.498, 14.748, 18.748],
			"rotation": {"angle": 0, "axis": "y", "origin": [0, 13, 10.75]},
			"faces": {
				"north": {"uv": [5.25, 6, 8.5, 6.5], "texture": "#1"},
				"east": {"uv": [8.5, 3, 9.75, 3.5], "texture": "#1"},
				"south": {"uv": [5.25, 6.75, 8.5, 7.25], "texture": "#1"},
				"west": {"uv": [8.75, 5.5, 10, 6], "texture": "#1"},
				"up": {"uv": [6.75, 1.25, 3.5, 0], "texture": "#1"},
				"down": {"uv": [6.75, 1.5, 3.5, 2.75], "texture": "#1"}
			}
		},
		{
			"from": [1.498, 12.94438, 17.78083],
			"to": [14.498, 19.94438, 19.78083],
			"rotation": {"angle": 22.5, "axis": "x", "origin": [4.498, 15.44438, 18.78083]},
			"faces": {
				"north": {"uv": [0, 0, 3.25, 1.75], "texture": "#1"},
				"east": {"uv": [0.75, 7.5, 1.25, 9.25], "texture": "#1"},
				"south": {"uv": [0, 2, 3.25, 3.75], "texture": "#1"},
				"west": {"uv": [1.5, 7.5, 2, 9.25], "texture": "#1"},
				"up": {"uv": [10.25, 0.5, 7, 0], "texture": "#1"},
				"down": {"uv": [10.25, 0.75, 7, 1.25], "texture": "#1"}
			}
		}
	],
	"display": {
		"thirdperson_righthand": {
			"rotation": [75, 45, 0],
			"translation": [0, 2.5, 0],
			"scale": [0.375, 0.375, 0.375]
		},
		"thirdperson_lefthand": {
			"rotation": [75, 45, 0],
			"translation": [0, 2.5, 0],
			"scale": [0.375, 0.375, 0.375]
		},
		"firstperson_righthand": {
			"rotation": [0, 45, 0],
			"scale": [0.4, 0.4, 0.4]
		},
		"firstperson_lefthand": {
			"rotation": [0, 225, 0],
			"scale": [0.4, 0.4, 0.4]
		},
		"ground": {
			"translation": [0, 3, 0],
			"scale": [0.25, 0.25, 0.25]
		},
		"gui": {
			"rotation": [30, 225, 0],
			"translation": [0.25, -2, 0],
			"scale": [0.4, 0.4, 0.4]
		},
		"head": {
			"translation": [0, -37.5, -1],
			"scale": [4, 4, 4]
		},
		"fixed": {
			"scale": [0.5, 0.5, 0.5]
		}
	},
	"groups": [
		{
			"name": "group",
			"origin": [3, 6, -6.5],
			"color": 0,
			"children": [
				0,
				1,
				2,
				3,
				{
					"name": "group",
					"origin": [5, 14.6691, 1],
					"color": 0,
					"children": [4, 5, 6, 7, 8, 9, 10, 11, 12]
				},
				13,
				14,
				15,
				16,
				17,
				18,
				19,
				20,
				21,
				22,
				23,
				24,
				25,
				26,
				27,
				28,
				29,
				30,
				31,
				32,
				33,
				34,
				35,
				36,
				37,
				38,
				39,
				40,
				41,
				42,
				43,
				44,
				45,
				46,
				47,
				48,
				49,
				50,
				51,
				52,
				53,
				54,
				55,
				56,
				57,
				58,
				59,
				60,
				61,
				62,
				63,
				64,
				65,
				66
			]
		},
		67,
		68,
		69,
		70,
		{
			"name": "lp_seats",
			"origin": [8, 8, 8],
			"color": 0,
			"children": [
				{
					"name": "group",
					"origin": [4.5, 6.25, 0.25],
					"color": 0,
					"children": [
						{
							"name": "group",
							"origin": [11.752, 3.002, 5.498],
							"color": 0,
							"children": [71, 72, 73, 74]
						},
						75,
						76
					]
				}
			]
		}
	]
}