{
	"credit": "www.sebxter.pl",
	"texture_size": [128, 128],
	"textures": {
		"1": "block/vehiles/car/car_transporter",
		"1_1": "block/vehiles/car/seats",
		"particle": "sebxter:tires_pack/tire_1"
	},
	"elements": [
		{
			"from": [15.57403, 4.11418, -8.5],
			"to": [16.57403, 7.11418, -2.5],
			"rotation": {"angle": 22.5, "axis": "z", "origin": [16.57403, 5.61418, -5.5]},
			"faces": {
				"north": {"uv": [8.25, 11.875, 8.375, 12.25], "texture": "#1"},
				"east": {"uv": [9.75, 3.375, 10.5, 3.75], "texture": "#1"},
				"south": {"uv": [8.5, 11.875, 8.625, 12.25], "texture": "#1"},
				"west": {"uv": [2.625, 9.875, 3.375, 10.25], "texture": "#1"},
				"up": {"uv": [9.5, 11.5, 9.375, 10.75], "texture": "#1"},
				"down": {"uv": [9.75, 10.75, 9.625, 11.5], "texture": "#1"}
			}
		},
		{
			"from": [15, 4, -8.5],
			"to": [16, 7, -2.5],
			"rotation": {"angle": 0, "axis": "z", "origin": [14.5, 7, -5.5]},
			"faces": {
				"west": {"uv": [3.5, 9.875, 4.25, 10.25], "texture": "#1"},
				"up": {"uv": [10, 11.5, 9.875, 10.75], "texture": "#1"}
			}
		},
		{
			"from": [-0.57403, 4.11418, -8.5],
			"to": [0.42597, 7.11418, -2.5],
			"rotation": {"angle": -22.5, "axis": "z", "origin": [-0.57403, 5.61418, -5.5]},
			"faces": {
				"north": {"uv": [11.875, 8.625, 12, 9], "texture": "#1"},
				"east": {"uv": [9.875, 4.25, 10.625, 4.625], "texture": "#1"},
				"south": {"uv": [8.75, 11.875, 8.875, 12.25], "texture": "#1"},
				"west": {"uv": [9.875, 4.75, 10.625, 5.125], "texture": "#1"},
				"up": {"uv": [10.25, 11.5, 10.125, 10.75], "texture": "#1"},
				"down": {"uv": [10.5, 10.75, 10.375, 11.5], "texture": "#1"}
			}
		},
		{
			"from": [0, 4, -8.5],
			"to": [1, 7, -2.5],
			"rotation": {"angle": 0, "axis": "z", "origin": [1.5, 7, -5.5]},
			"faces": {
				"east": {"uv": [6.875, 10, 7.625, 10.375], "texture": "#1"},
				"up": {"uv": [10.75, 11.5, 10.625, 10.75], "texture": "#1"}
			}
		},
		{
			"from": [15, 0, -8.5],
			"to": [16, 4, -2.5],
			"rotation": {"angle": 0, "axis": "y", "origin": [8, 2, 6.5]},
			"faces": {
				"north": {"uv": [7.5, 6.75, 7.625, 7.25], "texture": "#1"},
				"east": {"uv": [0, 9.625, 0.75, 10.125], "texture": "#1"},
				"south": {"uv": [11.375, 8.25, 11.5, 8.75], "texture": "#1"},
				"west": {"uv": [0.875, 9.625, 1.625, 10.125], "texture": "#1"},
				"up": {"uv": [11, 11.25, 10.875, 10.5], "texture": "#1"},
				"down": {"uv": [11.125, 2.125, 11, 2.875], "texture": "#1"}
			}
		},
		{
			"from": [1.5, 0, 15.5],
			"to": [14.5, 4, 21.5],
			"rotation": {"angle": 0, "axis": "y", "origin": [8.5, 2, 6.5]},
			"faces": {
				"north": {"uv": [3.25, 5.5, 4.875, 6], "texture": "#1"},
				"east": {"uv": [9.625, 5.875, 10.375, 6.375], "texture": "#1"},
				"south": {"uv": [8.5, 0.875, 10.125, 1.375], "texture": "#1"},
				"west": {"uv": [6, 9.625, 6.75, 10.125], "texture": "#1"},
				"up": {"uv": [9.375, 7.5, 7.75, 6.75], "texture": "#1"},
				"down": {"uv": [9.375, 7.625, 7.75, 8.375], "texture": "#1"}
			}
		},
		{
			"from": [15, 0, -12.5],
			"to": [17, 7, -8.5],
			"rotation": {"angle": 0, "axis": "y", "origin": [8, 4.5, -8]},
			"faces": {
				"north": {"uv": [1.125, 10.25, 1.375, 11.125], "texture": "#1"},
				"east": {"uv": [4.25, 2.125, 4.75, 3], "texture": "#1"},
				"south": {"uv": [3.75, 10.375, 4, 11.25], "texture": "#1"},
				"west": {"uv": [9.25, 4.25, 9.75, 5.125], "texture": "#1"},
				"up": {"uv": [4.625, 10, 4.375, 9.5], "texture": "#1"},
				"down": {"uv": [10.875, 3, 10.625, 3.5], "texture": "#1"}
			}
		},
		{
			"from": [-1, 0, -12.5],
			"to": [1, 7, -8.5],
			"rotation": {"angle": 0, "axis": "y", "origin": [8, 4.5, -8]},
			"faces": {
				"north": {"uv": [1.5, 10.5, 1.75, 11.375], "texture": "#1"},
				"east": {"uv": [4.75, 9.25, 5.25, 10.125], "texture": "#1"},
				"south": {"uv": [1.875, 10.5, 2.125, 11.375], "texture": "#1"},
				"west": {"uv": [5.375, 9.25, 5.875, 10.125], "texture": "#1"},
				"up": {"uv": [10.875, 9.375, 10.625, 8.875], "texture": "#1"},
				"down": {"uv": [3.375, 10.75, 3.125, 11.25], "texture": "#1"}
			}
		},
		{
			"from": [1, 0, -11.5],
			"to": [15, 7, -10.5],
			"rotation": {"angle": 0, "axis": "y", "origin": [11, 4.5, -10]},
			"faces": {
				"north": {"uv": [7.375, 3.875, 9.125, 4.75], "texture": "#1"},
				"east": {"uv": [4.875, 2.125, 5, 3], "texture": "#1"},
				"south": {"uv": [7.375, 4.875, 9.125, 5.75], "texture": "#1"},
				"west": {"uv": [3.5, 10.75, 3.625, 11.625], "texture": "#1"},
				"up": {"uv": [1.75, 8.25, 0, 8.125], "texture": "#1"},
				"down": {"uv": [12.125, 7.75, 10.375, 7.875], "texture": "#1"}
			}
		},
		{
			"from": [6, 4, -13.5],
			"to": [10, 7, -11.5],
			"rotation": {"angle": 0, "axis": "y", "origin": [10, 4.5, -10]},
			"faces": {
				"north": {"uv": [6.375, 10.5, 6.875, 10.875], "texture": "#1"},
				"east": {"uv": [10.875, 0, 11.125, 0.375], "texture": "#1"},
				"south": {"uv": [7, 10.5, 7.5, 10.875], "texture": "#1"},
				"west": {"uv": [11, 1.375, 11.25, 1.75], "texture": "#1"},
				"up": {"uv": [4.625, 11, 4.125, 10.75], "texture": "#1"},
				"down": {"uv": [11.25, 4.25, 10.75, 4.5], "texture": "#1"}
			}
		},
		{
			"from": [11.75, 3.15, -13.25],
			"to": [12.75, 7.15, -12.25],
			"rotation": {"angle": -45, "axis": "z", "origin": [12.25, 4.75, -12.75]},
			"faces": {
				"north": {"uv": [1.875, 11.5, 2, 12], "texture": "#1"},
				"east": {"uv": [2.125, 11.5, 2.25, 12], "texture": "#1"},
				"south": {"uv": [11.5, 2.125, 11.625, 2.625], "texture": "#1"},
				"west": {"uv": [2.375, 11.5, 2.5, 12], "texture": "#1"},
				"up": {"uv": [3.125, 7.125, 3, 7], "texture": "#1"},
				"down": {"uv": [2.25, 9.25, 2.125, 9.375], "texture": "#1"}
			}
		},
		{
			"from": [3.25, 3.15, -13.25],
			"to": [4.25, 7.15, -12.25],
			"rotation": {"angle": 45, "axis": "z", "origin": [3.75, 4.75, -12.75]},
			"faces": {
				"north": {"uv": [6, 11.5, 6.125, 12], "texture": "#1"},
				"east": {"uv": [6.25, 11.5, 6.375, 12], "texture": "#1"},
				"south": {"uv": [6.5, 11.5, 6.625, 12], "texture": "#1"},
				"west": {"uv": [6.75, 11.5, 6.875, 12], "texture": "#1"},
				"up": {"uv": [1.625, 10.375, 1.5, 10.25], "texture": "#1"},
				"down": {"uv": [6.75, 10.25, 6.625, 10.375], "texture": "#1"}
			}
		},
		{
			"from": [14, 4, -13.5],
			"to": [15, 7, -11.5],
			"rotation": {"angle": 0, "axis": "y", "origin": [10.5, 4.5, -10]},
			"faces": {
				"north": {"uv": [9, 11.875, 9.125, 12.25], "texture": "#1"},
				"east": {"uv": [11, 3, 11.25, 3.375], "texture": "#1"},
				"south": {"uv": [11.875, 11.75, 12, 12.125], "texture": "#1"},
				"west": {"uv": [6.375, 11, 6.625, 11.375], "texture": "#1"},
				"up": {"uv": [12, 5.125, 11.875, 4.875], "texture": "#1"},
				"down": {"uv": [12, 9.125, 11.875, 9.375], "texture": "#1"}
			}
		},
		{
			"from": [1, 4, -13.5],
			"to": [2, 7, -11.5],
			"rotation": {"angle": 0, "axis": "y", "origin": [5.5, 4.5, -10]},
			"faces": {
				"north": {"uv": [12, 0.375, 12.125, 0.75], "texture": "#1"},
				"east": {"uv": [6.75, 11, 7, 11.375], "texture": "#1"},
				"south": {"uv": [12, 3, 12.125, 3.375], "texture": "#1"},
				"west": {"uv": [7.125, 11, 7.375, 11.375], "texture": "#1"},
				"up": {"uv": [12.125, 3.75, 12, 3.5], "texture": "#1"},
				"down": {"uv": [12.125, 3.875, 12, 4.125], "texture": "#1"}
			}
		},
		{
			"from": [2, 4, -12.5],
			"to": [14, 6, -11.5],
			"rotation": {"angle": 0, "axis": "y", "origin": [5.5, 4.5, -10]},
			"faces": {
				"north": {"uv": [9.5, 8, 11, 8.25], "texture": "#1"}
			}
		},
		{
			"from": [2, 6, -13.5],
			"to": [6, 7, -11.5],
			"rotation": {"angle": 0, "axis": "y", "origin": [5.5, 4.5, -10]},
			"faces": {
				"north": {"uv": [11.375, 3.375, 11.875, 3.5], "texture": "#1"},
				"east": {"uv": [1.75, 9.625, 2, 9.75], "texture": "#1"},
				"south": {"uv": [11.375, 4.625, 11.875, 4.75], "texture": "#1"},
				"west": {"uv": [11.75, 2.5, 12, 2.625], "texture": "#1"},
				"up": {"uv": [11.25, 4.875, 10.75, 4.625], "texture": "#1"},
				"down": {"uv": [5.25, 10.75, 4.75, 11], "texture": "#1"}
			}
		},
		{
			"from": [10, 6, -13.5],
			"to": [14, 7, -11.5],
			"rotation": {"angle": 0, "axis": "y", "origin": [10.5, 4.5, -10]},
			"faces": {
				"north": {"uv": [11.5, 2.75, 12, 2.875], "texture": "#1"},
				"east": {"uv": [12, 4.25, 12.25, 4.375], "texture": "#1"},
				"south": {"uv": [11.375, 11.5, 11.875, 11.625], "texture": "#1"},
				"west": {"uv": [12, 4.5, 12.25, 4.625], "texture": "#1"},
				"up": {"uv": [5.875, 11, 5.375, 10.75], "texture": "#1"},
				"down": {"uv": [8.125, 10.75, 7.625, 11], "texture": "#1"}
			}
		},
		{
			"from": [15.5, 4.78701, -12.80709],
			"to": [16.5, 6.78701, -11.80709],
			"rotation": {"angle": 22.5, "axis": "x", "origin": [16, 5.78701, -12.30709]},
			"faces": {
				"north": {"uv": [12, 5.25, 12.125, 5.5], "texture": "#1"},
				"east": {"uv": [12, 6.375, 12.125, 6.625], "texture": "#1"},
				"south": {"uv": [7.5, 12, 7.625, 12.25], "texture": "#1"},
				"west": {"uv": [7.75, 12, 7.875, 12.25], "texture": "#1"},
				"up": {"uv": [11.75, 8.75, 11.625, 8.625], "texture": "#1"},
				"down": {"uv": [11.875, 3.625, 11.75, 3.75], "texture": "#1"}
			}
		},
		{
			"from": [-0.5, 4.78701, -12.80709],
			"to": [0.5, 6.78701, -11.80709],
			"rotation": {"angle": 22.5, "axis": "x", "origin": [0, 5.78701, -12.30709]},
			"faces": {
				"north": {"uv": [8, 12, 8.125, 12.25], "texture": "#1"},
				"east": {"uv": [12, 8, 12.125, 8.25], "texture": "#1"},
				"south": {"uv": [9.25, 12, 9.375, 12.25], "texture": "#1"},
				"west": {"uv": [9.5, 12, 9.625, 12.25], "texture": "#1"},
				"up": {"uv": [11.75, 12.25, 11.625, 12.125], "texture": "#1"},
				"down": {"uv": [12.375, 0.375, 12.25, 0.5], "texture": "#1"}
			}
		},
		{
			"from": [-0.5, 1.5, -13.75],
			"to": [1.5, 3.5, -11.75],
			"rotation": {"angle": 22.5, "axis": "x", "origin": [2.5, 2.5, -12.75]},
			"faces": {
				"north": {"uv": [4, 9.5, 4.25, 9.75], "texture": "#1"},
				"east": {"uv": [7, 11.5, 7.25, 11.75], "texture": "#1"},
				"south": {"uv": [8.25, 11.5, 8.5, 11.75], "texture": "#1"},
				"west": {"uv": [11.625, 3.875, 11.875, 4.125], "texture": "#1"},
				"up": {"uv": [11.875, 4.5, 11.625, 4.25], "texture": "#1"},
				"down": {"uv": [11.875, 8.25, 11.625, 8.5], "texture": "#1"}
			}
		},
		{
			"from": [14.5, 1.5, -13.75],
			"to": [16.5, 3.5, -11.75],
			"rotation": {"angle": 22.5, "axis": "x", "origin": [13.5, 2.5, -12.75]},
			"faces": {
				"north": {"uv": [9.375, 11.625, 9.625, 11.875], "texture": "#1"},
				"east": {"uv": [9.75, 11.625, 10, 11.875], "texture": "#1"},
				"south": {"uv": [10.125, 11.625, 10.375, 11.875], "texture": "#1"},
				"west": {"uv": [10.5, 11.625, 10.75, 11.875], "texture": "#1"},
				"up": {"uv": [11.875, 11, 11.625, 10.75], "texture": "#1"},
				"down": {"uv": [11.875, 11.125, 11.625, 11.375], "texture": "#1"}
			}
		},
		{
			"from": [-1.5, 1, -13.5],
			"to": [17.5, 4, -11.5],
			"rotation": {"angle": 0, "axis": "y", "origin": [8.5, 3, -11.5]},
			"faces": {
				"north": {"uv": [0, 8.375, 2.375, 8.75], "texture": "#1"},
				"east": {"uv": [8.25, 11, 8.5, 11.375], "texture": "#1"},
				"south": {"uv": [8.375, 0, 10.75, 0.375], "texture": "#1"},
				"west": {"uv": [11, 8.375, 11.25, 8.75], "texture": "#1"},
				"up": {"uv": [10.875, 1.75, 8.5, 1.5], "texture": "#1"},
				"down": {"uv": [8.5, 8.5, 6.125, 8.75], "texture": "#1"}
			}
		},
		{
			"from": [1.5, 1, 29],
			"to": [3.5, 2, 30],
			"rotation": {"angle": 0, "axis": "x", "origin": [8, 1, 29.5]},
			"faces": {
				"north": {"uv": [12, 8.375, 12.25, 8.5], "texture": "#1"},
				"east": {"uv": [12.25, 0.625, 12.375, 0.75], "texture": "#1"},
				"south": {"uv": [9.75, 12, 10, 12.125], "texture": "#1"},
				"west": {"uv": [0.75, 12.25, 0.875, 12.375], "texture": "#1"},
				"up": {"uv": [10.375, 12.125, 10.125, 12], "texture": "#1"},
				"down": {"uv": [10.75, 12, 10.5, 12.125], "texture": "#1"}
			}
		},
		{
			"from": [12.5, 1, 29],
			"to": [14.5, 2, 30],
			"rotation": {"angle": 0, "axis": "x", "origin": [8, 1, 29.5]},
			"faces": {
				"north": {"uv": [12, 10.5, 12.25, 10.625], "texture": "#1"},
				"east": {"uv": [1.25, 12.25, 1.375, 12.375], "texture": "#1"},
				"south": {"uv": [12, 10.75, 12.25, 10.875], "texture": "#1"},
				"west": {"uv": [12.25, 1.375, 12.375, 1.5], "texture": "#1"},
				"up": {"uv": [12.25, 11.125, 12, 11], "texture": "#1"},
				"down": {"uv": [12.25, 11.25, 12, 11.375], "texture": "#1"}
			}
		},
		{
			"from": [1, 0.5, -0.5],
			"to": [15, 2.5, 15.5],
			"rotation": {"angle": 0, "axis": "y", "origin": [8, 3, 24.5]},
			"faces": {
				"north": {"uv": [9.25, 5.25, 11, 5.5], "texture": "#1"},
				"east": {"uv": [0, 9.25, 2, 9.5], "texture": "#1"},
				"south": {"uv": [6, 9.25, 7.75, 9.5], "texture": "#1"},
				"west": {"uv": [9.25, 3.875, 11.25, 4.125], "texture": "#1"},
				"up": {"uv": [5, 5.375, 3.25, 3.375], "texture": "#1"},
				"down": {"uv": [6, 0, 4.25, 2], "texture": "#1"}
			}
		},
		{
			"from": [2, 2.5, -0.5],
			"to": [14, 4.5, 27.5],
			"rotation": {"angle": 0, "axis": "y", "origin": [8, 3, 24.5]},
			"faces": {
				"north": {"uv": [6.875, 9.625, 8.375, 9.875], "texture": "#1"},
				"east": {"uv": [8.375, 0.5, 11.875, 0.75], "texture": "#1"},
				"south": {"uv": [8.5, 9.625, 10, 9.875], "texture": "#1"},
				"west": {"uv": [2.5, 8.375, 6, 8.625], "texture": "#1"},
				"up": {"uv": [1.5, 6.875, 0, 3.375], "texture": "#1"},
				"down": {"uv": [3.125, 3.375, 1.625, 6.875], "texture": "#1"}
			}
		},
		{
			"from": [0, 4.5, -0.5],
			"to": [16, 5.5, 25.5],
			"rotation": {"angle": 0, "axis": "y", "origin": [8, 3, 24.5]},
			"faces": {
				"north": {"uv": [10.375, 6.75, 12.375, 6.875], "texture": "#1"},
				"east": {"uv": [8.5, 1.875, 11.75, 2], "texture": "#1"},
				"south": {"uv": [10.375, 7, 12.375, 7.125], "texture": "#1"},
				"west": {"uv": [9.25, 5.625, 12.5, 5.75], "texture": "#1"},
				"up": {"uv": [2, 3.25, 0, 0], "texture": "#1"},
				"down": {"uv": [4.125, 0, 2.125, 3.25], "texture": "#1"}
			}
		},
		{
			"from": [1.75487, 2.68369, -0.5],
			"to": [2.75487, 7.68369, 0.5],
			"rotation": {"angle": -22.5, "axis": "z", "origin": [8, 8.28537, 0]},
			"faces": {
				"north": {"uv": [11.375, 3.875, 11.5, 4.5], "texture": "#1"},
				"east": {"uv": [4.25, 11.375, 4.375, 12], "texture": "#1"},
				"south": {"uv": [4.5, 11.375, 4.625, 12], "texture": "#1"},
				"west": {"uv": [4.75, 11.375, 4.875, 12], "texture": "#1"},
				"up": {"uv": [1.625, 12.375, 1.5, 12.25], "texture": "#1"},
				"down": {"uv": [12.375, 1.625, 12.25, 1.75], "texture": "#1"}
			}
		},
		{
			"from": [13.24513, 2.68369, -0.5],
			"to": [14.24513, 7.68369, 0.5],
			"rotation": {"angle": 22.5, "axis": "z", "origin": [8, 8.28537, 0]},
			"faces": {
				"north": {"uv": [5, 11.375, 5.125, 12], "texture": "#1"},
				"east": {"uv": [5.25, 11.375, 5.375, 12], "texture": "#1"},
				"south": {"uv": [5.5, 11.375, 5.625, 12], "texture": "#1"},
				"west": {"uv": [5.75, 11.375, 5.875, 12], "texture": "#1"},
				"up": {"uv": [12.375, 2, 12.25, 1.875], "texture": "#1"},
				"down": {"uv": [2.625, 12.25, 2.5, 12.375], "texture": "#1"}
			}
		},
		{
			"from": [2.005, 9.1244, -0.495],
			"to": [13.995, 10.1144, 0.495],
			"rotation": {"angle": 0, "axis": "z", "origin": [8, 8.28537, 0]},
			"faces": {
				"north": {"uv": [6.125, 8.25, 7.625, 8.375], "texture": "#1"},
				"east": {"uv": [2.75, 12.25, 2.875, 12.375], "texture": "#1"},
				"south": {"uv": [10.5, 6.125, 12, 6.25], "texture": "#1"},
				"west": {"uv": [3, 12.25, 3.125, 12.375], "texture": "#1"},
				"up": {"uv": [9.125, 10.625, 7.625, 10.5], "texture": "#1"},
				"down": {"uv": [10.75, 10.5, 9.25, 10.625], "texture": "#1"}
			}
		},
		{
			"from": [0.005, 3.39341, 25.08498],
			"to": [15.995, 4.38341, 31.07498],
			"rotation": {"angle": 22.5, "axis": "x", "origin": [8, 3.88841, 28.08416]},
			"faces": {
				"north": {"uv": [10.375, 7.25, 12.375, 7.375], "texture": "#1"},
				"east": {"uv": [4.25, 3.125, 5, 3.25], "texture": "#1"},
				"south": {"uv": [10.375, 7.5, 12.375, 7.625], "texture": "#1"},
				"west": {"uv": [11, 8.875, 11.75, 9], "texture": "#1"},
				"up": {"uv": [7.625, 8.125, 5.625, 7.375], "texture": "#1"},
				"down": {"uv": [9.5, 5.875, 7.5, 6.625], "texture": "#1"}
			}
		},
		{
			"from": [1, 0.5, 21.5],
			"to": [15, 2.5, 29.5],
			"rotation": {"angle": 0, "axis": "y", "origin": [8, 3, 24.5]},
			"faces": {
				"north": {"uv": [7.875, 9.25, 9.625, 9.5], "texture": "#1"},
				"east": {"uv": [0, 10.25, 1, 10.5], "texture": "#1"},
				"south": {"uv": [2.125, 9.5, 3.875, 9.75], "texture": "#1"},
				"west": {"uv": [2.625, 10.375, 3.625, 10.625], "texture": "#1"},
				"up": {"uv": [7.375, 7.25, 5.625, 6.25], "texture": "#1"},
				"down": {"uv": [1.75, 7, 0, 8], "texture": "#1"}
			}
		},
		{
			"from": [16, 2.9, -3.5],
			"to": [18, 4.9, -2.5],
			"rotation": {"angle": -22.5, "axis": "x", "origin": [-1.5, 4.9, -2]},
			"faces": {
				"north": {"uv": [11.75, 0, 12, 0.25], "texture": "#1"},
				"east": {"uv": [12.125, 0, 12.25, 0.25], "texture": "#1"},
				"south": {"uv": [11.75, 2.125, 12, 2.375], "texture": "#1"},
				"west": {"uv": [1, 12.125, 1.125, 12.375], "texture": "#1"},
				"up": {"uv": [12.25, 11.625, 12, 11.5], "texture": "#1"},
				"down": {"uv": [2.125, 12.125, 1.875, 12.25], "texture": "#1"}
			}
		},
		{
			"from": [16, 1.75195, -8.65224],
			"to": [18, 3.75195, -7.65224],
			"rotation": {"angle": 22.5, "axis": "x", "origin": [-1.5, 3.75195, -6.15224]},
			"faces": {
				"north": {"uv": [3.375, 11.75, 3.625, 12], "texture": "#1"},
				"east": {"uv": [12.125, 2.125, 12.25, 2.375], "texture": "#1"},
				"south": {"uv": [3.75, 11.75, 4, 12], "texture": "#1"},
				"west": {"uv": [2.25, 12.125, 2.375, 12.375], "texture": "#1"},
				"up": {"uv": [12.375, 2.625, 12.125, 2.5], "texture": "#1"},
				"down": {"uv": [12.375, 2.75, 12.125, 2.875], "texture": "#1"}
			}
		},
		{
			"from": [16.005, 3.71366, -8.45694],
			"to": [17.995, 4.70366, -2.46694],
			"rotation": {"angle": 0, "axis": "y", "origin": [-1.5, 5.20866, -4.46194]},
			"faces": {
				"north": {"uv": [3.375, 12.125, 3.625, 12.25], "texture": "#1"},
				"east": {"uv": [11, 9.125, 11.75, 9.25], "texture": "#1"},
				"south": {"uv": [3.75, 12.125, 4, 12.25], "texture": "#1"},
				"west": {"uv": [4.125, 11.125, 4.875, 11.25], "texture": "#1"},
				"up": {"uv": [0.25, 11.375, 0, 10.625], "texture": "#1"},
				"down": {"uv": [0.625, 10.625, 0.375, 11.375], "texture": "#1"}
			}
		},
		{
			"from": [-2, 1.75195, -8.65224],
			"to": [0, 3.75195, -7.65224],
			"rotation": {"angle": 22.5, "axis": "x", "origin": [17.5, 3.75195, -6.15224]},
			"faces": {
				"north": {"uv": [11.125, 11.75, 11.375, 12], "texture": "#1"},
				"east": {"uv": [4.125, 12.125, 4.25, 12.375], "texture": "#1"},
				"south": {"uv": [11.5, 11.75, 11.75, 12], "texture": "#1"},
				"west": {"uv": [4.375, 12.125, 4.5, 12.375], "texture": "#1"},
				"up": {"uv": [4.875, 12.25, 4.625, 12.125], "texture": "#1"},
				"down": {"uv": [12.375, 4.75, 12.125, 4.875], "texture": "#1"}
			}
		},
		{
			"from": [-1.995, 3.71366, -8.45694],
			"to": [-0.005, 4.70366, -2.46694],
			"rotation": {"angle": 0, "axis": "y", "origin": [17.5, 5.20866, -4.46194]},
			"faces": {
				"north": {"uv": [5, 12.125, 5.25, 12.25], "texture": "#1"},
				"east": {"uv": [5, 11.125, 5.75, 11.25], "texture": "#1"},
				"south": {"uv": [12.125, 5, 12.375, 5.125], "texture": "#1"},
				"west": {"uv": [11.125, 5.25, 11.875, 5.375], "texture": "#1"},
				"up": {"uv": [1, 11.375, 0.75, 10.625], "texture": "#1"},
				"down": {"uv": [10.875, 2.125, 10.625, 2.875], "texture": "#1"}
			}
		},
		{
			"from": [-2, 2.9, -3.5],
			"to": [0, 4.9, -2.5],
			"rotation": {"angle": -22.5, "axis": "x", "origin": [17.5, 4.9, -2]},
			"faces": {
				"north": {"uv": [11.875, 1.375, 12.125, 1.625], "texture": "#1"},
				"east": {"uv": [5.375, 12.125, 5.5, 12.375], "texture": "#1"},
				"south": {"uv": [11.875, 1.75, 12.125, 2], "texture": "#1"},
				"west": {"uv": [5.625, 12.125, 5.75, 12.375], "texture": "#1"},
				"up": {"uv": [6.125, 12.25, 5.875, 12.125], "texture": "#1"},
				"down": {"uv": [12.375, 6.125, 12.125, 6.25], "texture": "#1"}
			}
		},
		{
			"from": [1, 0, -10.5],
			"to": [15, 1, -2.5],
			"rotation": {"angle": 0, "axis": "y", "origin": [8, 2, 6.5]},
			"faces": {
				"north": {"uv": [4.125, 10.5, 5.875, 10.625], "texture": "#1"},
				"east": {"uv": [1.875, 7, 2.875, 7.125], "texture": "#1"},
				"south": {"uv": [10.5, 5.875, 12.25, 6], "texture": "#1"},
				"west": {"uv": [10.625, 3.625, 11.625, 3.75], "texture": "#1"},
				"up": {"uv": [3.625, 8.25, 1.875, 7.25], "texture": "#1"},
				"down": {"uv": [5.5, 7.25, 3.75, 8.25], "texture": "#1"}
			}
		},
		{
			"from": [0, 0, -8.5],
			"to": [1, 4, -2.5],
			"rotation": {"angle": 0, "axis": "y", "origin": [8, 2, 6.5]},
			"faces": {
				"north": {"uv": [7, 11.875, 7.125, 12.375], "texture": "#1"},
				"east": {"uv": [9.75, 2.125, 10.5, 2.625], "texture": "#1"},
				"south": {"uv": [7.25, 11.875, 7.375, 12.375], "texture": "#1"},
				"west": {"uv": [9.75, 2.75, 10.5, 3.25], "texture": "#1"},
				"up": {"uv": [8.75, 11.75, 8.625, 11], "texture": "#1"},
				"down": {"uv": [9, 11, 8.875, 11.75], "texture": "#1"}
			}
		},
		{
			"from": [-1, 1.75195, 15.34776],
			"to": [17, 3.75195, 16.34776],
			"rotation": {"angle": 22.5, "axis": "x", "origin": [-1.5, 3.75195, 17.84776]},
			"faces": {
				"north": {"uv": [8.625, 8.5, 10.875, 8.75], "texture": "#1"},
				"east": {"uv": [6.25, 12.125, 6.375, 12.375], "texture": "#1"},
				"south": {"uv": [2.5, 8.75, 4.75, 9], "texture": "#1"},
				"west": {"uv": [6.5, 12.125, 6.625, 12.375], "texture": "#1"},
				"up": {"uv": [11.875, 6.625, 9.625, 6.5], "texture": "#1"},
				"down": {"uv": [10, 10, 7.75, 10.125], "texture": "#1"}
			}
		},
		{
			"from": [-0.995, 3.71366, 15.54306],
			"to": [16.995, 4.70366, 21.53306],
			"rotation": {"angle": 0, "axis": "y", "origin": [-1.5, 5.20866, 19.53806]},
			"faces": {
				"north": {"uv": [10.125, 9.5, 12.375, 9.625], "texture": "#1"},
				"east": {"uv": [11.125, 8, 11.875, 8.125], "texture": "#1"},
				"south": {"uv": [10.125, 9.75, 12.375, 9.875], "texture": "#1"},
				"west": {"uv": [11.125, 10.5, 11.875, 10.625], "texture": "#1"},
				"up": {"uv": [9.625, 2.875, 7.375, 2.125], "texture": "#1"},
				"down": {"uv": [9.625, 3, 7.375, 3.75], "texture": "#1"}
			}
		},
		{
			"from": [-1, 2.9, 20.5],
			"to": [17, 4.9, 21.5],
			"rotation": {"angle": -22.5, "axis": "x", "origin": [-1.5, 4.9, 22]},
			"faces": {
				"north": {"uv": [0, 8.875, 2.25, 9.125], "texture": "#1"},
				"east": {"uv": [6.75, 12.125, 6.875, 12.375], "texture": "#1"},
				"south": {"uv": [4.875, 8.875, 7.125, 9.125], "texture": "#1"},
				"west": {"uv": [12.125, 8.625, 12.25, 8.875], "texture": "#1"},
				"up": {"uv": [12.375, 10.125, 10.125, 10], "texture": "#1"},
				"down": {"uv": [12.5, 0.875, 10.25, 1], "texture": "#1"}
			}
		},
		{
			"from": [-0.5, 6.52336, -10.36334],
			"to": [0.5, 12.52336, -9.36334],
			"rotation": {"angle": 22.5, "axis": "x", "origin": [8, 9.52336, -9.86334]},
			"faces": {
				"north": {"uv": [9.125, 11, 9.25, 11.75], "texture": "#1"},
				"east": {"uv": [7.5, 11.125, 7.625, 11.875], "texture": "#1"},
				"south": {"uv": [7.75, 11.125, 7.875, 11.875], "texture": "#1"},
				"west": {"uv": [8, 11.125, 8.125, 11.875], "texture": "#1"},
				"up": {"uv": [12.375, 3.125, 12.25, 3], "texture": "#1"},
				"down": {"uv": [12.375, 3.25, 12.25, 3.375], "texture": "#1"}
			}
		},
		{
			"from": [-0.495, 11.49134, -9.17223],
			"to": [16.495, 12.48134, -1.18223],
			"rotation": {"angle": 0, "axis": "y", "origin": [8, 11.98634, -0.67723]},
			"faces": {
				"north": {"uv": [10.25, 1.125, 12.375, 1.25], "texture": "#1"},
				"east": {"uv": [10.75, 5, 11.75, 5.125], "texture": "#1"},
				"south": {"uv": [4.375, 10.25, 6.5, 10.375], "texture": "#1"},
				"west": {"uv": [8.25, 10.75, 9.25, 10.875], "texture": "#1"},
				"up": {"uv": [7.25, 6.125, 5.125, 5.125], "texture": "#1"},
				"down": {"uv": [8.25, 0, 6.125, 1], "texture": "#1"}
			}
		},
		{
			"from": [-0.5, 6.51134, -5.17723],
			"to": [0.5, 11.51134, -4.17723],
			"rotation": {"angle": 0, "axis": "y", "origin": [8, 11.98634, -0.67723]},
			"faces": {
				"north": {"uv": [11.375, 10.75, 11.5, 11.375], "texture": "#1"},
				"east": {"uv": [10.875, 11.375, 11, 12], "texture": "#1"},
				"south": {"uv": [0, 11.5, 0.125, 12.125], "texture": "#1"},
				"west": {"uv": [0.25, 11.5, 0.375, 12.125], "texture": "#1"},
				"up": {"uv": [12.375, 3.625, 12.25, 3.5], "texture": "#1"},
				"down": {"uv": [12.375, 3.75, 12.25, 3.875], "texture": "#1"}
			}
		},
		{
			"from": [15.5, 6.51134, -5.17723],
			"to": [16.5, 11.51134, -4.17723],
			"rotation": {"angle": 0, "axis": "y", "origin": [8, 11.98634, -0.67723]},
			"faces": {
				"north": {"uv": [0.5, 11.5, 0.625, 12.125], "texture": "#1"},
				"east": {"uv": [0.75, 11.5, 0.875, 12.125], "texture": "#1"},
				"south": {"uv": [1.375, 11.5, 1.5, 12.125], "texture": "#1"},
				"west": {"uv": [1.625, 11.5, 1.75, 12.125], "texture": "#1"},
				"up": {"uv": [12.375, 4.125, 12.25, 4], "texture": "#1"},
				"down": {"uv": [12.375, 5.25, 12.25, 5.375], "texture": "#1"}
			}
		},
		{
			"from": [-0.5, 0.51134, -2.17723],
			"to": [16.5, 11.51134, -1.17723],
			"rotation": {"angle": 0, "axis": "y", "origin": [8, 11.98634, -0.67723]},
			"faces": {
				"north": {"uv": [5.125, 2.125, 7.25, 3.5], "texture": "#1"},
				"east": {"uv": [2.625, 10.75, 2.75, 12.125], "texture": "#1"},
				"south": {"uv": [5.125, 3.625, 7.25, 5], "texture": "#1"},
				"west": {"uv": [2.875, 10.75, 3, 12.125], "texture": "#1"},
				"up": {"uv": [9.875, 10.375, 7.75, 10.25], "texture": "#1"},
				"down": {"uv": [12.125, 10.25, 10, 10.375], "texture": "#1"}
			}
		},
		{
			"from": [15.5, 6.52336, -10.36334],
			"to": [16.5, 12.52336, -9.36334],
			"rotation": {"angle": 22.5, "axis": "x", "origin": [8, 9.52336, -9.86334]},
			"faces": {
				"north": {"uv": [11.125, 10.75, 11.25, 11.5], "texture": "#1"},
				"east": {"uv": [1.125, 11.25, 1.25, 12], "texture": "#1"},
				"south": {"uv": [11.25, 2.125, 11.375, 2.875], "texture": "#1"},
				"west": {"uv": [3.125, 11.375, 3.25, 12.125], "texture": "#1"},
				"up": {"uv": [12.375, 6.5, 12.25, 6.375], "texture": "#1"},
				"down": {"uv": [12.375, 7.75, 12.25, 7.875], "texture": "#1"}
			}
		},
		{
			"from": [-1, 0, -2.5],
			"to": [17, 7, -0.5],
			"rotation": {"angle": 0, "axis": "y", "origin": [8, 3.5, 9.33333]},
			"faces": {
				"north": {"uv": [6.125, 1.125, 8.375, 2], "texture": "#1"},
				"east": {"uv": [2.25, 10.5, 2.5, 11.375], "texture": "#1"},
				"south": {"uv": [3.25, 6.25, 5.5, 7.125], "texture": "#1"},
				"west": {"uv": [6, 10.5, 6.25, 11.375], "texture": "#1"},
				"up": {"uv": [9.5, 9.125, 7.25, 8.875], "texture": "#1"},
				"down": {"uv": [4.625, 9.125, 2.375, 9.375], "texture": "#1"}
			}
		},
		{
			"from": [-4.3, 7, -10.4],
			"to": [-1.3, 9, -10.4],
			"rotation": {"angle": 22.5, "axis": "y", "origin": [-2.8, 8, -10.75]},
			"faces": {
				"north": {"uv": [11.25, 0, 11.625, 0.25], "texture": "#1"},
				"south": {"uv": [11.375, 1.375, 11.75, 1.625], "texture": "#1"}
			}
		},
		{
			"from": [-5.475, 7.475, -11.25],
			"to": [-3.475, 8.475, -10.25],
			"rotation": {"angle": -45, "axis": "z", "origin": [-3.9, 3.35, -9.5]},
			"faces": {
				"north": {"uv": [12.125, 9, 12.375, 9.125], "texture": "#1"},
				"east": {"uv": [12.25, 8, 12.375, 8.125], "texture": "#1"},
				"south": {"uv": [12.125, 9.25, 12.375, 9.375], "texture": "#1"},
				"west": {"uv": [9.75, 12.25, 9.875, 12.375], "texture": "#1"},
				"up": {"uv": [11.125, 12.25, 10.875, 12.125], "texture": "#1"},
				"down": {"uv": [11.5, 12.125, 11.25, 12.25], "texture": "#1"}
			}
		},
		{
			"from": [19.475, 7.475, -11.25],
			"to": [21.475, 8.475, -10.25],
			"rotation": {"angle": 45, "axis": "z", "origin": [19.9, 3.35, -9.5]},
			"faces": {
				"north": {"uv": [12.125, 11.75, 12.375, 11.875], "texture": "#1"},
				"east": {"uv": [10, 12.25, 10.125, 12.375], "texture": "#1"},
				"south": {"uv": [12.125, 12, 12.375, 12.125], "texture": "#1"},
				"west": {"uv": [10.25, 12.25, 10.375, 12.375], "texture": "#1"},
				"up": {"uv": [0.25, 12.375, 0, 12.25], "texture": "#1"},
				"down": {"uv": [0.625, 12.25, 0.375, 12.375], "texture": "#1"}
			}
		},
		{
			"from": [17.3, 7, -10.4],
			"to": [20.3, 9, -10.4],
			"rotation": {"angle": -22.5, "axis": "y", "origin": [18.8, 8, -10.75]},
			"faces": {
				"north": {"uv": [11.375, 3, 11.75, 3.25], "texture": "#1"},
				"south": {"uv": [3.75, 11.375, 4.125, 11.625], "texture": "#1"}
			}
		},
		{
			"from": [-1, 0, -8.5],
			"to": [17, 4, -2.5],
			"faces": {
				"east": {"uv": [9.5, 6.75, 10.25, 7.25], "texture": "#1"},
				"west": {"uv": [9.5, 7.375, 10.25, 7.875], "texture": "#1"}
			}
		},
		{
			"from": [0, 0, 15.5],
			"to": [16, 4, 21.5],
			"faces": {
				"east": {"uv": [9.75, 8.875, 10.5, 9.375], "texture": "#1"},
				"west": {"uv": [1.75, 9.875, 2.5, 10.375], "texture": "#1"}
			}
		},
		{
			"from": [0.5, 6.96134, -10.17723],
			"to": [15.5, 12.96134, -9.67723],
			"rotation": {"angle": 22.5, "axis": "x", "origin": [8.5, 9.46134, -11.17723]},
			"faces": {
				"north": {"uv": [0, 13.625, 1.875, 14.375], "texture": "#1"},
				"south": {"uv": [1.875, 13.625, 0, 14.375], "texture": "#1"}
			}
		},
		{
			"from": [-0.25, 6.96134, -10.92723],
			"to": [0.25, 11.96134, -1.92723],
			"rotation": {"angle": 0, "axis": "y", "origin": [0, -0.51366, -9.67723]},
			"faces": {
				"east": {"uv": [10.125, 14.125, 9, 14.75], "texture": "#1"},
				"west": {"uv": [9, 14.125, 10.125, 14.75], "texture": "#1"}
			}
		},
		{
			"from": [15.75, 6.96134, -10.92723],
			"to": [16.25, 11.96134, -1.92723],
			"rotation": {"angle": 0, "axis": "y", "origin": [16, -0.51366, -9.67723]},
			"faces": {
				"east": {"uv": [10.125, 14.125, 9, 14.75], "texture": "#1"},
				"west": {"uv": [9, 14.125, 10.125, 14.75], "texture": "#1"}
			}
		},
		{
			"from": [9, 0.87026, -3.83849],
			"to": [14.5, 7.87026, -1.83849],
			"rotation": {"angle": 22.5, "axis": "x", "origin": [11.75, 4.37026, -2.83849]},
			"faces": {
				"north": {"uv": [3.5, 3, 4.875, 4.75], "texture": "#1_1"},
				"east": {"uv": [3.5, 7, 4, 8.75], "texture": "#1_1"},
				"south": {"uv": [0, 4, 1.375, 5.75], "texture": "#1_1"},
				"west": {"uv": [7, 4, 7.5, 5.75], "texture": "#1_1"},
				"up": {"uv": [7.625, 8, 6.25, 7.5], "texture": "#1_1"},
				"down": {"uv": [0, 0, 0, 0], "texture": "#1_1"}
			}
		},
		{
			"from": [9.004, 0.754, -8.25],
			"to": [14.5, 2.75, -3.254],
			"rotation": {"angle": 0, "axis": "y", "origin": [11.752, 3.002, -5.752]},
			"faces": {
				"north": {"uv": [7.75, 4, 9.125, 4.5], "texture": "#1_1"},
				"east": {"uv": [6.25, 8.25, 7.5, 8.75], "texture": "#1_1"},
				"south": {"uv": [0, 0, 0, 0], "texture": "#1_1"},
				"west": {"uv": [7.75, 8.25, 9, 8.75], "texture": "#1_1"},
				"up": {"uv": [6.625, 4.25, 5.25, 3], "texture": "#1_1"},
				"down": {"uv": [6.625, 4.5, 5.25, 5.75], "texture": "#1_1"}
			}
		},
		{
			"from": [1.5, 0.754, -8.25],
			"to": [6.996, 2.75, -3.254],
			"rotation": {"angle": 0, "axis": "y", "origin": [4.248, 3.002, -5.752]},
			"faces": {
				"north": {"uv": [7.75, 4.75, 9.125, 5.25], "texture": "#1_1"},
				"east": {"uv": [8.5, 1.5, 9.75, 2], "texture": "#1_1"},
				"south": {"uv": [0, 0, 0, 0], "texture": "#1_1"},
				"west": {"uv": [8.5, 2.25, 9.75, 2.75], "texture": "#1_1"},
				"up": {"uv": [1.375, 7.25, 0, 6], "texture": "#1_1"},
				"down": {"uv": [3.125, 6, 1.75, 7.25], "texture": "#1_1"}
			}
		},
		{
			"from": [1.496, 0.87026, -3.83849],
			"to": [6.996, 7.87026, -1.83849],
			"rotation": {"angle": 22.5, "axis": "x", "origin": [4.246, 4.37026, -2.83849]},
			"faces": {
				"north": {"uv": [1.75, 4, 3.125, 5.75], "texture": "#1_1"},
				"east": {"uv": [4.25, 7, 4.75, 8.75], "texture": "#1_1"},
				"south": {"uv": [3.5, 5, 4.875, 6.75], "texture": "#1_1"},
				"west": {"uv": [0, 7.5, 0.5, 9.25], "texture": "#1_1"},
				"up": {"uv": [9.375, 8, 8, 7.5], "texture": "#1_1"},
				"down": {"uv": [0, 0, 0, 0], "texture": "#1_1"}
			}
		},
		{
			"from": [2, 3.625, -10.75],
			"to": [7, 7.625, -9.25],
			"rotation": {"angle": 0, "axis": "y", "origin": [0, 1, -11.25]},
			"faces": {
				"north": {"uv": [7, 1.5, 8.25, 2.5], "texture": "#1_1"},
				"east": {"uv": [5, 8.75, 5.375, 9.75], "texture": "#1_1"},
				"south": {"uv": [7, 2.75, 8.25, 3.75], "texture": "#1_1"},
				"west": {"uv": [3.75, 9, 4.125, 10], "texture": "#1_1"},
				"up": {"uv": [10, 6.625, 8.75, 6.25], "texture": "#1_1"},
				"down": {"uv": [3.5, 9, 2.25, 9.375], "texture": "#1_1"}
			}
		},
		{
			"from": [4.25, 6.375, -9.975],
			"to": [4.75, 6.875, -8.475],
			"rotation": {"angle": -22.5, "axis": "x", "origin": [4.5, 6.25, -10]},
			"faces": {
				"north": {"uv": [6.25, 9, 6.375, 9.125], "texture": "#1_1"},
				"east": {"uv": [7.75, 5.5, 8.125, 5.625], "texture": "#1_1"},
				"south": {"uv": [6.75, 9, 6.875, 9.125], "texture": "#1_1"},
				"west": {"uv": [8.75, 7, 9.125, 7.125], "texture": "#1_1"},
				"up": {"uv": [5.875, 9.125, 5.75, 8.75], "texture": "#1_1"},
				"down": {"uv": [4.625, 9, 4.5, 9.375], "texture": "#1_1"}
			}
		},
		{
			"from": [2.75, 4.875, -8.425],
			"to": [6.25, 8.375, -8.425],
			"rotation": {"angle": -22.5, "axis": "x", "origin": [4.5, 6.25, -10]},
			"faces": {
				"north": {"uv": [2.25, 7.5, 3.125, 8.375], "texture": "#1_1"},
				"east": {"uv": [0, 0, 0, 0], "texture": "#1_1"},
				"south": {"uv": [5, 7.5, 5.875, 8.375], "texture": "#1_1"},
				"west": {"uv": [0, 0, 0, 0], "texture": "#1_1"},
				"up": {"uv": [0, 0, 0, 0], "texture": "#1_1"},
				"down": {"uv": [0, 0, 0, 0], "texture": "#1_1"}
			}
		}
	],
	"display": {
		"thirdperson_righthand": {
			"rotation": [75, 45, 0],
			"translation": [0, 2.5, 0],
			"scale": [0.375, 0.375, 0.375]
		},
		"thirdperson_lefthand": {
			"rotation": [75, 45, 0],
			"translation": [0, 2.5, 0],
			"scale": [0.375, 0.375, 0.375]
		},
		"firstperson_righthand": {
			"rotation": [0, 45, 0],
			"scale": [0.4, 0.4, 0.4]
		},
		"firstperson_lefthand": {
			"rotation": [0, 225, 0],
			"scale": [0.4, 0.4, 0.4]
		},
		"ground": {
			"translation": [0, 3, 0],
			"scale": [0.25, 0.25, 0.25]
		},
		"gui": {
			"rotation": [30, 225, 0],
			"translation": [0, 1, 0],
			"scale": [0.35, 0.35, 0.35]
		},
		"head": {
			"translation": [0, -9.25, 50],
			"scale": [3.5, 3.5, 3.5]
		}
	},
	"groups": [
		{
			"name": "group",
			"origin": [3, 6, -6.5],
			"color": 0,
			"children": [
				0,
				1,
				2,
				3,
				4,
				5,
				6,
				7,
				8,
				9,
				10,
				11,
				12,
				13,
				14,
				15,
				16,
				17,
				18,
				19,
				20,
				21,
				22,
				23,
				24,
				25,
				26,
				27,
				28,
				29,
				30,
				31,
				32,
				33,
				34,
				35,
				36,
				37,
				38,
				39,
				40,
				41,
				42,
				43,
				44,
				45,
				46,
				47,
				48,
				49
			]
		},
		{
			"name": "seats",
			"origin": [8, 8, 8],
			"color": 0,
			"children": [
				{
					"name": "group",
					"origin": [8.5, 3, -9.5],
					"color": 0,
					"children": [50, 51, 52, 53]
				}
			]
		},
		54,
		55,
		{
			"name": "group",
			"origin": [0, -0.51366, 0.32277],
			"color": 0,
			"children": [56, 57, 58]
		},
		{
			"name": "lp_seats",
			"origin": [8, 8, 8],
			"color": 0,
			"children": [
				{
					"name": "group",
					"origin": [4.5, 6.25, 0.25],
					"color": 0,
					"children": [
						{
							"name": "group",
							"origin": [11.752, 3.002, 5.498],
							"color": 0,
							"children": [59, 60, 61, 62]
						},
						63,
						64,
						65
					]
				}
			]
		}
	]
}