{
	"credit": "www.sebxter.pl",
	"texture_size": [128, 128],
	"textures": {
		"1": "block/vehiles/car/seats",
		"5": "block/vehiles/car/civilian_vehicle_1",
		"particle": "sebxter:tires_pack/tire_1"
	},
	"elements": [
		{
			"from": [-1, 4, -6.5],
			"to": [17, 7, -0.5],
			"rotation": {"angle": 0, "axis": "y", "origin": [8, 4.5, -6]},
			"faces": {
				"north": {"uv": [0, 8.25, 2.25, 8.625], "texture": "#5"},
				"east": {"uv": [8.375, 9.375, 9.125, 9.75], "texture": "#5"},
				"south": {"uv": [8.25, 1, 10.5, 1.375], "texture": "#5"},
				"west": {"uv": [9.5, 7.875, 10.25, 8.25], "texture": "#5"},
				"up": {"uv": [4.875, 5.625, 2.625, 4.875], "texture": "#5"},
				"down": {"uv": [7.25, 4.875, 5, 5.625], "texture": "#5"}
			}
		},
		{
			"from": [1, 0, -6.5],
			"to": [15, 4, -0.5],
			"rotation": {"angle": 0, "axis": "y", "origin": [8, 2, 8.5]},
			"faces": {
				"north": {"uv": [2.5, 7.625, 4.25, 8.125], "texture": "#5"},
				"east": {"uv": [3, 9, 3.75, 9.5], "texture": "#5"},
				"south": {"uv": [4.375, 8, 6.125, 8.5], "texture": "#5"},
				"west": {"uv": [3.875, 9, 4.625, 9.5], "texture": "#5"},
				"up": {"uv": [4.5, 7.5, 2.75, 6.75], "texture": "#5"},
				"down": {"uv": [8.5, 4, 6.75, 4.75], "texture": "#5"}
			}
		},
		{
			"from": [-1, 4, 12.5],
			"to": [1, 7, 18.5],
			"rotation": {"angle": 0, "axis": "y", "origin": [8, 5.5, 20.5]},
			"faces": {
				"north": {"uv": [3, 10.125, 3.25, 10.5], "texture": "#5"},
				"east": {"uv": [9.625, 1.5, 10.375, 1.875], "texture": "#5"},
				"south": {"uv": [3.375, 10.125, 3.625, 10.5], "texture": "#5"},
				"west": {"uv": [9.625, 2, 10.375, 2.375], "texture": "#5"},
				"up": {"uv": [1.375, 10.5, 1.125, 9.75], "texture": "#5"},
				"down": {"uv": [1.75, 9.75, 1.5, 10.5], "texture": "#5"}
			}
		},
		{
			"from": [-1, 0, -10.5],
			"to": [17, 7, -6.5],
			"rotation": {"angle": 0, "axis": "y", "origin": [8, 4.5, -6]},
			"faces": {
				"north": {"uv": [4.125, 0, 6.375, 0.875], "texture": "#5"},
				"east": {"uv": [8.625, 3.75, 9.125, 4.625], "texture": "#5"},
				"south": {"uv": [4.125, 1, 6.375, 1.875], "texture": "#5"},
				"west": {"uv": [8.625, 8.375, 9.125, 9.25], "texture": "#5"},
				"up": {"uv": [9.375, 7.25, 7.125, 6.75], "texture": "#5"},
				"down": {"uv": [6.875, 7.375, 4.625, 7.875], "texture": "#5"}
			}
		},
		{
			"from": [14, 4.6, -11.25],
			"to": [16, 6.6, -9.25],
			"rotation": {"angle": 45, "axis": "z", "origin": [15, 5.6, -10.25]},
			"faces": {
				"north": {"uv": [2.25, 5.375, 2.5, 5.625], "texture": "#5"},
				"east": {"uv": [5.75, 10.75, 6, 11], "texture": "#5"},
				"south": {"uv": [6.125, 10.75, 6.375, 11], "texture": "#5"},
				"west": {"uv": [10.75, 7.75, 11, 8], "texture": "#5"},
				"up": {"uv": [11, 8.375, 10.75, 8.125], "texture": "#5"},
				"down": {"uv": [8.5, 10.75, 8.25, 11], "texture": "#5"}
			}
		},
		{
			"from": [0, 4.6, -11.25],
			"to": [2, 6.6, -9.25],
			"rotation": {"angle": 45, "axis": "z", "origin": [1, 5.6, -10.25]},
			"faces": {
				"north": {"uv": [10.75, 8.5, 11, 8.75], "texture": "#5"},
				"east": {"uv": [8.625, 10.75, 8.875, 11], "texture": "#5"},
				"south": {"uv": [9, 10.75, 9.25, 11], "texture": "#5"},
				"west": {"uv": [9.375, 10.75, 9.625, 11], "texture": "#5"},
				"up": {"uv": [11.125, 1.75, 10.875, 1.5], "texture": "#5"},
				"down": {"uv": [11.125, 3.25, 10.875, 3.5], "texture": "#5"}
			}
		},
		{
			"from": [3, 3.5, -11],
			"to": [13, 7.5, -1],
			"rotation": {"angle": 0, "axis": "y", "origin": [8, 5.5, -6]},
			"faces": {
				"north": {"uv": [8.25, 1.5, 9.5, 2], "texture": "#5"},
				"east": {"uv": [8.25, 2.125, 9.5, 2.625], "texture": "#5"},
				"south": {"uv": [2.375, 8.25, 3.625, 8.75], "texture": "#5"},
				"west": {"uv": [8.25, 2.75, 9.5, 3.25], "texture": "#5"},
				"up": {"uv": [1.25, 6.625, 0, 5.375], "texture": "#5"},
				"down": {"uv": [2.625, 5.75, 1.375, 7], "texture": "#5"}
			}
		},
		{
			"from": [-1.5, 1.5, -11.5],
			"to": [17.5, 4.5, -7.5],
			"rotation": {"angle": 0, "axis": "y", "origin": [8.5, 3, -9.5]},
			"faces": {
				"north": {"uv": [0, 7.75, 2.375, 8.125], "texture": "#5"},
				"east": {"uv": [5.375, 9.75, 5.875, 10.125], "texture": "#5"},
				"south": {"uv": [7, 7.875, 9.375, 8.25], "texture": "#5"},
				"west": {"uv": [6, 9.75, 6.5, 10.125], "texture": "#5"},
				"up": {"uv": [7, 7.25, 4.625, 6.75], "texture": "#5"},
				"down": {"uv": [2.375, 7.125, 0, 7.625], "texture": "#5"}
			}
		},
		{
			"from": [-2, 1.5, 19.5],
			"to": [18, 4.5, 21.5],
			"rotation": {"angle": 0, "axis": "y", "origin": [8, 3, 26.5]},
			"faces": {
				"north": {"uv": [7.375, 4.875, 9.875, 5.25], "texture": "#5"},
				"east": {"uv": [10.125, 3.75, 10.375, 4.125], "texture": "#5"},
				"south": {"uv": [7, 7.375, 9.5, 7.75], "texture": "#5"},
				"west": {"uv": [7.375, 10.125, 7.625, 10.5], "texture": "#5"},
				"up": {"uv": [9.875, 5.625, 7.375, 5.375], "texture": "#5"},
				"down": {"uv": [10.75, 3.375, 8.25, 3.625], "texture": "#5"}
			}
		},
		{
			"from": [2.5, 0.5, -11.5],
			"to": [13.5, 1.5, -10.5],
			"rotation": {"angle": 0, "axis": "y", "origin": [8.5, 1, -9.5]},
			"faces": {
				"north": {"uv": [2.625, 4.5, 4, 4.625], "texture": "#5"},
				"east": {"uv": [7.5, 11.375, 7.625, 11.5], "texture": "#5"},
				"south": {"uv": [9.875, 9.875, 11.25, 10], "texture": "#5"},
				"west": {"uv": [8, 11.375, 8.125, 11.5], "texture": "#5"},
				"up": {"uv": [11.375, 5, 10, 4.875], "texture": "#5"},
				"down": {"uv": [11.375, 5.125, 10, 5.25], "texture": "#5"}
			}
		},
		{
			"from": [15.5, 0.5, -12],
			"to": [16.5, 3.5, -10],
			"rotation": {"angle": 0, "axis": "y", "origin": [8.5, 1, -9.5]},
			"faces": {
				"north": {"uv": [2.5, 7.125, 2.625, 7.5], "texture": "#5"},
				"east": {"uv": [10.125, 8.375, 10.375, 8.75], "texture": "#5"},
				"south": {"uv": [6.125, 11.125, 6.25, 11.5], "texture": "#5"},
				"west": {"uv": [10.125, 8.875, 10.375, 9.25], "texture": "#5"},
				"up": {"uv": [4.5, 7.875, 4.375, 7.625], "texture": "#5"},
				"down": {"uv": [6.875, 8, 6.75, 8.25], "texture": "#5"}
			}
		},
		{
			"from": [-0.5, 0.5, -12],
			"to": [0.5, 3.5, -10],
			"rotation": {"angle": 0, "axis": "y", "origin": [7.5, 1, -9.5]},
			"faces": {
				"north": {"uv": [11.125, 7.75, 11.25, 8.125], "texture": "#5"},
				"east": {"uv": [9.875, 10.125, 10.125, 10.5], "texture": "#5"},
				"south": {"uv": [8.25, 11.125, 8.375, 11.5], "texture": "#5"},
				"west": {"uv": [5.375, 10.25, 5.625, 10.625], "texture": "#5"},
				"up": {"uv": [11.25, 9, 11.125, 8.75], "texture": "#5"},
				"down": {"uv": [9.375, 11.125, 9.25, 11.375], "texture": "#5"}
			}
		},
		{
			"from": [3.5, 0.5, -12],
			"to": [4.5, 3.5, -10],
			"rotation": {"angle": 22.5, "axis": "z", "origin": [4, 2, -11]},
			"faces": {
				"north": {"uv": [11.125, 8.25, 11.25, 8.625], "texture": "#5"},
				"east": {"uv": [5.75, 10.25, 6, 10.625], "texture": "#5"},
				"south": {"uv": [8.5, 11.125, 8.625, 11.5], "texture": "#5"},
				"west": {"uv": [6.125, 10.25, 6.375, 10.625], "texture": "#5"},
				"up": {"uv": [9.625, 11.375, 9.5, 11.125], "texture": "#5"},
				"down": {"uv": [10.625, 11.125, 10.5, 11.375], "texture": "#5"}
			}
		},
		{
			"from": [11.5, 0.5, -12],
			"to": [12.5, 3.5, -10],
			"rotation": {"angle": -22.5, "axis": "z", "origin": [12, 2, -11]},
			"faces": {
				"north": {"uv": [8.75, 11.125, 8.875, 11.5], "texture": "#5"},
				"east": {"uv": [10.25, 10.125, 10.5, 10.5], "texture": "#5"},
				"south": {"uv": [9, 11.125, 9.125, 11.5], "texture": "#5"},
				"west": {"uv": [10.375, 7.75, 10.625, 8.125], "texture": "#5"},
				"up": {"uv": [10.875, 11.375, 10.75, 11.125], "texture": "#5"},
				"down": {"uv": [11.125, 11.125, 11, 11.375], "texture": "#5"}
			}
		},
		{
			"from": [-0.5, 4.625, 19.975],
			"to": [1.5, 6.625, 20.975],
			"rotation": {"angle": -22.5, "axis": "x", "origin": [8, 5.75, 20.85]},
			"faces": {
				"north": {"uv": [10.875, 5.375, 11.125, 5.625], "texture": "#5"},
				"east": {"uv": [11.25, 0.375, 11.375, 0.625], "texture": "#5"},
				"south": {"uv": [10.875, 5.75, 11.125, 6], "texture": "#5"},
				"west": {"uv": [11.25, 1.5, 11.375, 1.75], "texture": "#5"},
				"up": {"uv": [8.5, 3.875, 8.25, 3.75], "texture": "#5"},
				"down": {"uv": [11, 8.875, 10.75, 9], "texture": "#5"}
			}
		},
		{
			"from": [14.5, 4.625, 19.975],
			"to": [16.5, 6.625, 20.975],
			"rotation": {"angle": -22.5, "axis": "x", "origin": [8, 5.75, 20.85]},
			"faces": {
				"north": {"uv": [10.875, 6.125, 11.125, 6.375], "texture": "#5"},
				"east": {"uv": [11.25, 3.25, 11.375, 3.5], "texture": "#5"},
				"south": {"uv": [6.75, 10.875, 7, 11.125], "texture": "#5"},
				"west": {"uv": [11.25, 3.625, 11.375, 3.875], "texture": "#5"},
				"up": {"uv": [11.125, 6.625, 10.875, 6.5], "texture": "#5"},
				"down": {"uv": [11.25, 9.375, 11, 9.5], "texture": "#5"}
			}
		},
		{
			"from": [-1.13043, 2.25, 21],
			"to": [3.86957, 3.25, 22],
			"rotation": {"angle": 0, "axis": "y", "origin": [8, 0.75, 26.75]},
			"faces": {
				"north": {"uv": [10.5, 3.75, 11.125, 3.875], "texture": "#5"},
				"east": {"uv": [0.375, 11.5, 0.5, 11.625], "texture": "#5"},
				"south": {"uv": [10.5, 4, 11.125, 4.125], "texture": "#5"},
				"west": {"uv": [11.5, 0.5, 11.625, 0.625], "texture": "#5"},
				"up": {"uv": [11.125, 9.25, 10.5, 9.125], "texture": "#5"},
				"down": {"uv": [11.25, 1, 10.625, 1.125], "texture": "#5"}
			}
		},
		{
			"from": [12.13043, 2.25, 21],
			"to": [17.13043, 3.25, 22],
			"rotation": {"angle": 0, "axis": "y", "origin": [8, 0.75, 26.75]},
			"faces": {
				"north": {"uv": [10.625, 1.25, 11.25, 1.375], "texture": "#5"},
				"east": {"uv": [0.625, 11.5, 0.75, 11.625], "texture": "#5"},
				"south": {"uv": [6.75, 10.625, 7.375, 10.75], "texture": "#5"},
				"west": {"uv": [0.875, 11.5, 1, 11.625], "texture": "#5"},
				"up": {"uv": [10.5, 10.75, 9.875, 10.625], "texture": "#5"},
				"down": {"uv": [11.25, 10.125, 10.625, 10.25], "texture": "#5"}
			}
		},
		{
			"from": [-1, 0, -0.5],
			"to": [1, 7, 12.5],
			"rotation": {"angle": 0, "axis": "y", "origin": [8, 3.5, 11.33333]},
			"faces": {
				"north": {"uv": [7.375, 9.125, 7.625, 10], "texture": "#5"},
				"east": {"uv": [6.5, 1, 8.125, 1.875], "texture": "#5"},
				"south": {"uv": [3.875, 9.625, 4.125, 10.5], "texture": "#5"},
				"west": {"uv": [6.5, 2, 8.125, 2.875], "texture": "#5"},
				"up": {"uv": [2.125, 10.375, 1.875, 8.75], "texture": "#5"},
				"down": {"uv": [8.25, 8.75, 8, 10.375], "texture": "#5"}
			}
		},
		{
			"from": [15, 0, -0.5],
			"to": [17, 7, 12.5],
			"shade": false,
			"rotation": {"angle": 0, "axis": "y", "origin": [8, 3.5, 11.33333]},
			"faces": {
				"north": {"uv": [4.25, 9.625, 4.5, 10.5], "texture": "#5"},
				"east": {"uv": [6.5, 3, 8.125, 3.875], "texture": "#5"},
				"south": {"uv": [4.625, 9.625, 4.875, 10.5], "texture": "#5"},
				"west": {"uv": [6.5, 5.75, 8.125, 6.625], "texture": "#5"},
				"up": {"uv": [2.5, 10.5, 2.25, 8.875], "texture": "#5"},
				"down": {"uv": [2.875, 8.875, 2.625, 10.5], "texture": "#5"}
			}
		},
		{
			"from": [1, 0, -0.5],
			"to": [15, 1, 16.5],
			"rotation": {"angle": 0, "axis": "y", "origin": [8, 3.5, 11.33333]},
			"faces": {
				"up": {"uv": [4, 2.125, 2.25, 0], "texture": "#5"},
				"down": {"uv": [4, 2.25, 2.25, 4.375], "texture": "#5"}
			}
		},
		{
			"from": [1, 0.03702, -0.31389],
			"to": [15, 7.03702, 0.68611],
			"rotation": {"angle": -22.5, "axis": "x", "origin": [8, 4.03702, 0.18611]},
			"faces": {
				"south": {"uv": [2.75, 5.75, 4.5, 6.625], "texture": "#5"}
			}
		},
		{
			"from": [-2, 2.9, -1.5],
			"to": [18, 4.9, -0.5],
			"rotation": {"angle": -22.5, "axis": "x", "origin": [-1.5, 4.9, 0]},
			"faces": {
				"north": {"uv": [8.25, 5.75, 10.75, 6], "texture": "#5"},
				"east": {"uv": [11.25, 4, 11.375, 4.25], "texture": "#5"},
				"south": {"uv": [8.25, 6.125, 10.75, 6.375], "texture": "#5"},
				"west": {"uv": [11.25, 5.375, 11.375, 5.625], "texture": "#5"},
				"up": {"uv": [10.75, 6.625, 8.25, 6.5], "texture": "#5"},
				"down": {"uv": [10.875, 0.75, 8.375, 0.875], "texture": "#5"}
			}
		},
		{
			"from": [-2, 1.75195, -6.65224],
			"to": [18, 3.75195, -5.65224],
			"rotation": {"angle": 22.5, "axis": "x", "origin": [-1.5, 3.75195, -4.15224]},
			"faces": {
				"north": {"uv": [8.375, 0, 10.875, 0.25], "texture": "#5"},
				"east": {"uv": [11.25, 5.75, 11.375, 6], "texture": "#5"},
				"south": {"uv": [8.375, 0.375, 10.875, 0.625], "texture": "#5"},
				"west": {"uv": [11.25, 6.125, 11.375, 6.375], "texture": "#5"},
				"up": {"uv": [11.75, 4.5, 9.25, 4.375], "texture": "#5"},
				"down": {"uv": [11.75, 4.625, 9.25, 4.75], "texture": "#5"}
			}
		},
		{
			"from": [-1.995, 3.71366, -6.45694],
			"to": [17.995, 4.70366, -0.46694],
			"rotation": {"angle": 0, "axis": "x", "origin": [-1.5, 5.20866, -2.46194]},
			"faces": {
				"north": {"uv": [9.5, 6.75, 12, 6.875], "texture": "#5"},
				"east": {"uv": [1.375, 5.375, 2.125, 5.5], "texture": "#5"},
				"south": {"uv": [9.5, 7, 12, 7.125], "texture": "#5"},
				"west": {"uv": [0, 6.75, 0.75, 6.875], "texture": "#5"},
				"up": {"uv": [6.625, 4.75, 4.125, 4], "texture": "#5"},
				"down": {"uv": [2.5, 4.5, 0, 5.25], "texture": "#5"}
			}
		},
		{
			"from": [-2, 1.75195, 12.34776],
			"to": [0, 3.75195, 13.34776],
			"rotation": {"angle": 22.5, "axis": "x", "origin": [-1.5, 3.75195, 14.84776]},
			"faces": {
				"north": {"uv": [7.125, 10.875, 7.375, 11.125], "texture": "#5"},
				"east": {"uv": [6.75, 11.25, 6.875, 11.5], "texture": "#5"},
				"south": {"uv": [9.75, 10.875, 10, 11.125], "texture": "#5"},
				"west": {"uv": [7, 11.25, 7.125, 11.5], "texture": "#5"},
				"up": {"uv": [11.5, 0.875, 11.25, 0.75], "texture": "#5"},
				"down": {"uv": [11.5, 6.5, 11.25, 6.625], "texture": "#5"}
			}
		},
		{
			"from": [-1.995, 3.71366, 12.54306],
			"to": [-0.005, 4.70366, 18.53306],
			"rotation": {"angle": 0, "axis": "x", "origin": [-1.5, 5.20866, 16.53806]},
			"faces": {
				"north": {"uv": [11.25, 9.125, 11.5, 9.25], "texture": "#5"},
				"east": {"uv": [10, 5.375, 10.75, 5.5], "texture": "#5"},
				"south": {"uv": [9.75, 11.25, 10, 11.375], "texture": "#5"},
				"west": {"uv": [10.125, 9.375, 10.875, 9.5], "texture": "#5"},
				"up": {"uv": [6.875, 10.5, 6.625, 9.75], "texture": "#5"},
				"down": {"uv": [7.25, 9.75, 7, 10.5], "texture": "#5"}
			}
		},
		{
			"from": [-2, 2.9, 17.5],
			"to": [0, 4.9, 18.5],
			"rotation": {"angle": -22.5, "axis": "x", "origin": [-1.5, 4.9, 19]},
			"faces": {
				"north": {"uv": [10.125, 10.875, 10.375, 11.125], "texture": "#5"},
				"east": {"uv": [7.25, 11.25, 7.375, 11.5], "texture": "#5"},
				"south": {"uv": [10.875, 10.375, 11.125, 10.625], "texture": "#5"},
				"west": {"uv": [10.125, 11.25, 10.25, 11.5], "texture": "#5"},
				"up": {"uv": [11.5, 10.5, 11.25, 10.375], "texture": "#5"},
				"down": {"uv": [11.5, 10.625, 11.25, 10.75], "texture": "#5"}
			}
		},
		{
			"from": [0, 0, 12.5],
			"to": [1, 4, 18.5],
			"rotation": {"angle": 0, "axis": "y", "origin": [8, 2, 27.5]},
			"faces": {
				"north": {"uv": [8.375, 8.75, 8.5, 9.25], "texture": "#5"},
				"east": {"uv": [4.75, 9, 5.5, 9.5], "texture": "#5"},
				"south": {"uv": [7.75, 10.875, 7.875, 11.375], "texture": "#5"},
				"west": {"uv": [0, 9.125, 0.75, 9.625], "texture": "#5"},
				"up": {"uv": [7.875, 9.875, 7.75, 9.125], "texture": "#5"},
				"down": {"uv": [7.875, 10, 7.75, 10.75], "texture": "#5"}
			}
		},
		{
			"from": [15, 4, 12.5],
			"to": [17, 7, 18.5],
			"rotation": {"angle": 0, "axis": "y", "origin": [8, 5.5, 20.5]},
			"faces": {
				"north": {"uv": [10.5, 1.5, 10.75, 1.875], "texture": "#5"},
				"east": {"uv": [9.625, 2.5, 10.375, 2.875], "texture": "#5"},
				"south": {"uv": [1.875, 10.5, 2.125, 10.875], "texture": "#5"},
				"west": {"uv": [3, 9.625, 3.75, 10], "texture": "#5"},
				"up": {"uv": [8.625, 10.625, 8.375, 9.875], "texture": "#5"},
				"down": {"uv": [9, 9.875, 8.75, 10.625], "texture": "#5"}
			}
		},
		{
			"from": [16, 1.75195, 12.34776],
			"to": [18, 3.75195, 13.34776],
			"rotation": {"angle": 22.5, "axis": "x", "origin": [17.5, 3.75195, 14.84776]},
			"faces": {
				"north": {"uv": [10.875, 10.75, 11.125, 11], "texture": "#5"},
				"east": {"uv": [11.25, 10.875, 11.375, 11.125], "texture": "#5"},
				"south": {"uv": [11, 0, 11.25, 0.25], "texture": "#5"},
				"west": {"uv": [11.25, 11.25, 11.375, 11.5], "texture": "#5"},
				"up": {"uv": [11.625, 0.125, 11.375, 0], "texture": "#5"},
				"down": {"uv": [11.625, 1, 11.375, 1.125], "texture": "#5"}
			}
		},
		{
			"from": [16.005, 3.71366, 12.54306],
			"to": [17.995, 4.70366, 18.53306],
			"rotation": {"angle": 0, "axis": "x", "origin": [17.5, 5.20866, 16.53806]},
			"faces": {
				"north": {"uv": [11.375, 1.25, 11.625, 1.375], "texture": "#5"},
				"east": {"uv": [10.5, 2, 11.25, 2.125], "texture": "#5"},
				"south": {"uv": [11.375, 1.875, 11.625, 2], "texture": "#5"},
				"west": {"uv": [10.5, 2.25, 11.25, 2.375], "texture": "#5"},
				"up": {"uv": [9.375, 10.625, 9.125, 9.875], "texture": "#5"},
				"down": {"uv": [9.75, 9.875, 9.5, 10.625], "texture": "#5"}
			}
		},
		{
			"from": [15, 0, 12.5],
			"to": [16, 4, 18.5],
			"rotation": {"angle": 0, "axis": "y", "origin": [8, 2, 27.5]},
			"faces": {
				"north": {"uv": [11, 0.375, 11.125, 0.875], "texture": "#5"},
				"east": {"uv": [0.875, 9.125, 1.625, 9.625], "texture": "#5"},
				"south": {"uv": [1.875, 11, 2, 11.5], "texture": "#5"},
				"west": {"uv": [5.625, 9.125, 6.375, 9.625], "texture": "#5"},
				"up": {"uv": [8.125, 11.25, 8, 10.5], "texture": "#5"},
				"down": {"uv": [10.625, 8.25, 10.5, 9], "texture": "#5"}
			}
		},
		{
			"from": [16, 2.9, 17.5],
			"to": [18, 4.9, 18.5],
			"rotation": {"angle": -22.5, "axis": "x", "origin": [17.5, 4.9, 19]},
			"faces": {
				"north": {"uv": [11, 2.5, 11.25, 2.75], "texture": "#5"},
				"east": {"uv": [11.375, 2.125, 11.5, 2.375], "texture": "#5"},
				"south": {"uv": [5.75, 11.125, 6, 11.375], "texture": "#5"},
				"west": {"uv": [11.375, 2.5, 11.5, 2.75], "texture": "#5"},
				"up": {"uv": [11.625, 7.875, 11.375, 7.75], "texture": "#5"},
				"down": {"uv": [11.625, 8, 11.375, 8.125], "texture": "#5"}
			}
		},
		{
			"from": [-1, 0, 18.5],
			"to": [17, 7, 20.5],
			"rotation": {"angle": 0, "axis": "y", "origin": [8, 3.5, 11.33333]},
			"faces": {
				"north": {"uv": [4.125, 2, 6.375, 2.875], "texture": "#5"},
				"east": {"uv": [5, 9.625, 5.25, 10.5], "texture": "#5"},
				"south": {"uv": [4.125, 3, 6.375, 3.875], "texture": "#5"},
				"west": {"uv": [0, 9.75, 0.25, 10.625], "texture": "#5"},
				"up": {"uv": [8.5, 8.625, 6.25, 8.375], "texture": "#5"},
				"down": {"uv": [6, 8.625, 3.75, 8.875], "texture": "#5"}
			}
		},
		{
			"from": [-0.5, 6.52336, -0.36334],
			"to": [0.5, 12.52336, 0.63666],
			"rotation": {"angle": 22.5, "axis": "x", "origin": [8, 9.52336, 0.13666]},
			"faces": {
				"north": {"uv": [1.125, 10.625, 1.25, 11.375], "texture": "#5"},
				"east": {"uv": [1.375, 10.625, 1.5, 11.375], "texture": "#5"},
				"south": {"uv": [1.625, 10.625, 1.75, 11.375], "texture": "#5"},
				"west": {"uv": [2.25, 10.625, 2.375, 11.375], "texture": "#5"},
				"up": {"uv": [1.25, 11.625, 1.125, 11.5], "texture": "#5"},
				"down": {"uv": [1.5, 11.5, 1.375, 11.625], "texture": "#5"}
			}
		},
		{
			"from": [-0.495, 11.49134, 0.82777],
			"to": [16.495, 12.48134, 17.81777],
			"rotation": {"angle": 0, "axis": "x", "origin": [8, 11.98634, 9.32277]},
			"faces": {
				"north": {"uv": [9.625, 3, 11.75, 3.125], "texture": "#5"},
				"east": {"uv": [9.625, 7.25, 11.75, 7.375], "texture": "#5"},
				"south": {"uv": [9.625, 7.5, 11.75, 7.625], "texture": "#5"},
				"west": {"uv": [9.25, 9.625, 11.375, 9.75], "texture": "#5"},
				"up": {"uv": [2.125, 2.125, 0, 0], "texture": "#5"},
				"down": {"uv": [2.125, 2.25, 0, 4.375], "texture": "#5"}
			}
		},
		{
			"from": [-0.5, 6.48634, 8.82277],
			"to": [0.5, 11.48634, 9.82277],
			"rotation": {"angle": 0, "axis": "x", "origin": [8, 11.98634, 9.32277]},
			"faces": {
				"north": {"uv": [7.5, 10.625, 7.625, 11.25], "texture": "#5"},
				"east": {"uv": [10.625, 10.375, 10.75, 11], "texture": "#5"},
				"south": {"uv": [0, 10.75, 0.125, 11.375], "texture": "#5"},
				"west": {"uv": [0.25, 10.75, 0.375, 11.375], "texture": "#5"},
				"up": {"uv": [11.625, 1.625, 11.5, 1.5], "texture": "#5"},
				"down": {"uv": [1.75, 11.5, 1.625, 11.625], "texture": "#5"}
			}
		},
		{
			"from": [15.5, 6.48634, 8.82277],
			"to": [16.5, 11.48634, 9.82277],
			"rotation": {"angle": 0, "axis": "x", "origin": [8, 11.98634, 9.32277]},
			"faces": {
				"north": {"uv": [0.5, 10.75, 0.625, 11.375], "texture": "#5"},
				"east": {"uv": [0.75, 10.75, 0.875, 11.375], "texture": "#5"},
				"south": {"uv": [5.25, 10.75, 5.375, 11.375], "texture": "#5"},
				"west": {"uv": [5.5, 10.75, 5.625, 11.375], "texture": "#5"},
				"up": {"uv": [2.25, 11.625, 2.125, 11.5], "texture": "#5"},
				"down": {"uv": [2.5, 11.5, 2.375, 11.625], "texture": "#5"}
			}
		},
		{
			"from": [15.5, 6.52336, -0.36334],
			"to": [16.5, 12.52336, 0.63666],
			"rotation": {"angle": 22.5, "axis": "x", "origin": [8, 9.52336, 0.13666]},
			"faces": {
				"north": {"uv": [2.5, 10.625, 2.625, 11.375], "texture": "#5"},
				"east": {"uv": [2.75, 10.625, 2.875, 11.375], "texture": "#5"},
				"south": {"uv": [3, 10.625, 3.125, 11.375], "texture": "#5"},
				"west": {"uv": [3.25, 10.625, 3.375, 11.375], "texture": "#5"},
				"up": {"uv": [2.75, 11.625, 2.625, 11.5], "texture": "#5"},
				"down": {"uv": [3, 11.5, 2.875, 11.625], "texture": "#5"}
			}
		},
		{
			"from": [15.5, 6.52336, 18.00888],
			"to": [16.5, 12.52336, 19.00888],
			"rotation": {"angle": -22.5, "axis": "x", "origin": [8, 9.52336, 18.50888]},
			"faces": {
				"north": {"uv": [3.5, 10.625, 3.625, 11.375], "texture": "#5"},
				"east": {"uv": [3.75, 10.625, 3.875, 11.375], "texture": "#5"},
				"south": {"uv": [4, 10.625, 4.125, 11.375], "texture": "#5"},
				"west": {"uv": [4.25, 10.625, 4.375, 11.375], "texture": "#5"},
				"up": {"uv": [3.25, 11.625, 3.125, 11.5], "texture": "#5"},
				"down": {"uv": [11.625, 3.25, 11.5, 3.375], "texture": "#5"}
			}
		},
		{
			"from": [-0.5, 6.52336, 18.00888],
			"to": [0.5, 12.52336, 19.00888],
			"rotation": {"angle": -22.5, "axis": "x", "origin": [8, 9.52336, 18.50888]},
			"faces": {
				"north": {"uv": [4.5, 10.625, 4.625, 11.375], "texture": "#5"},
				"east": {"uv": [4.75, 10.625, 4.875, 11.375], "texture": "#5"},
				"south": {"uv": [5, 10.625, 5.125, 11.375], "texture": "#5"},
				"west": {"uv": [6.5, 10.625, 6.625, 11.375], "texture": "#5"},
				"up": {"uv": [3.5, 11.625, 3.375, 11.5], "texture": "#5"},
				"down": {"uv": [11.625, 3.5, 11.5, 3.625], "texture": "#5"}
			}
		},
		{
			"from": [1, 0, 16.5],
			"to": [15, 7, 18.5],
			"rotation": {"angle": 0, "axis": "y", "origin": [8, 3.5, 11.33333]},
			"faces": {
				"north": {"uv": [4.625, 5.75, 6.375, 6.625], "texture": "#5"},
				"east": {"uv": [0.375, 9.75, 0.625, 10.625], "texture": "#5"},
				"south": {"uv": [6.5, 0, 8.25, 0.875], "texture": "#5"},
				"west": {"uv": [0.75, 9.75, 1, 10.625], "texture": "#5"},
				"up": {"uv": [1.75, 9, 0, 8.75], "texture": "#5"},
				"down": {"uv": [7.875, 8.75, 6.125, 9], "texture": "#5"}
			}
		},
		{
			"from": [-4.3, 7, -0.4],
			"to": [-1.3, 9, -0.4],
			"rotation": {"angle": 22.5, "axis": "y", "origin": [-2.8, 8, -0.75]},
			"faces": {
				"north": {"uv": [0.875, 6.75, 1.25, 7], "texture": "#5"},
				"south": {"uv": [6.25, 8, 6.625, 8.25], "texture": "#5"}
			}
		},
		{
			"from": [-5.475, 7.475, -1.25],
			"to": [-3.475, 8.475, -0.25],
			"rotation": {"angle": -45, "axis": "z", "origin": [-3.9, 3.35, 0.5]},
			"faces": {
				"north": {"uv": [11.375, 8.25, 11.625, 8.375], "texture": "#5"},
				"east": {"uv": [3.625, 11.5, 3.75, 11.625], "texture": "#5"},
				"south": {"uv": [11.375, 8.5, 11.625, 8.625], "texture": "#5"},
				"west": {"uv": [11.5, 3.75, 11.625, 3.875], "texture": "#5"},
				"up": {"uv": [11.625, 8.875, 11.375, 8.75], "texture": "#5"},
				"down": {"uv": [11.625, 9.375, 11.375, 9.5], "texture": "#5"}
			}
		},
		{
			"from": [19.475, 7.475, -1.25],
			"to": [21.475, 8.475, -0.25],
			"rotation": {"angle": 45, "axis": "z", "origin": [19.9, 3.35, 0.5]},
			"faces": {
				"north": {"uv": [11.375, 9.875, 11.625, 10], "texture": "#5"},
				"east": {"uv": [3.875, 11.5, 4, 11.625], "texture": "#5"},
				"south": {"uv": [11.375, 10.125, 11.625, 10.25], "texture": "#5"},
				"west": {"uv": [11.5, 4, 11.625, 4.125], "texture": "#5"},
				"up": {"uv": [0.25, 11.625, 0, 11.5], "texture": "#5"},
				"down": {"uv": [11.75, 0.25, 11.5, 0.375], "texture": "#5"}
			}
		},
		{
			"from": [17.3, 7, -0.4],
			"to": [20.3, 9, -0.4],
			"rotation": {"angle": -22.5, "axis": "y", "origin": [18.8, 8, -0.75]},
			"faces": {
				"north": {"uv": [3.75, 8.25, 4.125, 8.5], "texture": "#5"},
				"south": {"uv": [10.5, 2.5, 10.875, 2.75], "texture": "#5"}
			}
		},
		{
			"from": [-1, 0, -6.5],
			"to": [17, 4, -0.5],
			"faces": {
				"east": {"uv": [6.5, 9.125, 7.25, 9.625], "texture": "#5"},
				"west": {"uv": [9.25, 3.75, 10, 4.25], "texture": "#5"}
			}
		},
		{
			"from": [-1, 0, 12.5],
			"to": [17, 4, 18.5],
			"faces": {
				"east": {"uv": [9.25, 8.375, 10, 8.875], "texture": "#5"},
				"west": {"uv": [9.25, 9, 10, 9.5], "texture": "#5"}
			}
		},
		{
			"from": [0.5, 6.96134, -0.17723],
			"to": [15.5, 12.96134, 0.32277],
			"rotation": {"angle": 22.5, "axis": "x", "origin": [8.5, 9.46134, -1.17723]},
			"faces": {
				"north": {"uv": [0, 12.5, 1.875, 13.25], "texture": "#5"},
				"south": {"uv": [1.875, 12.5, 0, 13.25], "texture": "#5"}
			}
		},
		{
			"from": [0.5, 6.96134, 18.37723],
			"to": [15.5, 12.96134, 18.87723],
			"rotation": {"angle": -22.5, "axis": "x", "origin": [8.5, 9.46134, 19.67723]},
			"faces": {
				"north": {"uv": [5.9375, 13.75, 4.0625, 14.5], "texture": "#5"},
				"south": {"uv": [4.0625, 13.75, 5.9375, 14.5], "texture": "#5"}
			}
		},
		{
			"from": [-0.25, 6.96134, -0.92723],
			"to": [0.25, 11.96134, 19.07277],
			"rotation": {"angle": 0, "axis": "y", "origin": [0, -0.51366, 0.32277]},
			"faces": {
				"east": {"uv": [2.5, 14.5, 0, 15.125], "texture": "#5"},
				"west": {"uv": [0, 14.5, 2.5, 15.125], "texture": "#5"}
			}
		},
		{
			"from": [15.75, 6.96134, -0.92723],
			"to": [16.25, 11.96134, 19.07277],
			"rotation": {"angle": 0, "axis": "y", "origin": [16, -0.51366, 0.32277]},
			"faces": {
				"east": {"uv": [2.5, 14.5, 0, 15.125], "texture": "#5"},
				"west": {"uv": [0, 14.5, 2.5, 15.125], "texture": "#5"}
			}
		},
		{
			"from": [9.002, 0.86826, 7.18851],
			"to": [14.502, 7.86826, 9.18851],
			"rotation": {"angle": 22.5, "axis": "x", "origin": [11.752, 4.36826, 8.18851]},
			"faces": {
				"north": {"uv": [3.5, 3, 4.875, 4.75], "texture": "#1"},
				"east": {"uv": [3.5, 7, 4, 8.75], "texture": "#1"},
				"south": {"uv": [0, 4, 1.375, 5.75], "texture": "#1"},
				"west": {"uv": [7, 4, 7.5, 5.75], "texture": "#1"},
				"up": {"uv": [7.625, 8, 6.25, 7.5], "texture": "#1"},
				"down": {"uv": [0, 0, 0, 0], "texture": "#1"}
			}
		},
		{
			"from": [9.004, 0.754, 2.775],
			"to": [14.5, 2.75, 7.771],
			"rotation": {"angle": 0, "axis": "y", "origin": [11.752, 1.752, 5.273]},
			"faces": {
				"north": {"uv": [7.75, 4, 9.125, 4.5], "texture": "#1"},
				"east": {"uv": [6.25, 8.25, 7.5, 8.75], "texture": "#1"},
				"south": {"uv": [0, 0, 0, 0], "texture": "#1"},
				"west": {"uv": [7.75, 8.25, 9, 8.75], "texture": "#1"},
				"up": {"uv": [6.625, 4.25, 5.25, 3], "texture": "#1"},
				"down": {"uv": [6.625, 4.5, 5.25, 5.75], "texture": "#1"}
			}
		},
		{
			"from": [1.5, 0.754, 2.775],
			"to": [6.996, 2.75, 7.771],
			"rotation": {"angle": 0, "axis": "y", "origin": [4.248, 1.752, 5.273]},
			"faces": {
				"north": {"uv": [7.75, 4.75, 9.125, 5.25], "texture": "#1"},
				"east": {"uv": [8.5, 1.5, 9.75, 2], "texture": "#1"},
				"south": {"uv": [0, 0, 0, 0], "texture": "#1"},
				"west": {"uv": [8.5, 2.25, 9.75, 2.75], "texture": "#1"},
				"up": {"uv": [1.375, 7.25, 0, 6], "texture": "#1"},
				"down": {"uv": [3.125, 6, 1.75, 7.25], "texture": "#1"}
			}
		},
		{
			"from": [1.498, 0.86826, 7.18851],
			"to": [6.998, 7.86826, 9.18851],
			"rotation": {"angle": 22.5, "axis": "x", "origin": [4.248, 4.36826, 8.18851]},
			"faces": {
				"north": {"uv": [1.75, 4, 3.125, 5.75], "texture": "#1"},
				"east": {"uv": [4.25, 7, 4.75, 8.75], "texture": "#1"},
				"south": {"uv": [3.5, 5, 4.875, 6.75], "texture": "#1"},
				"west": {"uv": [0, 7.5, 0.5, 9.25], "texture": "#1"},
				"up": {"uv": [9.375, 8, 8, 7.5], "texture": "#1"},
				"down": {"uv": [0, 0, 0, 0], "texture": "#1"}
			}
		},
		{
			"from": [1.502, 0.752, 10.277],
			"to": [14.498, 2.748, 15.273],
			"rotation": {"angle": 0, "axis": "y", "origin": [0, -0.25, 7.275]},
			"faces": {
				"north": {"uv": [5.25, 6, 8.5, 6.5], "texture": "#1"},
				"east": {"uv": [8.5, 3, 9.75, 3.5], "texture": "#1"},
				"south": {"uv": [5.25, 6.75, 8.5, 7.25], "texture": "#1"},
				"west": {"uv": [8.75, 5.5, 10, 6], "texture": "#1"},
				"up": {"uv": [6.75, 1.25, 3.5, 0], "texture": "#1"},
				"down": {"uv": [6.75, 1.5, 3.5, 2.75], "texture": "#1"}
			}
		},
		{
			"from": [1.5, 0.94238, 14.30783],
			"to": [14.5, 7.94238, 16.30783],
			"rotation": {"angle": 22.5, "axis": "x", "origin": [4.5, 3.44238, 15.30783]},
			"faces": {
				"north": {"uv": [0, 0, 3.25, 1.75], "texture": "#1"},
				"east": {"uv": [0.75, 7.5, 1.25, 9.25], "texture": "#1"},
				"south": {"uv": [0, 2, 3.25, 3.75], "texture": "#1"},
				"west": {"uv": [1.5, 7.5, 2, 9.25], "texture": "#1"},
				"up": {"uv": [10.25, 0.5, 7, 0], "texture": "#1"},
				"down": {"uv": [10.25, 0.75, 7, 1.25], "texture": "#1"}
			}
		},
		{
			"from": [2, 3.625, -0.725],
			"to": [7, 7.625, 0.775],
			"rotation": {"angle": 0, "axis": "y", "origin": [0, 1.625, -1.225]},
			"faces": {
				"north": {"uv": [7, 1.5, 8.25, 2.5], "texture": "#1"},
				"east": {"uv": [5, 8.75, 5.375, 9.75], "texture": "#1"},
				"south": {"uv": [7, 2.75, 8.25, 3.75], "texture": "#1"},
				"west": {"uv": [3.75, 9, 4.125, 10], "texture": "#1"},
				"up": {"uv": [10, 6.625, 8.75, 6.25], "texture": "#1"},
				"down": {"uv": [3.5, 9, 2.25, 9.375], "texture": "#1"}
			}
		},
		{
			"from": [4.25, 6.375, 0.275],
			"to": [4.75, 6.875, 1.775],
			"rotation": {"angle": -22.5, "axis": "x", "origin": [4.5, 6.875, 0.025]},
			"faces": {
				"north": {"uv": [6.25, 9, 6.375, 9.125], "texture": "#1"},
				"east": {"uv": [7.75, 5.5, 8.125, 5.625], "texture": "#1"},
				"south": {"uv": [6.75, 9, 6.875, 9.125], "texture": "#1"},
				"west": {"uv": [8.75, 7, 9.125, 7.125], "texture": "#1"},
				"up": {"uv": [5.875, 9.125, 5.75, 8.75], "texture": "#1"},
				"down": {"uv": [4.625, 9, 4.5, 9.375], "texture": "#1"}
			}
		},
		{
			"from": [2.75, 4.875, 1.825],
			"to": [6.25, 8.375, 1.825],
			"rotation": {"angle": -22.5, "axis": "x", "origin": [4.5, 6.875, 0.025]},
			"faces": {
				"north": {"uv": [2.25, 7.5, 3.125, 8.375], "texture": "#1"},
				"east": {"uv": [0, 0, 0, 0], "texture": "#1"},
				"south": {"uv": [5, 7.5, 5.875, 8.375], "texture": "#1"},
				"west": {"uv": [0, 0, 0, 0], "texture": "#1"},
				"up": {"uv": [0, 0, 0, 0], "texture": "#1"},
				"down": {"uv": [0, 0, 0, 0], "texture": "#1"}
			}
		}
	],
	"display": {
		"thirdperson_righthand": {
			"rotation": [75, 45, 0],
			"translation": [0, 2.5, 0],
			"scale": [0.375, 0.375, 0.375]
		},
		"thirdperson_lefthand": {
			"rotation": [75, 45, 0],
			"translation": [0, 2.5, 0],
			"scale": [0.375, 0.375, 0.375]
		},
		"firstperson_righthand": {
			"rotation": [0, 45, 0],
			"scale": [0.4, 0.4, 0.4]
		},
		"firstperson_lefthand": {
			"rotation": [0, 225, 0],
			"scale": [0.4, 0.4, 0.4]
		},
		"ground": {
			"translation": [0, 3, 0],
			"scale": [0.25, 0.25, 0.25]
		},
		"gui": {
			"rotation": [30, 225, 0],
			"translation": [-0.75, 1, 0],
			"scale": [0.4, 0.4, 0.4]
		},
		"head": {
			"translation": [0, -9.25, 11.75],
			"scale": [3.5, 3.5, 3.5]
		}
	},
	"groups": [
		{
			"name": "group",
			"origin": [3, 6, -6.5],
			"color": 0,
			"children": [0, 1, 2, 3, 4, 5, 6, 7, 8, 9, 10, 11, 12, 13, 14, 15, 16, 17, 18, 19, 20, 21, 22, 23, 24, 25, 26, 27, 28, 29, 30, 31, 32, 33, 34, 35, 36, 37, 38, 39, 40, 41, 42]
		},
		{
			"name": "seats",
			"origin": [8, 8, 8],
			"color": 0,
			"children": [
				{
					"name": "group",
					"origin": [8.5, 3, -9.5],
					"color": 0,
					"children": [43, 44, 45, 46]
				}
			]
		},
		47,
		48,
		{
			"name": "group",
			"origin": [0, -0.51366, 0.32277],
			"color": 0,
			"children": [49, 50, 51, 52]
		},
		{
			"name": "lp_seats",
			"origin": [8, 8, 8],
			"color": 0,
			"children": [
				{
					"name": "group",
					"origin": [4.5, 6.25, 0.25],
					"color": 0,
					"children": [
						{
							"name": "group",
							"origin": [11.752, 3.002, 5.498],
							"color": 0,
							"children": [53, 54, 55, 56]
						},
						57,
						58,
						59,
						60,
						61
					]
				}
			]
		}
	]
}