{
	"credit": "www.sebxter.pl",
	"texture_size": [128, 128],
	"textures": {
		"1": "block/vehiles/car/seats",
		"3": "block/vehiles/car/civilian_vehicle_5",
		"particle": "sebxter:tires_pack/tire_1"
	},
	"elements": [
		{
			"from": [-1, 4, -6.5],
			"to": [17, 7, -0.5],
			"rotation": {"angle": 0, "axis": "y", "origin": [8, 4.5, -6]},
			"faces": {
				"north": {"uv": [8.25, 6.875, 10.5, 7.25], "texture": "#3"},
				"east": {"uv": [2.25, 10.5, 3, 10.875], "texture": "#3"},
				"south": {"uv": [8.5, 5.125, 10.75, 5.5], "texture": "#3"},
				"west": {"uv": [5.625, 10.625, 6.375, 11], "texture": "#3"},
				"up": {"uv": [8.375, 4.625, 6.125, 3.875], "texture": "#3"},
				"down": {"uv": [8.375, 4.75, 6.125, 5.5], "texture": "#3"}
			}
		},
		{
			"from": [1, 0, -6.5],
			"to": [15, 4, -0.5],
			"rotation": {"angle": 0, "axis": "y", "origin": [8, 2, 8.5]},
			"faces": {
				"north": {"uv": [8.5, 3.875, 10.25, 4.375], "texture": "#3"},
				"east": {"uv": [9.25, 9.625, 10, 10.125], "texture": "#3"},
				"south": {"uv": [8.5, 4.5, 10.25, 5], "texture": "#3"},
				"west": {"uv": [3.875, 9.75, 4.625, 10.25], "texture": "#3"},
				"up": {"uv": [8.625, 1.75, 6.875, 1], "texture": "#3"},
				"down": {"uv": [8.625, 1.875, 6.875, 2.625], "texture": "#3"}
			}
		},
		{
			"from": [-1, 0, -10.5],
			"to": [17, 7, -6.5],
			"rotation": {"angle": 0, "axis": "y", "origin": [8, 4.5, -6]},
			"faces": {
				"north": {"uv": [3.75, 3.125, 6, 4], "texture": "#3"},
				"east": {"uv": [5.5, 8.75, 6, 9.625], "texture": "#3"},
				"south": {"uv": [3.75, 4.125, 6, 5], "texture": "#3"},
				"west": {"uv": [2.75, 8.875, 3.25, 9.75], "texture": "#3"},
				"up": {"uv": [8.375, 8.5, 6.125, 8], "texture": "#3"},
				"down": {"uv": [3.375, 8.25, 1.125, 8.75], "texture": "#3"}
			}
		},
		{
			"from": [0, 4.58097, -11.34567],
			"to": [2, 6.58097, -9.34567],
			"rotation": {"angle": 22.5, "axis": "x", "origin": [8, 5.35, -10.25]},
			"faces": {
				"north": {"uv": [12.25, 9.875, 12.5, 10.125], "texture": "#3"},
				"east": {"uv": [12.375, 1.375, 12.625, 1.625], "texture": "#3"},
				"south": {"uv": [12.625, 3.25, 12.875, 3.5], "texture": "#3"},
				"west": {"uv": [12.625, 9.875, 12.875, 10.125], "texture": "#3"},
				"up": {"uv": [13, 1, 12.75, 0.75], "texture": "#3"},
				"down": {"uv": [13, 1.125, 12.75, 1.375], "texture": "#3"}
			}
		},
		{
			"from": [0, 4.51761, -11.25],
			"to": [2, 5.51761, -9.25],
			"rotation": {"angle": -22.5, "axis": "x", "origin": [1, 4.51761, -10.25]},
			"faces": {
				"north": {"uv": [5.625, 9.75, 5.875, 9.875], "texture": "#3"},
				"east": {"uv": [7.375, 10, 7.625, 10.125], "texture": "#3"},
				"south": {"uv": [8.75, 10.625, 9, 10.75], "texture": "#3"},
				"west": {"uv": [12.875, 6.125, 13.125, 6.25], "texture": "#3"},
				"up": {"uv": [13, 1.75, 12.75, 1.5], "texture": "#3"},
				"down": {"uv": [5.5, 12.75, 5.25, 13], "texture": "#3"}
			}
		},
		{
			"from": [14, 4.58097, -11.34567],
			"to": [16, 6.58097, -9.34567],
			"rotation": {"angle": 22.5, "axis": "x", "origin": [8, 5.35, -10.25]},
			"faces": {
				"north": {"uv": [12.75, 6.375, 13, 6.625], "texture": "#3"},
				"east": {"uv": [12.75, 10.25, 13, 10.5], "texture": "#3"},
				"south": {"uv": [12.75, 10.625, 13, 10.875], "texture": "#3"},
				"west": {"uv": [12.75, 11, 13, 11.25], "texture": "#3"},
				"up": {"uv": [13, 11.625, 12.75, 11.375], "texture": "#3"},
				"down": {"uv": [13, 11.75, 12.75, 12], "texture": "#3"}
			}
		},
		{
			"from": [14, 4.51761, -11.25],
			"to": [16, 5.51761, -9.25],
			"rotation": {"angle": -22.5, "axis": "x", "origin": [15, 4.51761, -10.25]},
			"faces": {
				"north": {"uv": [13, 7.125, 13.25, 7.25], "texture": "#3"},
				"east": {"uv": [13, 9.875, 13.25, 10], "texture": "#3"},
				"south": {"uv": [13.125, 1.5, 13.375, 1.625], "texture": "#3"},
				"west": {"uv": [13.125, 3.625, 13.375, 3.75], "texture": "#3"},
				"up": {"uv": [13, 12.375, 12.75, 12.125], "texture": "#3"},
				"down": {"uv": [13, 12.5, 12.75, 12.75], "texture": "#3"}
			}
		},
		{
			"from": [4, 6.5, -11],
			"to": [12, 7.5, -1],
			"rotation": {"angle": 0, "axis": "y", "origin": [8, 5.5, -6]},
			"faces": {
				"north": {"uv": [11.5, 8.375, 12.5, 8.5], "texture": "#3"},
				"east": {"uv": [4.125, 11.375, 5.375, 11.5], "texture": "#3"},
				"south": {"uv": [11.5, 10.75, 12.5, 10.875], "texture": "#3"},
				"west": {"uv": [10.75, 11.375, 12, 11.5], "texture": "#3"},
				"up": {"uv": [3.625, 7.5, 2.625, 6.25], "texture": "#3"},
				"down": {"uv": [1, 7, 0, 8.25], "texture": "#3"}
			}
		},
		{
			"from": [12, 3.5, -11],
			"to": [13, 7.5, -1],
			"rotation": {"angle": 0, "axis": "y", "origin": [8, 5.5, -6]},
			"faces": {
				"north": {"uv": [3.25, 12.75, 3.375, 13.25], "texture": "#3"},
				"east": {"uv": [1.125, 7, 2.375, 7.5], "texture": "#3"},
				"south": {"uv": [12.875, 0, 13, 0.5], "texture": "#3"},
				"west": {"uv": [8.5, 8, 9.75, 8.5], "texture": "#3"},
				"up": {"uv": [2.375, 12.75, 2.25, 11.5], "texture": "#3"},
				"down": {"uv": [2.625, 11.5, 2.5, 12.75], "texture": "#3"}
			}
		},
		{
			"from": [3, 3.5, -11],
			"to": [4, 7.5, -1],
			"rotation": {"angle": 0, "axis": "y", "origin": [8, 5.5, -6]},
			"faces": {
				"north": {"uv": [2.25, 12.875, 2.375, 13.375], "texture": "#3"},
				"east": {"uv": [6.125, 8.625, 7.375, 9.125], "texture": "#3"},
				"south": {"uv": [2.5, 12.875, 2.625, 13.375], "texture": "#3"},
				"west": {"uv": [7.5, 8.625, 8.75, 9.125], "texture": "#3"},
				"up": {"uv": [7.375, 12.75, 7.25, 11.5], "texture": "#3"},
				"down": {"uv": [7.625, 11.5, 7.5, 12.75], "texture": "#3"}
			}
		},
		{
			"from": [10.5, 3.5, -11],
			"to": [11.5, 6.5, -10],
			"rotation": {"angle": 0, "axis": "y", "origin": [8.5, 5.5, -6]},
			"faces": {
				"north": {"uv": [6.125, 5.625, 6.25, 6], "texture": "#3"},
				"east": {"uv": [12.375, 7.875, 12.5, 8.25], "texture": "#3"},
				"south": {"uv": [9.375, 13, 9.5, 13.375], "texture": "#3"},
				"west": {"uv": [9.625, 13, 9.75, 13.375], "texture": "#3"},
				"up": {"uv": [7.875, 10.125, 7.75, 10], "texture": "#3"},
				"down": {"uv": [1, 10.75, 0.875, 10.875], "texture": "#3"}
			}
		},
		{
			"from": [8.5, 3.5, -11],
			"to": [9.5, 6.5, -10],
			"rotation": {"angle": 0, "axis": "y", "origin": [8.5, 5.5, -6]},
			"faces": {
				"north": {"uv": [9.875, 13, 10, 13.375], "texture": "#3"},
				"east": {"uv": [10.125, 13, 10.25, 13.375], "texture": "#3"},
				"south": {"uv": [10.375, 13, 10.5, 13.375], "texture": "#3"},
				"west": {"uv": [13.125, 0, 13.25, 0.375], "texture": "#3"},
				"up": {"uv": [12.625, 10.375, 12.5, 10.25], "texture": "#3"},
				"down": {"uv": [13.5, 2, 13.375, 2.125], "texture": "#3"}
			}
		},
		{
			"from": [6.5, 3.5, -11],
			"to": [7.5, 6.5, -10],
			"rotation": {"angle": 0, "axis": "y", "origin": [8.5, 5.5, -6]},
			"faces": {
				"north": {"uv": [13.125, 0.5, 13.25, 0.875], "texture": "#3"},
				"east": {"uv": [0.75, 13.125, 0.875, 13.5], "texture": "#3"},
				"south": {"uv": [1, 13.125, 1.125, 13.5], "texture": "#3"},
				"west": {"uv": [13.125, 1, 13.25, 1.375], "texture": "#3"},
				"up": {"uv": [2.875, 13.5, 2.75, 13.375], "texture": "#3"},
				"down": {"uv": [3.125, 13.375, 3, 13.5], "texture": "#3"}
			}
		},
		{
			"from": [4.5, 3.5, -11],
			"to": [5.5, 6.5, -10],
			"rotation": {"angle": 0, "axis": "y", "origin": [8.5, 5.5, -6]},
			"faces": {
				"north": {"uv": [1.25, 13.125, 1.375, 13.5], "texture": "#3"},
				"east": {"uv": [1.5, 13.125, 1.625, 13.5], "texture": "#3"},
				"south": {"uv": [1.75, 13.125, 1.875, 13.5], "texture": "#3"},
				"west": {"uv": [3.5, 13.125, 3.625, 13.5], "texture": "#3"},
				"up": {"uv": [13.5, 3.25, 13.375, 3.125], "texture": "#3"},
				"down": {"uv": [3.375, 13.375, 3.25, 13.5], "texture": "#3"}
			}
		},
		{
			"from": [-1.5, 2.5, -11.5],
			"to": [17.5, 4.5, -7.5],
			"rotation": {"angle": 0, "axis": "y", "origin": [8.5, 3, -9.5]},
			"faces": {
				"north": {"uv": [8.75, 1.5, 11.125, 1.75], "texture": "#3"},
				"east": {"uv": [9.25, 11.5, 9.75, 11.75], "texture": "#3"},
				"south": {"uv": [8.75, 1.875, 11.125, 2.125], "texture": "#3"},
				"west": {"uv": [11.5, 11, 12, 11.25], "texture": "#3"},
				"up": {"uv": [3.5, 8.125, 1.125, 7.625], "texture": "#3"},
				"down": {"uv": [6, 7.625, 3.625, 8.125], "texture": "#3"}
			}
		},
		{
			"from": [14.5, 0.25, -12.5],
			"to": [16.5, 2.25, -10.5],
			"rotation": {"angle": 0, "axis": "y", "origin": [8, 3, -9.5]},
			"faces": {
				"north": {"uv": [12.875, 5, 13.125, 5.25], "texture": "#3"},
				"east": {"uv": [5.625, 12.875, 5.875, 13.125], "texture": "#3"},
				"south": {"uv": [6, 12.875, 6.25, 13.125], "texture": "#3"},
				"west": {"uv": [7.25, 12.875, 7.5, 13.125], "texture": "#3"},
				"up": {"uv": [13.125, 7.625, 12.875, 7.375], "texture": "#3"},
				"down": {"uv": [13.125, 7.75, 12.875, 8], "texture": "#3"}
			}
		},
		{
			"from": [-0.5, 0.25, -12.5],
			"to": [1.5, 2.25, -10.5],
			"rotation": {"angle": 0, "axis": "y", "origin": [8, 3, -9.5]},
			"faces": {
				"north": {"uv": [12.875, 8.125, 13.125, 8.375], "texture": "#3"},
				"east": {"uv": [8.75, 12.875, 9, 13.125], "texture": "#3"},
				"south": {"uv": [10.75, 12.875, 11, 13.125], "texture": "#3"},
				"west": {"uv": [11.125, 12.875, 11.375, 13.125], "texture": "#3"},
				"up": {"uv": [11.75, 13.125, 11.5, 12.875], "texture": "#3"},
				"down": {"uv": [13, 12.875, 12.75, 13.125], "texture": "#3"}
			}
		},
		{
			"from": [-2, 1.5, -12],
			"to": [18, 2.5, -7],
			"rotation": {"angle": 0, "axis": "y", "origin": [8, 3, -9.5]},
			"faces": {
				"north": {"uv": [10.375, 4.25, 12.875, 4.375], "texture": "#3"},
				"east": {"uv": [12.125, 6.125, 12.75, 6.25], "texture": "#3"},
				"south": {"uv": [10.375, 4.5, 12.875, 4.625], "texture": "#3"},
				"west": {"uv": [12.25, 1.875, 12.875, 2], "texture": "#3"},
				"up": {"uv": [2.5, 6.875, 0, 6.25], "texture": "#3"},
				"down": {"uv": [8.875, 5.625, 6.375, 6.25], "texture": "#3"}
			}
		},
		{
			"from": [1, -0.41421, -12.37868],
			"to": [15, 0.58579, -10.37868],
			"rotation": {"angle": 45, "axis": "x", "origin": [8, 0.08579, -9.87868]},
			"faces": {
				"north": {"uv": [6.875, 2.75, 8.625, 2.875], "texture": "#3"},
				"east": {"uv": [13.125, 3.875, 13.375, 4], "texture": "#3"},
				"south": {"uv": [10.875, 6.375, 12.625, 6.5], "texture": "#3"},
				"west": {"uv": [4.375, 13.125, 4.625, 13.25], "texture": "#3"},
				"up": {"uv": [7.875, 9.5, 6.125, 9.25], "texture": "#3"},
				"down": {"uv": [7.875, 9.625, 6.125, 9.875], "texture": "#3"}
			}
		},
		{
			"from": [-2, 1.5, 24.5],
			"to": [18, 4.5, 28.5],
			"rotation": {"angle": 0, "axis": "y", "origin": [8, 3, 26.5]},
			"faces": {
				"north": {"uv": [3.5, 8.25, 6, 8.625], "texture": "#3"},
				"east": {"uv": [2.25, 11, 2.75, 11.375], "texture": "#3"},
				"south": {"uv": [8.25, 6.375, 10.75, 6.75], "texture": "#3"},
				"west": {"uv": [11, 9.875, 11.5, 10.25], "texture": "#3"},
				"up": {"uv": [6.25, 7.5, 3.75, 7], "texture": "#3"},
				"down": {"uv": [8.875, 7.375, 6.375, 7.875], "texture": "#3"}
			}
		},
		{
			"from": [2, 3.84672, 24.7294],
			"to": [14, 6.84672, 26.7294],
			"rotation": {"angle": -22.5, "axis": "x", "origin": [9, 6.34672, 26.2294]},
			"faces": {
				"north": {"uv": [8.75, 2.25, 10.25, 2.625], "texture": "#3"},
				"east": {"uv": [2.375, 9.375, 2.625, 9.75], "texture": "#3"},
				"south": {"uv": [8.75, 2.75, 10.25, 3.125], "texture": "#3"},
				"west": {"uv": [4.125, 12, 4.375, 12.375], "texture": "#3"},
				"up": {"uv": [11.375, 8.125, 9.875, 7.875], "texture": "#3"},
				"down": {"uv": [11.375, 8.25, 9.875, 8.5], "texture": "#3"}
			}
		},
		{
			"from": [-1, 0, 23.5],
			"to": [2, 7, 27.5],
			"rotation": {"angle": 0, "axis": "y", "origin": [8, 3.5, 25.5]},
			"faces": {
				"north": {"uv": [10.375, 3.25, 10.75, 4.125], "texture": "#3"},
				"east": {"uv": [8, 9.25, 8.5, 10.125], "texture": "#3"},
				"south": {"uv": [4.125, 10.375, 4.5, 11.25], "texture": "#3"},
				"west": {"uv": [1.125, 9.375, 1.625, 10.25], "texture": "#3"},
				"up": {"uv": [11.375, 11.25, 11, 10.75], "texture": "#3"},
				"down": {"uv": [6, 11.125, 5.625, 11.625], "texture": "#3"}
			}
		},
		{
			"from": [1, -0.49895, 22.00837],
			"to": [15, 6.50105, 23.00837],
			"rotation": {"angle": 22.5, "axis": "x", "origin": [0.5, 3.00105, 24.00837]},
			"faces": {
				"north": {"uv": [6.375, 6.375, 8.125, 7.25], "texture": "#3"}
			}
		},
		{
			"from": [-0.5, 4.75, 26.85],
			"to": [1.5, 6.75, 27.85],
			"rotation": {"angle": -22.5, "axis": "x", "origin": [0.5, 5.75, 27.35]},
			"faces": {
				"north": {"uv": [0, 13, 0.25, 13.25], "texture": "#3"},
				"east": {"uv": [6.125, 7.625, 6.25, 7.875], "texture": "#3"},
				"south": {"uv": [0.375, 13, 0.625, 13.25], "texture": "#3"},
				"west": {"uv": [8.625, 9.25, 8.75, 9.5], "texture": "#3"},
				"up": {"uv": [5, 13.25, 4.75, 13.125], "texture": "#3"},
				"down": {"uv": [5.375, 13.125, 5.125, 13.25], "texture": "#3"}
			}
		},
		{
			"from": [14.5, 4.75, 26.85],
			"to": [16.5, 6.75, 27.85],
			"rotation": {"angle": -22.5, "axis": "x", "origin": [15.5, 5.75, 27.35]},
			"faces": {
				"north": {"uv": [13, 1.875, 13.25, 2.125], "texture": "#3"},
				"east": {"uv": [13.125, 6.375, 13.25, 6.625], "texture": "#3"},
				"south": {"uv": [2.75, 13, 3, 13.25], "texture": "#3"},
				"west": {"uv": [8.125, 13.125, 8.25, 13.375], "texture": "#3"},
				"up": {"uv": [13.375, 8.625, 13.125, 8.5], "texture": "#3"},
				"down": {"uv": [13.375, 8.75, 13.125, 8.875], "texture": "#3"}
			}
		},
		{
			"from": [-0.13043, 0.25, 24.75],
			"to": [3.86957, 2.25, 28.75],
			"rotation": {"angle": 0, "axis": "y", "origin": [8, 0.75, 26.75]},
			"faces": {
				"north": {"uv": [4.125, 11.625, 4.625, 11.875], "texture": "#3"},
				"east": {"uv": [4.75, 11.625, 5.25, 11.875], "texture": "#3"},
				"south": {"uv": [11.625, 9.875, 12.125, 10.125], "texture": "#3"},
				"west": {"uv": [10.75, 11.625, 11.25, 11.875], "texture": "#3"},
				"up": {"uv": [11.375, 5.5, 10.875, 5], "texture": "#3"},
				"down": {"uv": [7.75, 10.875, 7.25, 11.375], "texture": "#3"}
			}
		},
		{
			"from": [12.13043, 0.25, 24.75],
			"to": [16.13043, 2.25, 28.75],
			"rotation": {"angle": 0, "axis": "y", "origin": [8, 0.75, 26.75]},
			"faces": {
				"north": {"uv": [11.375, 11.625, 11.875, 11.875], "texture": "#3"},
				"east": {"uv": [11.75, 0, 12.25, 0.25], "texture": "#3"},
				"south": {"uv": [11.75, 0.375, 12.25, 0.625], "texture": "#3"},
				"west": {"uv": [11.75, 1.5, 12.25, 1.75], "texture": "#3"},
				"up": {"uv": [9.25, 11.375, 8.75, 10.875], "texture": "#3"},
				"down": {"uv": [9.875, 10.875, 9.375, 11.375], "texture": "#3"}
			}
		},
		{
			"from": [-1, 0, -0.5],
			"to": [1, 7, 17.5],
			"rotation": {"angle": 0, "axis": "y", "origin": [8, 3.5, 11.33333]},
			"faces": {
				"north": {"uv": [7.875, 10.875, 8.125, 11.75], "texture": "#3"},
				"east": {"uv": [4.5, 0, 6.75, 0.875], "texture": "#3"},
				"south": {"uv": [0.875, 11, 1.125, 11.875], "texture": "#3"},
				"west": {"uv": [4.5, 1, 6.75, 1.875], "texture": "#3"},
				"up": {"uv": [0.25, 10.625, 0, 8.375], "texture": "#3"},
				"down": {"uv": [0.625, 8.375, 0.375, 10.625], "texture": "#3"}
			}
		},
		{
			"from": [15, 0, -0.5],
			"to": [17, 7, 17.5],
			"shade": false,
			"rotation": {"angle": 0, "axis": "y", "origin": [8, 3.5, 11.33333]},
			"faces": {
				"north": {"uv": [1.25, 11, 1.5, 11.875], "texture": "#3"},
				"east": {"uv": [4.5, 2, 6.75, 2.875], "texture": "#3"},
				"south": {"uv": [1.625, 11, 1.875, 11.875], "texture": "#3"},
				"west": {"uv": [3.75, 5.125, 6, 6], "texture": "#3"},
				"up": {"uv": [1, 10.625, 0.75, 8.375], "texture": "#3"},
				"down": {"uv": [3.75, 8.75, 3.5, 11], "texture": "#3"}
			}
		},
		{
			"from": [1, 0, -0.5],
			"to": [15, 1, 23.5],
			"rotation": {"angle": 0, "axis": "y", "origin": [8, 3.5, 11.33333]},
			"faces": {
				"south": {"uv": [10.875, 6.625, 12.625, 6.75], "texture": "#3"},
				"up": {"uv": [1.75, 6.125, 0, 3.125], "texture": "#3"},
				"down": {"uv": [3.625, 3.125, 1.875, 6.125], "texture": "#3"}
			}
		},
		{
			"from": [1, 0.03702, -0.31389],
			"to": [15, 7.03702, 0.68611],
			"rotation": {"angle": -22.5, "axis": "x", "origin": [8, 4.03702, 0.18611]},
			"faces": {
				"south": {"uv": [6.875, 0, 8.625, 0.875], "texture": "#3"}
			}
		},
		{
			"from": [-2, 2.9, -1.5],
			"to": [18, 4.9, -0.5],
			"rotation": {"angle": -22.5, "axis": "x", "origin": [-1.5, 4.9, 0]},
			"faces": {
				"north": {"uv": [8.75, 0, 11.25, 0.25], "texture": "#3"},
				"east": {"uv": [13.125, 9, 13.25, 9.25], "texture": "#3"},
				"south": {"uv": [8.75, 0.375, 11.25, 0.625], "texture": "#3"},
				"west": {"uv": [13.125, 10.125, 13.25, 10.375], "texture": "#3"},
				"up": {"uv": [12.875, 4.875, 10.375, 4.75], "texture": "#3"},
				"down": {"uv": [13, 8.625, 10.5, 8.75], "texture": "#3"}
			}
		},
		{
			"from": [-2, 1.75195, -6.65224],
			"to": [18, 3.75195, -5.65224],
			"rotation": {"angle": 22.5, "axis": "x", "origin": [-1.5, 3.75195, -4.15224]},
			"faces": {
				"north": {"uv": [8.75, 0.75, 11.25, 1], "texture": "#3"},
				"east": {"uv": [13.125, 10.5, 13.25, 10.75], "texture": "#3"},
				"south": {"uv": [8.75, 1.125, 11.25, 1.375], "texture": "#3"},
				"west": {"uv": [13.125, 10.875, 13.25, 11.125], "texture": "#3"},
				"up": {"uv": [13, 9, 10.5, 8.875], "texture": "#3"},
				"down": {"uv": [13, 9.125, 10.5, 9.25], "texture": "#3"}
			}
		},
		{
			"from": [-1.995, 3.71366, -6.45694],
			"to": [17.995, 4.70366, -0.46694],
			"rotation": {"angle": 0, "axis": "y", "origin": [-1.5, 5.20866, -2.46194]},
			"faces": {
				"north": {"uv": [10.5, 9.375, 13, 9.5], "texture": "#3"},
				"east": {"uv": [11.625, 10.25, 12.375, 10.375], "texture": "#3"},
				"south": {"uv": [10.125, 10.5, 12.625, 10.625], "texture": "#3"},
				"west": {"uv": [4.5, 12, 5.25, 12.125], "texture": "#3"},
				"up": {"uv": [8.625, 3.75, 6.125, 3], "texture": "#3"},
				"down": {"uv": [6.25, 6.125, 3.75, 6.875], "texture": "#3"}
			}
		},
		{
			"from": [16, 1.75195, 17.34776],
			"to": [18, 3.75195, 18.34776],
			"rotation": {"angle": 22.5, "axis": "x", "origin": [-1.5, 3.75195, 19.84776]},
			"faces": {
				"north": {"uv": [13, 3.25, 13.25, 3.5], "texture": "#3"},
				"east": {"uv": [13.125, 11.25, 13.25, 11.5], "texture": "#3"},
				"south": {"uv": [13, 4.25, 13.25, 4.5], "texture": "#3"},
				"west": {"uv": [13.125, 11.625, 13.25, 11.875], "texture": "#3"},
				"up": {"uv": [13.375, 9.5, 13.125, 9.375], "texture": "#3"},
				"down": {"uv": [13.375, 12, 13.125, 12.125], "texture": "#3"}
			}
		},
		{
			"from": [16, 3.70866, 17.53806],
			"to": [18, 4.70866, 23.53806],
			"rotation": {"angle": 0, "axis": "y", "origin": [-1.5, 5.20866, 21.53806]},
			"faces": {
				"north": {"uv": [13.125, 12.25, 13.375, 12.375], "texture": "#3"},
				"east": {"uv": [12, 5, 12.75, 5.125], "texture": "#3"},
				"south": {"uv": [13.125, 12.5, 13.375, 12.625], "texture": "#3"},
				"west": {"uv": [12, 5.25, 12.75, 5.375], "texture": "#3"},
				"up": {"uv": [3.125, 11.75, 2.875, 11], "texture": "#3"},
				"down": {"uv": [3.75, 11.125, 3.5, 11.875], "texture": "#3"}
			}
		},
		{
			"from": [16, 2.9, 22.5],
			"to": [18, 4.9, 23.5],
			"rotation": {"angle": -22.5, "axis": "x", "origin": [-1.5, 4.9, 24]},
			"faces": {
				"north": {"uv": [13, 4.625, 13.25, 4.875], "texture": "#3"},
				"east": {"uv": [12.25, 13.125, 12.375, 13.375], "texture": "#3"},
				"south": {"uv": [13, 5.375, 13.25, 5.625], "texture": "#3"},
				"west": {"uv": [13.125, 12.75, 13.25, 13], "texture": "#3"},
				"up": {"uv": [13.375, 13.25, 13.125, 13.125], "texture": "#3"},
				"down": {"uv": [13.5, 2.25, 13.25, 2.375], "texture": "#3"}
			}
		},
		{
			"from": [-2, 1.75195, 17.34776],
			"to": [0, 3.75195, 18.34776],
			"rotation": {"angle": 22.5, "axis": "x", "origin": [17.5, 3.75195, 19.84776]},
			"faces": {
				"north": {"uv": [13, 5.75, 13.25, 6], "texture": "#3"},
				"east": {"uv": [2, 13.25, 2.125, 13.5], "texture": "#3"},
				"south": {"uv": [6.375, 13, 6.625, 13.25], "texture": "#3"},
				"west": {"uv": [13.25, 2.5, 13.375, 2.75], "texture": "#3"},
				"up": {"uv": [13.5, 3, 13.25, 2.875], "texture": "#3"},
				"down": {"uv": [4, 13.25, 3.75, 13.375], "texture": "#3"}
			}
		},
		{
			"from": [-1.995, 3.71366, 17.54306],
			"to": [-0.005, 4.70366, 23.53306],
			"rotation": {"angle": 0, "axis": "y", "origin": [17.5, 5.20866, 21.53806]},
			"faces": {
				"north": {"uv": [13.25, 5, 13.5, 5.125], "texture": "#3"},
				"east": {"uv": [12, 7.375, 12.75, 7.5], "texture": "#3"},
				"south": {"uv": [5.5, 13.25, 5.75, 13.375], "texture": "#3"},
				"west": {"uv": [12, 7.625, 12.75, 7.75], "texture": "#3"},
				"up": {"uv": [6.375, 11.875, 6.125, 11.125], "texture": "#3"},
				"down": {"uv": [0.25, 11.25, 0, 12], "texture": "#3"}
			}
		},
		{
			"from": [-2, 2.9, 22.5],
			"to": [0, 4.9, 23.5],
			"rotation": {"angle": -22.5, "axis": "x", "origin": [17.5, 4.9, 24]},
			"faces": {
				"north": {"uv": [6.75, 13, 7, 13.25], "texture": "#3"},
				"east": {"uv": [4.125, 13.25, 4.25, 13.5], "texture": "#3"},
				"south": {"uv": [13, 6.75, 13.25, 7], "texture": "#3"},
				"west": {"uv": [5.875, 13.25, 6, 13.5], "texture": "#3"},
				"up": {"uv": [13.5, 6.25, 13.25, 6.125], "texture": "#3"},
				"down": {"uv": [7.375, 13.25, 7.125, 13.375], "texture": "#3"}
			}
		},
		{
			"from": [15, 0, 17.5],
			"to": [16, 4, 23.5],
			"rotation": {"angle": 0, "axis": "y", "origin": [8, 2, 32.5]},
			"faces": {
				"north": {"uv": [7.625, 13, 7.75, 13.5], "texture": "#3"},
				"east": {"uv": [4.75, 9.75, 5.5, 10.25], "texture": "#3"},
				"south": {"uv": [7.875, 13, 8, 13.5], "texture": "#3"},
				"west": {"uv": [2.375, 9.875, 3.125, 10.375], "texture": "#3"},
				"up": {"uv": [6.25, 12.75, 6.125, 12], "texture": "#3"},
				"down": {"uv": [8.875, 12, 8.75, 12.75], "texture": "#3"}
			}
		},
		{
			"from": [-0.5, 6.5803, 0.01779],
			"to": [0.5, 12.5803, 1.01779],
			"rotation": {"angle": 22.5, "axis": "x", "origin": [8, 9.5803, 0.51779]},
			"faces": {
				"north": {"uv": [9, 12, 9.125, 12.75], "texture": "#3"},
				"east": {"uv": [10.75, 12, 10.875, 12.75], "texture": "#3"},
				"south": {"uv": [11, 12, 11.125, 12.75], "texture": "#3"},
				"west": {"uv": [11.25, 12, 11.375, 12.75], "texture": "#3"},
				"up": {"uv": [13.5, 3.5, 13.375, 3.375], "texture": "#3"},
				"down": {"uv": [13.5, 4.125, 13.375, 4.25], "texture": "#3"}
			}
		},
		{
			"from": [-0.495, 11.54828, 1.2089],
			"to": [16.495, 12.53828, 25.1989],
			"rotation": {"angle": 0, "axis": "y", "origin": [8, 12.04328, 9.7039]},
			"faces": {
				"north": {"uv": [10.875, 3.75, 13, 3.875], "texture": "#3"},
				"east": {"uv": [9, 6.125, 12, 6.25], "texture": "#3"},
				"south": {"uv": [10.875, 4, 13, 4.125], "texture": "#3"},
				"west": {"uv": [10.125, 9.625, 13.125, 9.75], "texture": "#3"},
				"up": {"uv": [2.125, 3, 0, 0], "texture": "#3"},
				"down": {"uv": [4.375, 0, 2.25, 3], "texture": "#3"}
			}
		},
		{
			"from": [1.5, 12.04328, 2.2039],
			"to": [2.5, 13.04328, 24.2039],
			"rotation": {"angle": 0, "axis": "y", "origin": [9, 12.04328, 9.7039]},
			"faces": {
				"north": {"uv": [4.375, 13.375, 4.5, 13.5], "texture": "#3"},
				"east": {"uv": [10.375, 2.25, 13.125, 2.375], "texture": "#3"},
				"south": {"uv": [13.375, 4.375, 13.5, 4.5], "texture": "#3"},
				"west": {"uv": [10.375, 2.5, 13.125, 2.625], "texture": "#3"},
				"up": {"uv": [3.375, 12.625, 3.25, 9.875], "texture": "#3"},
				"down": {"uv": [8.375, 10.25, 8.25, 13], "texture": "#3"}
			}
		},
		{
			"from": [1.5, 12.18972, 3.30745],
			"to": [2.5, 13.18972, 5.30745],
			"rotation": {"angle": -45, "axis": "x", "origin": [2, 12.68972, 3.30745]},
			"faces": {
				"north": {"uv": [4.625, 13.375, 4.75, 13.5], "texture": "#3"},
				"east": {"uv": [13.25, 7.375, 13.5, 7.5], "texture": "#3"},
				"south": {"uv": [13.375, 4.625, 13.5, 4.75], "texture": "#3"},
				"west": {"uv": [13.25, 7.625, 13.5, 7.75], "texture": "#3"},
				"up": {"uv": [6.25, 13.5, 6.125, 13.25], "texture": "#3"},
				"down": {"uv": [13.375, 7.875, 13.25, 8.125], "texture": "#3"}
			}
		},
		{
			"from": [1.5, 12.18972, 21.42877],
			"to": [2.5, 13.18972, 23.42877],
			"rotation": {"angle": 45, "axis": "x", "origin": [2, 12.68972, 23.42877]},
			"faces": {
				"north": {"uv": [4.875, 13.375, 5, 13.5], "texture": "#3"},
				"east": {"uv": [13.25, 8.25, 13.5, 8.375], "texture": "#3"},
				"south": {"uv": [5.125, 13.375, 5.25, 13.5], "texture": "#3"},
				"west": {"uv": [8.75, 13.25, 9, 13.375], "texture": "#3"},
				"up": {"uv": [10.75, 13.5, 10.625, 13.25], "texture": "#3"},
				"down": {"uv": [11, 13.25, 10.875, 13.5], "texture": "#3"}
			}
		},
		{
			"from": [1.5, 13.45749, 4.36811],
			"to": [2.5, 14.45749, 22.36811],
			"rotation": {"angle": 45, "axis": "z", "origin": [2, 13.95749, 13.36811]},
			"faces": {
				"north": {"uv": [13.375, 5.25, 13.5, 5.375], "texture": "#3"},
				"east": {"uv": [10.625, 5.625, 12.875, 5.75], "texture": "#3"},
				"south": {"uv": [13.375, 5.5, 13.5, 5.625], "texture": "#3"},
				"west": {"uv": [10.625, 5.875, 12.875, 6], "texture": "#3"},
				"up": {"uv": [6.625, 12.875, 6.5, 10.625], "texture": "#3"},
				"down": {"uv": [6.875, 10.625, 6.75, 12.875], "texture": "#3"}
			}
		},
		{
			"from": [13.5, 12.04328, 2.2039],
			"to": [14.5, 13.04328, 24.2039],
			"rotation": {"angle": 0, "axis": "y", "origin": [7, 12.04328, 9.7039]},
			"faces": {
				"north": {"uv": [13.375, 5.75, 13.5, 5.875], "texture": "#3"},
				"east": {"uv": [10.375, 2.75, 13.125, 2.875], "texture": "#3"},
				"south": {"uv": [6.375, 13.375, 6.5, 13.5], "texture": "#3"},
				"west": {"uv": [10.375, 3, 13.125, 3.125], "texture": "#3"},
				"up": {"uv": [2.125, 13.125, 2, 10.375], "texture": "#3"},
				"down": {"uv": [4, 10.375, 3.875, 13.125], "texture": "#3"}
			}
		},
		{
			"from": [13.5, 12.18972, 3.30745],
			"to": [14.5, 13.18972, 5.30745],
			"rotation": {"angle": -45, "axis": "x", "origin": [14, 12.68972, 3.30745]},
			"faces": {
				"north": {"uv": [13.375, 6.375, 13.5, 6.5], "texture": "#3"},
				"east": {"uv": [13.25, 9.625, 13.5, 9.75], "texture": "#3"},
				"south": {"uv": [6.625, 13.375, 6.75, 13.5], "texture": "#3"},
				"west": {"uv": [11.125, 13.25, 11.375, 13.375], "texture": "#3"},
				"up": {"uv": [11.625, 13.5, 11.5, 13.25], "texture": "#3"},
				"down": {"uv": [11.875, 13.25, 11.75, 13.5], "texture": "#3"}
			}
		},
		{
			"from": [13.5, 13.45749, 4.36811],
			"to": [14.5, 14.45749, 22.36811],
			"rotation": {"angle": 45, "axis": "z", "origin": [14, 13.95749, 13.36811]},
			"faces": {
				"north": {"uv": [13.375, 6.625, 13.5, 6.75], "texture": "#3"},
				"east": {"uv": [10.625, 6.875, 12.875, 7], "texture": "#3"},
				"south": {"uv": [6.875, 13.375, 7, 13.5], "texture": "#3"},
				"west": {"uv": [10.625, 7.125, 12.875, 7.25], "texture": "#3"},
				"up": {"uv": [7.125, 12.875, 7, 10.625], "texture": "#3"},
				"down": {"uv": [8.625, 10.625, 8.5, 12.875], "texture": "#3"}
			}
		},
		{
			"from": [13.5, 12.18972, 21.42877],
			"to": [14.5, 13.18972, 23.42877],
			"rotation": {"angle": 45, "axis": "x", "origin": [14, 12.68972, 23.42877]},
			"faces": {
				"north": {"uv": [13.375, 6.875, 13.5, 7], "texture": "#3"},
				"east": {"uv": [12.5, 13.25, 12.75, 13.375], "texture": "#3"},
				"south": {"uv": [13.375, 7.125, 13.5, 7.25], "texture": "#3"},
				"west": {"uv": [0, 13.375, 0.25, 13.5], "texture": "#3"},
				"up": {"uv": [12.125, 13.5, 12, 13.25], "texture": "#3"},
				"down": {"uv": [13, 13.25, 12.875, 13.5], "texture": "#3"}
			}
		},
		{
			"from": [-0.5, 6.54328, 9.3539],
			"to": [0.5, 11.54328, 10.3539],
			"rotation": {"angle": 0, "axis": "y", "origin": [8, 12.04328, 9.7039]},
			"faces": {
				"north": {"uv": [12.25, 12.375, 12.375, 13], "texture": "#3"},
				"east": {"uv": [4.125, 12.5, 4.25, 13.125], "texture": "#3"},
				"south": {"uv": [12.5, 11, 12.625, 11.625], "texture": "#3"},
				"west": {"uv": [12.5, 11.75, 12.625, 12.375], "texture": "#3"},
				"up": {"uv": [13.5, 9.125, 13.375, 9], "texture": "#3"},
				"down": {"uv": [13.5, 9.875, 13.375, 10], "texture": "#3"}
			}
		},
		{
			"from": [15.5, 6.54328, 9.2039],
			"to": [16.5, 11.54328, 10.2039],
			"rotation": {"angle": 0, "axis": "y", "origin": [8, 12.04328, 9.7039]},
			"faces": {
				"north": {"uv": [12, 12.5, 12.125, 13.125], "texture": "#3"},
				"east": {"uv": [12.5, 12.5, 12.625, 13.125], "texture": "#3"},
				"south": {"uv": [12.625, 0, 12.75, 0.625], "texture": "#3"},
				"west": {"uv": [12.625, 7.875, 12.75, 8.5], "texture": "#3"},
				"up": {"uv": [13.5, 10.25, 13.375, 10.125], "texture": "#3"},
				"down": {"uv": [13.5, 10.375, 13.375, 10.5], "texture": "#3"}
			}
		},
		{
			"from": [15.5, 6.5803, 0.01779],
			"to": [16.5, 12.5803, 1.01779],
			"rotation": {"angle": 22.5, "axis": "x", "origin": [8, 9.5803, 0.51779]},
			"faces": {
				"north": {"uv": [11.5, 12, 11.625, 12.75], "texture": "#3"},
				"east": {"uv": [12, 11.625, 12.125, 12.375], "texture": "#3"},
				"south": {"uv": [11.75, 12, 11.875, 12.75], "texture": "#3"},
				"west": {"uv": [0, 12.125, 0.125, 12.875], "texture": "#3"},
				"up": {"uv": [13.5, 10.75, 13.375, 10.625], "texture": "#3"},
				"down": {"uv": [13.5, 10.875, 13.375, 11], "texture": "#3"}
			}
		},
		{
			"from": [15.5, 5.8303, 17.39001],
			"to": [16.5, 13.8303, 18.39001],
			"rotation": {"angle": -45, "axis": "x", "origin": [16, 9.5803, 18.89001]},
			"faces": {
				"north": {"uv": [5.375, 11.625, 5.5, 12.625], "texture": "#3"},
				"east": {"uv": [5.625, 11.75, 5.75, 12.75], "texture": "#3"},
				"south": {"uv": [5.875, 11.75, 6, 12.75], "texture": "#3"},
				"west": {"uv": [2.75, 11.875, 2.875, 12.875], "texture": "#3"},
				"up": {"uv": [13.5, 11.25, 13.375, 11.125], "texture": "#3"},
				"down": {"uv": [13.5, 11.375, 13.375, 11.5], "texture": "#3"}
			}
		},
		{
			"from": [15.5, 4.8303, 18.39001],
			"to": [16.5, 12.8303, 19.39001],
			"rotation": {"angle": -45, "axis": "x", "origin": [16, 9.5803, 18.89001]},
			"faces": {
				"north": {"uv": [3, 11.875, 3.125, 12.875], "texture": "#3"},
				"east": {"uv": [7.75, 11.875, 7.875, 12.875], "texture": "#3"},
				"south": {"uv": [8, 11.875, 8.125, 12.875], "texture": "#3"},
				"west": {"uv": [9.25, 11.875, 9.375, 12.875], "texture": "#3"},
				"up": {"uv": [13.5, 11.75, 13.375, 11.625], "texture": "#3"},
				"down": {"uv": [13.5, 12.75, 13.375, 12.875], "texture": "#3"}
			}
		},
		{
			"from": [-0.5, 5.8303, 17.39001],
			"to": [0.5, 13.8303, 18.39001],
			"rotation": {"angle": -45, "axis": "x", "origin": [0, 9.5803, 18.89001]},
			"faces": {
				"north": {"uv": [9.5, 11.875, 9.625, 12.875], "texture": "#3"},
				"east": {"uv": [9.75, 11.875, 9.875, 12.875], "texture": "#3"},
				"south": {"uv": [0.75, 12, 0.875, 13], "texture": "#3"},
				"west": {"uv": [1, 12, 1.125, 13], "texture": "#3"},
				"up": {"uv": [13.25, 13.5, 13.125, 13.375], "texture": "#3"},
				"down": {"uv": [13.5, 13.375, 13.375, 13.5], "texture": "#3"}
			}
		},
		{
			"from": [-0.5, 4.8303, 18.39001],
			"to": [0.5, 12.8303, 19.39001],
			"rotation": {"angle": -45, "axis": "x", "origin": [0, 9.5803, 18.89001]},
			"faces": {
				"north": {"uv": [1.25, 12, 1.375, 13], "texture": "#3"},
				"east": {"uv": [1.5, 12, 1.625, 13], "texture": "#3"},
				"south": {"uv": [1.75, 12, 1.875, 13], "texture": "#3"},
				"west": {"uv": [3.5, 12, 3.625, 13], "texture": "#3"},
				"up": {"uv": [13.625, 1.625, 13.5, 1.5], "texture": "#3"},
				"down": {"uv": [2.375, 13.5, 2.25, 13.625], "texture": "#3"}
			}
		},
		{
			"from": [-0.5, 6.5803, 25.39001],
			"to": [0.5, 12.5803, 26.39001],
			"rotation": {"angle": -22.5, "axis": "x", "origin": [7.5, 9.5803, 25.89001]},
			"faces": {
				"north": {"uv": [0.25, 12.125, 0.375, 12.875], "texture": "#3"},
				"east": {"uv": [0.5, 12.125, 0.625, 12.875], "texture": "#3"},
				"south": {"uv": [10, 12.125, 10.125, 12.875], "texture": "#3"},
				"west": {"uv": [10.25, 12.125, 10.375, 12.875], "texture": "#3"},
				"up": {"uv": [2.625, 13.625, 2.5, 13.5], "texture": "#3"},
				"down": {"uv": [13.625, 2.5, 13.5, 2.625], "texture": "#3"}
			}
		},
		{
			"from": [15.5, 6.5803, 25.39001],
			"to": [16.5, 12.5803, 26.39001],
			"rotation": {"angle": -22.5, "axis": "x", "origin": [8.5, 9.5803, 25.89001]},
			"faces": {
				"north": {"uv": [10.5, 12.125, 10.625, 12.875], "texture": "#3"},
				"east": {"uv": [4.5, 12.25, 4.625, 13], "texture": "#3"},
				"south": {"uv": [4.75, 12.25, 4.875, 13], "texture": "#3"},
				"west": {"uv": [5, 12.25, 5.125, 13], "texture": "#3"},
				"up": {"uv": [13.625, 3.75, 13.5, 3.625], "texture": "#3"},
				"down": {"uv": [3.875, 13.5, 3.75, 13.625], "texture": "#3"}
			}
		},
		{
			"from": [15, 4, 17.5],
			"to": [17, 7, 23.5],
			"rotation": {"angle": 0, "axis": "y", "origin": [8, 5.5, 20.5]},
			"faces": {
				"north": {"uv": [12, 7.875, 12.25, 8.25], "texture": "#3"},
				"east": {"uv": [10.625, 7.375, 11.375, 7.75], "texture": "#3"},
				"south": {"uv": [12.125, 11, 12.375, 11.375], "texture": "#3"},
				"west": {"uv": [0, 10.75, 0.75, 11.125], "texture": "#3"},
				"up": {"uv": [0.625, 12, 0.375, 11.25], "texture": "#3"},
				"down": {"uv": [10.25, 11.25, 10, 12], "texture": "#3"}
			}
		},
		{
			"from": [0, 0, 17.5],
			"to": [1, 4, 23.5],
			"rotation": {"angle": 0, "axis": "y", "origin": [8, 2, 32.5]},
			"faces": {
				"north": {"uv": [8.5, 13, 8.625, 13.5], "texture": "#3"},
				"east": {"uv": [5.625, 10, 6.375, 10.5], "texture": "#3"},
				"south": {"uv": [9.125, 13, 9.25, 13.5], "texture": "#3"},
				"west": {"uv": [6.5, 10, 7.25, 10.5], "texture": "#3"},
				"up": {"uv": [12.375, 12.25, 12.25, 11.5], "texture": "#3"},
				"down": {"uv": [12.5, 0, 12.375, 0.75], "texture": "#3"}
			}
		},
		{
			"from": [-1, 4, 17.5],
			"to": [1, 7, 23.5],
			"rotation": {"angle": 0, "axis": "y", "origin": [8, 5.5, 20.5]},
			"faces": {
				"north": {"uv": [12.25, 3.25, 12.5, 3.625], "texture": "#3"},
				"east": {"uv": [10.125, 10.75, 10.875, 11.125], "texture": "#3"},
				"south": {"uv": [12.375, 0.875, 12.625, 1.25], "texture": "#3"},
				"west": {"uv": [10.875, 3.25, 11.625, 3.625], "texture": "#3"},
				"up": {"uv": [10.625, 12, 10.375, 11.25], "texture": "#3"},
				"down": {"uv": [11.625, 0, 11.375, 0.75], "texture": "#3"}
			}
		},
		{
			"from": [14, 0, 23.5],
			"to": [17, 7, 27.5],
			"rotation": {"angle": 0, "axis": "y", "origin": [8, 3.5, 25.5]},
			"faces": {
				"north": {"uv": [4.625, 10.375, 5, 11.25], "texture": "#3"},
				"east": {"uv": [1.75, 9.375, 2.25, 10.25], "texture": "#3"},
				"south": {"uv": [5.125, 10.375, 5.5, 11.25], "texture": "#3"},
				"west": {"uv": [8.625, 9.625, 9.125, 10.5], "texture": "#3"},
				"up": {"uv": [11.625, 2, 11.25, 1.5], "texture": "#3"},
				"down": {"uv": [11.75, 0.875, 11.375, 1.375], "texture": "#3"}
			}
		},
		{
			"from": [2, 0.5, 23.5],
			"to": [14, 3.5, 26.5],
			"rotation": {"angle": 0, "axis": "y", "origin": [8, 3.5, 24]},
			"faces": {
				"north": {"uv": [8.75, 3.25, 10.25, 3.625], "texture": "#3"},
				"east": {"uv": [11.5, 5, 11.875, 5.375], "texture": "#3"},
				"south": {"uv": [3.875, 8.75, 5.375, 9.125], "texture": "#3"},
				"west": {"uv": [11.5, 7.375, 11.875, 7.75], "texture": "#3"},
				"up": {"uv": [2.625, 9.25, 1.125, 8.875], "texture": "#3"},
				"down": {"uv": [10.375, 8.625, 8.875, 9], "texture": "#3"}
			}
		},
		{
			"from": [2, 4, 23.5],
			"to": [14, 7, 26.5],
			"rotation": {"angle": 0, "axis": "y", "origin": [8, 3.5, 24]},
			"faces": {
				"north": {"uv": [9, 5.625, 10.5, 6], "texture": "#3"},
				"east": {"uv": [11.5, 7.875, 11.875, 8.25], "texture": "#3"},
				"south": {"uv": [9, 7.375, 10.5, 7.75], "texture": "#3"},
				"west": {"uv": [8.75, 11.5, 9.125, 11.875], "texture": "#3"},
				"up": {"uv": [10.375, 9.5, 8.875, 9.125], "texture": "#3"},
				"down": {"uv": [5.375, 9.25, 3.875, 9.625], "texture": "#3"}
			}
		},
		{
			"from": [-4.3, 7, -0.15],
			"to": [-1.3, 9, -0.15],
			"rotation": {"angle": 22.5, "axis": "y", "origin": [-2.8, 8, -0.5]},
			"faces": {
				"north": {"uv": [11.75, 1.875, 12.125, 2.125], "texture": "#3"},
				"south": {"uv": [11.75, 3.25, 12.125, 3.5], "texture": "#3"}
			}
		},
		{
			"from": [-5.475, 7.475, -1],
			"to": [-3.475, 8.475, 0],
			"rotation": {"angle": -45, "axis": "z", "origin": [-3.9, 3.35, 0.75]},
			"faces": {
				"north": {"uv": [13.375, 0, 13.625, 0.125], "texture": "#3"},
				"east": {"uv": [13.5, 3.875, 13.625, 4], "texture": "#3"},
				"south": {"uv": [13.375, 0.25, 13.625, 0.375], "texture": "#3"},
				"west": {"uv": [5.375, 13.5, 5.5, 13.625], "texture": "#3"},
				"up": {"uv": [0.625, 13.5, 0.375, 13.375], "texture": "#3"},
				"down": {"uv": [13.625, 0.5, 13.375, 0.625], "texture": "#3"}
			}
		},
		{
			"from": [19.475, 7.475, -1],
			"to": [21.475, 8.475, 0],
			"rotation": {"angle": 45, "axis": "z", "origin": [19.9, 3.35, 0.75]},
			"faces": {
				"north": {"uv": [13.375, 0.75, 13.625, 0.875], "texture": "#3"},
				"east": {"uv": [5.625, 13.5, 5.75, 13.625], "texture": "#3"},
				"south": {"uv": [13.375, 1, 13.625, 1.125], "texture": "#3"},
				"west": {"uv": [7.125, 13.5, 7.25, 13.625], "texture": "#3"},
				"up": {"uv": [13.625, 1.375, 13.375, 1.25], "texture": "#3"},
				"down": {"uv": [13.625, 1.75, 13.375, 1.875], "texture": "#3"}
			}
		},
		{
			"from": [17.3, 7, -0.15],
			"to": [20.3, 9, -0.15],
			"rotation": {"angle": -22.5, "axis": "y", "origin": [18.8, 8, -0.5]},
			"faces": {
				"north": {"uv": [11.875, 0.75, 12.25, 1], "texture": "#3"},
				"south": {"uv": [11.875, 1.125, 12.25, 1.375], "texture": "#3"}
			}
		},
		{
			"from": [-1, 0, -6.5],
			"to": [17, 4, -0.5],
			"faces": {
				"east": {"uv": [10.125, 9.875, 10.875, 10.375], "texture": "#3"},
				"west": {"uv": [7.375, 10.25, 8.125, 10.75], "texture": "#3"}
			}
		},
		{
			"from": [-1, 0, 17.5],
			"to": [17, 4, 23.5],
			"faces": {
				"east": {"uv": [9.25, 10.25, 10, 10.75], "texture": "#3"},
				"west": {"uv": [1.125, 10.375, 1.875, 10.875], "texture": "#3"}
			}
		},
		{
			"from": [0.5, 6.96134, 0.07277],
			"to": [15.5, 12.96134, 0.57277],
			"rotation": {"angle": 22.5, "axis": "x", "origin": [8.5, 9.46134, -0.92723]},
			"faces": {
				"north": {"uv": [0, 14.1875, 1.875, 14.9375], "texture": "#3"},
				"south": {"uv": [1.875, 14.1875, 0, 14.9375], "texture": "#3"}
			}
		},
		{
			"from": [0.5, 6.96134, 25.67723],
			"to": [15.5, 12.96134, 26.17723],
			"rotation": {"angle": -22.5, "axis": "x", "origin": [8.5, 9.46134, 27.17723]},
			"faces": {
				"north": {"uv": [9.8125, 14.875, 7.9375, 15.625], "texture": "#3"},
				"south": {"uv": [7.9375, 14.875, 9.8125, 15.625], "texture": "#3"}
			}
		},
		{
			"from": [-0.25, 6.96134, -0.42723],
			"to": [0.25, 11.96134, 26.57277],
			"rotation": {"angle": 0, "axis": "y", "origin": [0, -0.51366, 0.82277]},
			"faces": {
				"east": {"uv": [3.375, 15.25, 0, 15.875], "texture": "#3"},
				"west": {"uv": [0, 15.25, 3.375, 15.875], "texture": "#3"}
			}
		},
		{
			"from": [15.75, 6.96134, -0.42723],
			"to": [16.25, 11.96134, 26.57277],
			"rotation": {"angle": 0, "axis": "y", "origin": [16, -0.51366, 0.82277]},
			"faces": {
				"east": {"uv": [3.375, 15.25, 0, 15.875], "texture": "#3"},
				"west": {"uv": [0, 15.25, 3.375, 15.875], "texture": "#3"}
			}
		},
		{
			"from": [9, 0.87026, 7.41151],
			"to": [14.5, 7.87026, 9.41151],
			"rotation": {"angle": 22.5, "axis": "x", "origin": [11.75, 4.37026, 8.41151]},
			"faces": {
				"north": {"uv": [3.5, 3, 4.875, 4.75], "texture": "#1"},
				"east": {"uv": [3.5, 7, 4, 8.75], "texture": "#1"},
				"south": {"uv": [0, 4, 1.375, 5.75], "texture": "#1"},
				"west": {"uv": [7, 4, 7.5, 5.75], "texture": "#1"},
				"up": {"uv": [7.625, 8, 6.25, 7.5], "texture": "#1"},
				"down": {"uv": [0, 0, 0, 0], "texture": "#1"}
			}
		},
		{
			"from": [9.004, 0.754, 3],
			"to": [14.5, 2.75, 7.996],
			"rotation": {"angle": 0, "axis": "y", "origin": [11.752, 3.002, 5.498]},
			"faces": {
				"north": {"uv": [7.75, 4, 9.125, 4.5], "texture": "#1"},
				"east": {"uv": [6.25, 8.25, 7.5, 8.75], "texture": "#1"},
				"south": {"uv": [0, 0, 0, 0], "texture": "#1"},
				"west": {"uv": [7.75, 8.25, 9, 8.75], "texture": "#1"},
				"up": {"uv": [6.625, 4.25, 5.25, 3], "texture": "#1"},
				"down": {"uv": [6.625, 4.5, 5.25, 5.75], "texture": "#1"}
			}
		},
		{
			"from": [1.5, 0.754, 3],
			"to": [6.996, 2.75, 7.996],
			"rotation": {"angle": 0, "axis": "y", "origin": [4.248, 3.002, 5.498]},
			"faces": {
				"north": {"uv": [7.75, 4.75, 9.125, 5.25], "texture": "#1"},
				"east": {"uv": [8.5, 1.5, 9.75, 2], "texture": "#1"},
				"south": {"uv": [0, 0, 0, 0], "texture": "#1"},
				"west": {"uv": [8.5, 2.25, 9.75, 2.75], "texture": "#1"},
				"up": {"uv": [1.375, 7.25, 0, 6], "texture": "#1"},
				"down": {"uv": [3.125, 6, 1.75, 7.25], "texture": "#1"}
			}
		},
		{
			"from": [1.496, 0.87026, 7.41151],
			"to": [6.996, 7.87026, 9.41151],
			"rotation": {"angle": 22.5, "axis": "x", "origin": [4.246, 4.37026, 8.41151]},
			"faces": {
				"north": {"uv": [1.75, 4, 3.125, 5.75], "texture": "#1"},
				"east": {"uv": [4.25, 7, 4.75, 8.75], "texture": "#1"},
				"south": {"uv": [3.5, 5, 4.875, 6.75], "texture": "#1"},
				"west": {"uv": [0, 7.5, 0.5, 9.25], "texture": "#1"},
				"up": {"uv": [9.375, 8, 8, 7.5], "texture": "#1"},
				"down": {"uv": [0, 0, 0, 0], "texture": "#1"}
			}
		},
		{
			"from": [1.502, 0.752, 10.502],
			"to": [14.498, 2.748, 15.498],
			"rotation": {"angle": 0, "axis": "y", "origin": [0, 1, 7.5]},
			"faces": {
				"north": {"uv": [5.25, 6, 8.5, 6.5], "texture": "#1"},
				"east": {"uv": [8.5, 3, 9.75, 3.5], "texture": "#1"},
				"south": {"uv": [5.25, 6.75, 8.5, 7.25], "texture": "#1"},
				"west": {"uv": [8.75, 5.5, 10, 6], "texture": "#1"},
				"up": {"uv": [6.75, 1.25, 3.5, 0], "texture": "#1"},
				"down": {"uv": [6.75, 1.5, 3.5, 2.75], "texture": "#1"}
			}
		},
		{
			"from": [1.498, 0.94438, 14.53083],
			"to": [14.498, 7.94438, 16.53083],
			"rotation": {"angle": 22.5, "axis": "x", "origin": [4.498, 3.44438, 15.53083]},
			"faces": {
				"north": {"uv": [0, 0, 3.25, 1.75], "texture": "#1"},
				"east": {"uv": [0.75, 7.5, 1.25, 9.25], "texture": "#1"},
				"south": {"uv": [0, 2, 3.25, 3.75], "texture": "#1"},
				"west": {"uv": [1.5, 7.5, 2, 9.25], "texture": "#1"},
				"up": {"uv": [10.25, 0.5, 7, 0], "texture": "#1"},
				"down": {"uv": [10.25, 0.75, 7, 1.25], "texture": "#1"}
			}
		},
		{
			"from": [2, 3.625, -0.5],
			"to": [7, 7.625, 1],
			"rotation": {"angle": 0, "axis": "y", "origin": [0, 1, -1]},
			"faces": {
				"north": {"uv": [7, 1.5, 8.25, 2.5], "texture": "#1"},
				"east": {"uv": [5, 8.75, 5.375, 9.75], "texture": "#1"},
				"south": {"uv": [7, 2.75, 8.25, 3.75], "texture": "#1"},
				"west": {"uv": [3.75, 9, 4.125, 10], "texture": "#1"},
				"up": {"uv": [10, 6.625, 8.75, 6.25], "texture": "#1"},
				"down": {"uv": [3.5, 9, 2.25, 9.375], "texture": "#1"}
			}
		},
		{
			"from": [4.25, 6.375, 0.275],
			"to": [4.75, 6.875, 1.775],
			"rotation": {"angle": -22.5, "axis": "x", "origin": [4.5, 6.25, 0.25]},
			"faces": {
				"north": {"uv": [6.25, 9, 6.375, 9.125], "texture": "#1"},
				"east": {"uv": [7.75, 5.5, 8.125, 5.625], "texture": "#1"},
				"south": {"uv": [6.75, 9, 6.875, 9.125], "texture": "#1"},
				"west": {"uv": [8.75, 7, 9.125, 7.125], "texture": "#1"},
				"up": {"uv": [5.875, 9.125, 5.75, 8.75], "texture": "#1"},
				"down": {"uv": [4.625, 9, 4.5, 9.375], "texture": "#1"}
			}
		},
		{
			"from": [2.75, 4.875, 1.825],
			"to": [6.25, 8.375, 1.825],
			"rotation": {"angle": -22.5, "axis": "x", "origin": [4.5, 6.25, 0.25]},
			"faces": {
				"north": {"uv": [2.25, 7.5, 3.125, 8.375], "texture": "#1"},
				"east": {"uv": [0, 0, 0, 0], "texture": "#1"},
				"south": {"uv": [5, 7.5, 5.875, 8.375], "texture": "#1"},
				"west": {"uv": [0, 0, 0, 0], "texture": "#1"},
				"up": {"uv": [0, 0, 0, 0], "texture": "#1"},
				"down": {"uv": [0, 0, 0, 0], "texture": "#1"}
			}
		}
	],
	"display": {
		"thirdperson_righthand": {
			"rotation": [75, 45, 0],
			"translation": [0, 2.5, 0],
			"scale": [0.375, 0.375, 0.375]
		},
		"thirdperson_lefthand": {
			"rotation": [75, 45, 0],
			"translation": [0, 2.5, 0],
			"scale": [0.375, 0.375, 0.375]
		},
		"firstperson_righthand": {
			"rotation": [0, 45, 0],
			"scale": [0.4, 0.4, 0.4]
		},
		"firstperson_lefthand": {
			"rotation": [0, 225, 0],
			"scale": [0.4, 0.4, 0.4]
		},
		"ground": {
			"translation": [0, 3, 0],
			"scale": [0.25, 0.25, 0.25]
		},
		"gui": {
			"rotation": [30, 225, 0],
			"translation": [0, 1, 0],
			"scale": [0.36, 0.36, 0.36]
		},
		"head": {
			"translation": [0, -9.25, 11.75],
			"scale": [3.5, 3.5, 3.5]
		}
	},
	"groups": [
		{
			"name": "group",
			"origin": [3, 6, -6.5],
			"color": 0,
			"children": [
				0,
				1,
				2,
				3,
				4,
				5,
				6,
				7,
				8,
				9,
				10,
				11,
				12,
				13,
				14,
				15,
				16,
				17,
				18,
				19,
				20,
				21,
				22,
				23,
				24,
				25,
				26,
				27,
				28,
				29,
				30,
				31,
				32,
				33,
				34,
				35,
				36,
				37,
				38,
				39,
				40,
				41,
				42,
				43,
				44,
				45,
				46,
				47,
				48,
				49,
				50,
				51,
				52,
				53,
				54,
				55,
				56,
				57,
				58,
				59,
				60,
				61,
				62,
				63,
				64,
				65
			]
		},
		{
			"name": "seats",
			"origin": [8, 8, 8],
			"color": 0,
			"children": [
				{
					"name": "group",
					"origin": [8.5, 3, -9.5],
					"color": 0,
					"children": [66, 67, 68, 69]
				}
			]
		},
		{
			"name": "tires2",
			"origin": [8, 8, 8],
			"color": 0,
			"children": []
		},
		70,
		71,
		{
			"name": "group",
			"origin": [0, -0.51366, 0.32277],
			"color": 0,
			"children": [72, 73, 74, 75]
		},
		{
			"name": "lp_seats",
			"origin": [8, 8, 8],
			"color": 0,
			"children": [
				{
					"name": "group",
					"origin": [4.5, 6.25, 0.25],
					"color": 0,
					"children": [
						{
							"name": "group",
							"origin": [11.752, 3.002, 5.498],
							"color": 0,
							"children": [76, 77, 78, 79]
						},
						80,
						81,
						82,
						83,
						84
					]
				}
			]
		}
	]
}