{
	"credit": "www.sebxter.pl",
	"texture_size": [128, 128],
	"textures": {
		"1": "block/vehiles/car/seats",
		"5": "block/vehiles/car/civilian_vehicle_7",
		"particle": "sebxter:tires_pack/tire_1"
	},
	"elements": [
		{
			"from": [1, 0, -6.5],
			"to": [15, 4, -0.5],
			"rotation": {"angle": 0, "axis": "y", "origin": [8, 2, 8.5]},
			"faces": {
				"east": {"uv": [8.875, 9.125, 9.625, 9.625], "texture": "#5"},
				"west": {"uv": [9.25, 0, 10, 0.5], "texture": "#5"},
				"down": {"uv": [1.75, 6.5, 0, 7.25], "texture": "#5"}
			}
		},
		{
			"from": [-1, 4, 17.5],
			"to": [1, 7, 23.5],
			"rotation": {"angle": 0, "axis": "y", "origin": [8, 5.5, 20.5]},
			"faces": {
				"north": {"uv": [11.25, 2, 11.5, 2.375], "texture": "#5"},
				"east": {"uv": [2.875, 9.875, 3.625, 10.25], "texture": "#5"},
				"south": {"uv": [11.25, 5.5, 11.5, 5.875], "texture": "#5"},
				"west": {"uv": [3.75, 10, 4.5, 10.375], "texture": "#5"},
				"up": {"uv": [5.5, 9.625, 5.25, 8.875], "texture": "#5"},
				"down": {"uv": [8.125, 10.625, 7.875, 11.375], "texture": "#5"}
			}
		},
		{
			"from": [-1, 0, -10.5],
			"to": [3, 8, -6.5],
			"rotation": {"angle": 0, "axis": "y", "origin": [8, 4.5, -6]},
			"faces": {
				"north": {"uv": [2.125, 8.125, 2.625, 9.125], "texture": "#5"},
				"east": {"uv": [2.75, 8.125, 3.25, 9.125], "texture": "#5"},
				"south": {"uv": [3.375, 8.125, 3.875, 9.125], "texture": "#5"},
				"west": {"uv": [4, 8.25, 4.5, 9.25], "texture": "#5"},
				"up": {"uv": [0.5, 10.375, 0, 9.875], "texture": "#5"},
				"down": {"uv": [0.5, 10.5, 0, 11], "texture": "#5"}
			}
		},
		{
			"from": [-1, 6.27269, -6.84358],
			"to": [3, 7.27269, -3.84358],
			"rotation": {"angle": 22.5, "axis": "x", "origin": [1, 6.77269, -4.84358]},
			"faces": {
				"north": {"uv": [8.5, 6, 9, 6.125], "texture": "#5"},
				"east": {"uv": [0.25, 12.125, 0.625, 12.25], "texture": "#5"},
				"south": {"uv": [7.875, 10.125, 8.375, 10.25], "texture": "#5"},
				"west": {"uv": [0.75, 12.125, 1.125, 12.25], "texture": "#5"},
				"up": {"uv": [7.5, 10, 7, 9.625], "texture": "#5"},
				"down": {"uv": [5.125, 9.875, 4.625, 10.25], "texture": "#5"}
			}
		},
		{
			"from": [0, 5.1, -11.25],
			"to": [2, 7.1, -9.25],
			"rotation": {"angle": 45, "axis": "z", "origin": [1, 6.1, -10.25]},
			"faces": {
				"north": {"uv": [11.625, 7.625, 11.875, 7.875], "texture": "#5"},
				"east": {"uv": [11.625, 8.875, 11.875, 9.125], "texture": "#5"},
				"south": {"uv": [11.625, 10, 11.875, 10.25], "texture": "#5"},
				"west": {"uv": [0.625, 11.75, 0.875, 12], "texture": "#5"},
				"up": {"uv": [12, 1, 11.75, 0.75], "texture": "#5"},
				"down": {"uv": [1.25, 11.75, 1, 12], "texture": "#5"}
			}
		},
		{
			"from": [3, 3.5, -11],
			"to": [4, 7.5, -9],
			"rotation": {"angle": 0, "axis": "y", "origin": [8, 5.5, -6]},
			"faces": {
				"north": {"uv": [11.75, 1.125, 11.875, 1.625], "texture": "#5"},
				"east": {"uv": [11, 8.25, 11.25, 8.75], "texture": "#5"},
				"south": {"uv": [1.375, 11.75, 1.5, 12.25], "texture": "#5"},
				"west": {"uv": [10.125, 11, 10.375, 11.5], "texture": "#5"},
				"up": {"uv": [12.375, 4.875, 12.25, 4.625], "texture": "#5"},
				"down": {"uv": [1.375, 12.375, 1.25, 12.625], "texture": "#5"}
			}
		},
		{
			"from": [12, 3.5, -11],
			"to": [13, 7.5, -9],
			"rotation": {"angle": 0, "axis": "y", "origin": [8, 5.5, -6]},
			"faces": {
				"north": {"uv": [11.75, 2.25, 11.875, 2.75], "texture": "#5"},
				"east": {"uv": [10.5, 11, 10.75, 11.5], "texture": "#5"},
				"south": {"uv": [2.75, 11.75, 2.875, 12.25], "texture": "#5"},
				"west": {"uv": [0, 11.125, 0.25, 11.625], "texture": "#5"},
				"up": {"uv": [1.625, 12.625, 1.5, 12.375], "texture": "#5"},
				"down": {"uv": [1.875, 12.375, 1.75, 12.625], "texture": "#5"}
			}
		},
		{
			"from": [4, 6.5, -11],
			"to": [12, 7.5, -9],
			"rotation": {"angle": 0, "axis": "y", "origin": [8, 5.5, -6]},
			"faces": {
				"north": {"uv": [11, 3.125, 12, 3.25], "texture": "#5"},
				"east": {"uv": [8.5, 9.5, 8.75, 9.625], "texture": "#5"},
				"south": {"uv": [11, 3.375, 12, 3.5], "texture": "#5"},
				"west": {"uv": [12.25, 5.25, 12.5, 5.375], "texture": "#5"},
				"up": {"uv": [11.5, 0.75, 10.5, 0.5], "texture": "#5"},
				"down": {"uv": [1.625, 10.5, 0.625, 10.75], "texture": "#5"}
			}
		},
		{
			"from": [4.5, 3.5, -11],
			"to": [5.5, 6.5, -10],
			"rotation": {"angle": 45, "axis": "y", "origin": [5, 5, -10.5]},
			"faces": {
				"north": {"uv": [10.875, 12, 11, 12.375], "texture": "#5"},
				"east": {"uv": [3, 12.125, 3.125, 12.5], "texture": "#5"},
				"south": {"uv": [12.125, 3.125, 12.25, 3.5], "texture": "#5"},
				"west": {"uv": [3.25, 12.125, 3.375, 12.5], "texture": "#5"},
				"up": {"uv": [11.125, 9, 11, 8.875], "texture": "#5"},
				"down": {"uv": [11.875, 8.625, 11.75, 8.75], "texture": "#5"}
			}
		},
		{
			"from": [10.5, 3.5, -11],
			"to": [11.5, 6.5, -10],
			"rotation": {"angle": 45, "axis": "y", "origin": [11, 5, -10.5]},
			"faces": {
				"north": {"uv": [12.125, 3.625, 12.25, 4], "texture": "#5"},
				"east": {"uv": [12.125, 4.125, 12.25, 4.5], "texture": "#5"},
				"south": {"uv": [12.125, 5.5, 12.25, 5.875], "texture": "#5"},
				"west": {"uv": [12.125, 8, 12.25, 8.375], "texture": "#5"},
				"up": {"uv": [12.625, 6.875, 12.5, 6.75], "texture": "#5"},
				"down": {"uv": [12.625, 7, 12.5, 7.125], "texture": "#5"}
			}
		},
		{
			"from": [8.5, 3.5, -11],
			"to": [9.5, 6.5, -10],
			"rotation": {"angle": 45, "axis": "y", "origin": [9, 5, -10.5]},
			"faces": {
				"north": {"uv": [8.125, 12.125, 8.25, 12.5], "texture": "#5"},
				"east": {"uv": [8.375, 12.125, 8.5, 12.5], "texture": "#5"},
				"south": {"uv": [8.625, 12.125, 8.75, 12.5], "texture": "#5"},
				"west": {"uv": [8.875, 12.125, 9, 12.5], "texture": "#5"},
				"up": {"uv": [12.625, 7.375, 12.5, 7.25], "texture": "#5"},
				"down": {"uv": [12.625, 9.25, 12.5, 9.375], "texture": "#5"}
			}
		},
		{
			"from": [6.5, 3.5, -11],
			"to": [7.5, 6.5, -10],
			"rotation": {"angle": 45, "axis": "y", "origin": [7, 5, -10.5]},
			"faces": {
				"north": {"uv": [9.125, 12.125, 9.25, 12.5], "texture": "#5"},
				"east": {"uv": [9.375, 12.125, 9.5, 12.5], "texture": "#5"},
				"south": {"uv": [9.625, 12.125, 9.75, 12.5], "texture": "#5"},
				"west": {"uv": [9.875, 12.125, 10, 12.5], "texture": "#5"},
				"up": {"uv": [12.625, 9.625, 12.5, 9.5], "texture": "#5"},
				"down": {"uv": [10.875, 12.5, 10.75, 12.625], "texture": "#5"}
			}
		},
		{
			"from": [3, 3.5, -9],
			"to": [13, 7.5, -1],
			"rotation": {"angle": 0, "axis": "y", "origin": [8, 5.5, -6]},
			"faces": {
				"north": {"uv": [4.375, 7.625, 5.625, 8.125], "texture": "#5"},
				"east": {"uv": [8, 3.25, 9, 3.75], "texture": "#5"},
				"south": {"uv": [7.625, 7.125, 8.875, 7.625], "texture": "#5"},
				"west": {"uv": [4.625, 8.25, 5.625, 8.75], "texture": "#5"},
				"up": {"uv": [7.75, 1, 6.5, 0], "texture": "#5"},
				"down": {"uv": [3.125, 6.5, 1.875, 7.5], "texture": "#5"}
			}
		},
		{
			"from": [-1.5, 1.5, -11.5],
			"to": [17.5, 3.5, -7.5],
			"rotation": {"angle": 0, "axis": "y", "origin": [8.5, 3, -9.5]},
			"faces": {
				"north": {"uv": [8, 2.5, 10.375, 2.75], "texture": "#5"},
				"east": {"uv": [11, 7.5, 11.5, 7.75], "texture": "#5"},
				"south": {"uv": [8, 2.875, 10.375, 3.125], "texture": "#5"},
				"west": {"uv": [11, 10, 11.5, 10.25], "texture": "#5"},
				"up": {"uv": [8.5, 4.5, 6.125, 4], "texture": "#5"},
				"down": {"uv": [8.875, 1.125, 6.5, 1.625], "texture": "#5"}
			}
		},
		{
			"from": [3, 0, -10.5],
			"to": [13, 2, -6.5],
			"rotation": {"angle": 0, "axis": "y", "origin": [9, 3, -9.5]},
			"faces": {
				"north": {"uv": [9.5, 4.625, 10.75, 4.875], "texture": "#5"},
				"east": {"uv": [11.125, 0.875, 11.625, 1.125], "texture": "#5"},
				"south": {"uv": [9.625, 7.625, 10.875, 7.875], "texture": "#5"},
				"west": {"uv": [11.125, 1.25, 11.625, 1.5], "texture": "#5"},
				"up": {"uv": [8.875, 8.25, 7.625, 7.75], "texture": "#5"},
				"down": {"uv": [9.125, 0, 7.875, 0.5], "texture": "#5"}
			}
		},
		{
			"from": [-0.5, -0.25, -12],
			"to": [4.5, 2.75, -8],
			"rotation": {"angle": 22.5, "axis": "x", "origin": [8, 1.25, -10]},
			"faces": {
				"north": {"uv": [3.75, 10.5, 4.375, 10.875], "texture": "#5"},
				"east": {"uv": [10.625, 2, 11.125, 2.375], "texture": "#5"},
				"south": {"uv": [10.5, 7, 11.125, 7.375], "texture": "#5"},
				"west": {"uv": [10.625, 5.5, 11.125, 5.875], "texture": "#5"},
				"up": {"uv": [4.5, 9.875, 3.875, 9.375], "texture": "#5"},
				"down": {"uv": [10.375, 9.125, 9.75, 9.625], "texture": "#5"}
			}
		},
		{
			"from": [11.5, -0.25, -12],
			"to": [16.5, 2.75, -8],
			"rotation": {"angle": 22.5, "axis": "x", "origin": [8, 1.25, -10]},
			"faces": {
				"north": {"uv": [10.5, 9.125, 11.125, 9.5], "texture": "#5"},
				"east": {"uv": [8.25, 10.625, 8.75, 11], "texture": "#5"},
				"south": {"uv": [10.125, 10.5, 10.75, 10.875], "texture": "#5"},
				"west": {"uv": [8.875, 10.625, 9.375, 11], "texture": "#5"},
				"up": {"uv": [10, 10.25, 9.375, 9.75], "texture": "#5"},
				"down": {"uv": [2.75, 9.875, 2.125, 10.375], "texture": "#5"}
			}
		},
		{
			"from": [14, 5.1, -11.25],
			"to": [16, 7.1, -9.25],
			"rotation": {"angle": -45, "axis": "z", "origin": [15, 6.1, -10.25]},
			"faces": {
				"north": {"uv": [3, 11.75, 3.25, 12], "texture": "#5"},
				"east": {"uv": [11.75, 3.625, 12, 3.875], "texture": "#5"},
				"south": {"uv": [11.75, 4, 12, 4.25], "texture": "#5"},
				"west": {"uv": [11.75, 6.5, 12, 6.75], "texture": "#5"},
				"up": {"uv": [8.375, 12, 8.125, 11.75], "texture": "#5"},
				"down": {"uv": [12, 8.25, 11.75, 8.5], "texture": "#5"}
			}
		},
		{
			"from": [13, 0, -10.5],
			"to": [17, 8, -6.5],
			"rotation": {"angle": 0, "axis": "y", "origin": [8, 4.5, -6]},
			"faces": {
				"north": {"uv": [7.625, 8.375, 8.125, 9.375], "texture": "#5"},
				"east": {"uv": [8.25, 8.375, 8.75, 9.375], "texture": "#5"},
				"south": {"uv": [5.75, 8.625, 6.25, 9.625], "texture": "#5"},
				"west": {"uv": [6.375, 8.625, 6.875, 9.625], "texture": "#5"},
				"up": {"uv": [2.25, 11, 1.75, 10.5], "texture": "#5"},
				"down": {"uv": [11, 2.5, 10.5, 3], "texture": "#5"}
			}
		},
		{
			"from": [13, 6.27269, -6.84358],
			"to": [17, 7.27269, -3.84358],
			"rotation": {"angle": 22.5, "axis": "x", "origin": [15, 6.77269, -4.84358]},
			"faces": {
				"north": {"uv": [11.625, 4.75, 12.125, 4.875], "texture": "#5"},
				"east": {"uv": [12.125, 0.75, 12.5, 0.875], "texture": "#5"},
				"south": {"uv": [11.625, 9.25, 12.125, 9.375], "texture": "#5"},
				"west": {"uv": [12.125, 5, 12.5, 5.125], "texture": "#5"},
				"up": {"uv": [10, 11, 9.5, 10.625], "texture": "#5"},
				"down": {"uv": [11.25, 3.875, 10.75, 4.25], "texture": "#5"}
			}
		},
		{
			"from": [-2, 1.5, 24.5],
			"to": [0, 3.5, 28.5],
			"rotation": {"angle": 0, "axis": "y", "origin": [8, 3, 26.5]},
			"faces": {
				"north": {"uv": [8.5, 11.75, 8.75, 12], "texture": "#5"},
				"east": {"uv": [1.75, 11.125, 2.25, 11.375], "texture": "#5"},
				"south": {"uv": [8.875, 11.75, 9.125, 12], "texture": "#5"},
				"west": {"uv": [11.125, 2.5, 11.625, 2.75], "texture": "#5"},
				"up": {"uv": [8.5, 11.625, 8.25, 11.125], "texture": "#5"},
				"down": {"uv": [8.875, 11.125, 8.625, 11.625], "texture": "#5"}
			}
		},
		{
			"from": [0, 1.5, 26.5],
			"to": [16, 3.5, 28.5],
			"rotation": {"angle": 0, "axis": "y", "origin": [8, 3, 26.5]},
			"faces": {
				"north": {"uv": [8.125, 6.625, 10.125, 6.875], "texture": "#5"},
				"east": {"uv": [9.25, 11.75, 9.5, 12], "texture": "#5"},
				"south": {"uv": [8.5, 5.625, 10.5, 5.875], "texture": "#5"},
				"west": {"uv": [9.625, 11.75, 9.875, 12], "texture": "#5"},
				"up": {"uv": [10.625, 4.125, 8.625, 3.875], "texture": "#5"},
				"down": {"uv": [10.625, 4.25, 8.625, 4.5], "texture": "#5"}
			}
		},
		{
			"from": [0, 0.5, 26.08579],
			"to": [16, 2.5, 28.08579],
			"rotation": {"angle": -45, "axis": "x", "origin": [8, 1.5, 27.08579]},
			"faces": {
				"north": {"uv": [8.875, 8.375, 10.875, 8.625], "texture": "#5"},
				"east": {"uv": [11.75, 10.375, 12, 10.625], "texture": "#5"},
				"south": {"uv": [8.875, 8.75, 10.875, 9], "texture": "#5"},
				"west": {"uv": [11.75, 11, 12, 11.25], "texture": "#5"},
				"up": {"uv": [11, 1.25, 9, 1], "texture": "#5"},
				"down": {"uv": [11, 1.375, 9, 1.625], "texture": "#5"}
			}
		},
		{
			"from": [-1, 0, 23.5],
			"to": [1, 7, 27.5],
			"rotation": {"angle": 0, "axis": "y", "origin": [8, 3.5, 25.5]},
			"faces": {
				"north": {"uv": [2.375, 10.5, 2.625, 11.375], "texture": "#5"},
				"east": {"uv": [7, 8.625, 7.5, 9.5], "texture": "#5"},
				"south": {"uv": [4.5, 10.625, 4.75, 11.5], "texture": "#5"},
				"west": {"uv": [0, 8.875, 0.5, 9.75], "texture": "#5"},
				"up": {"uv": [9.25, 11.625, 9, 11.125], "texture": "#5"},
				"down": {"uv": [9.625, 11.125, 9.375, 11.625], "texture": "#5"}
			}
		},
		{
			"from": [-0.38043, 4.75, 26.85],
			"to": [0.61957, 6.75, 27.85],
			"rotation": {"angle": 0, "axis": "y", "origin": [8, 4.79617, 4.55404]},
			"faces": {
				"north": {"uv": [2, 12.375, 2.125, 12.625], "texture": "#5"},
				"east": {"uv": [2.25, 12.375, 2.375, 12.625], "texture": "#5"},
				"south": {"uv": [2.5, 12.375, 2.625, 12.625], "texture": "#5"},
				"west": {"uv": [2.75, 12.375, 2.875, 12.625], "texture": "#5"},
				"up": {"uv": [11.5, 12.625, 11.375, 12.5], "texture": "#5"},
				"down": {"uv": [12.625, 12, 12.5, 12.125], "texture": "#5"}
			}
		},
		{
			"from": [15.38043, 4.75, 26.85],
			"to": [16.38043, 6.75, 27.85],
			"rotation": {"angle": 0, "axis": "y", "origin": [8, 4.79617, 4.55404]},
			"faces": {
				"north": {"uv": [12.375, 3.125, 12.5, 3.375], "texture": "#5"},
				"east": {"uv": [3.5, 12.375, 3.625, 12.625], "texture": "#5"},
				"south": {"uv": [12.375, 3.5, 12.5, 3.75], "texture": "#5"},
				"west": {"uv": [12.375, 3.875, 12.5, 4.125], "texture": "#5"},
				"up": {"uv": [12.375, 12.625, 12.25, 12.5], "texture": "#5"},
				"down": {"uv": [12.625, 12.25, 12.5, 12.375], "texture": "#5"}
			}
		},
		{
			"from": [16, 1.5, 24.5],
			"to": [18, 3.5, 28.5],
			"rotation": {"angle": 0, "axis": "y", "origin": [8, 3, 26.5]},
			"faces": {
				"north": {"uv": [11.75, 11.375, 12, 11.625], "texture": "#5"},
				"east": {"uv": [11.125, 6.5, 11.625, 6.75], "texture": "#5"},
				"south": {"uv": [11.75, 11.75, 12, 12], "texture": "#5"},
				"west": {"uv": [11.125, 10.375, 11.625, 10.625], "texture": "#5"},
				"up": {"uv": [10, 11.625, 9.75, 11.125], "texture": "#5"},
				"down": {"uv": [11.375, 10.75, 11.125, 11.25], "texture": "#5"}
			}
		},
		{
			"from": [-1, 0, -0.5],
			"to": [1, 7, 17.5],
			"rotation": {"angle": 0, "axis": "y", "origin": [8, 3.5, 11.33333]},
			"faces": {
				"north": {"uv": [4.875, 10.625, 5.125, 11.5], "texture": "#5"},
				"east": {"uv": [3.75, 2.75, 6, 3.625], "texture": "#5"},
				"south": {"uv": [5.25, 10.625, 5.5, 11.5], "texture": "#5"},
				"west": {"uv": [3.75, 3.75, 6, 4.625], "texture": "#5"},
				"up": {"uv": [0.875, 10.375, 0.625, 8.125], "texture": "#5"},
				"down": {"uv": [1.25, 8.125, 1, 10.375], "texture": "#5"}
			}
		},
		{
			"from": [15, 0, -0.5],
			"to": [17, 7, 17.5],
			"shade": false,
			"rotation": {"angle": 0, "axis": "y", "origin": [8, 3.5, 11.33333]},
			"faces": {
				"north": {"uv": [5.625, 10.625, 5.875, 11.5], "texture": "#5"},
				"east": {"uv": [4.125, 0, 6.375, 0.875], "texture": "#5"},
				"south": {"uv": [6, 10.625, 6.25, 11.5], "texture": "#5"},
				"west": {"uv": [4.125, 1, 6.375, 1.875], "texture": "#5"},
				"up": {"uv": [1.625, 10.375, 1.375, 8.125], "texture": "#5"},
				"down": {"uv": [2, 8.125, 1.75, 10.375], "texture": "#5"}
			}
		},
		{
			"from": [15, 4, 17.5],
			"to": [17, 7, 23.5],
			"rotation": {"angle": 0, "axis": "y", "origin": [8, 5.5, 20.5]},
			"faces": {
				"north": {"uv": [11.375, 3.875, 11.625, 4.25], "texture": "#5"},
				"east": {"uv": [7, 10.125, 7.75, 10.5], "texture": "#5"},
				"south": {"uv": [11.125, 11.375, 11.375, 11.75], "texture": "#5"},
				"west": {"uv": [10.125, 10, 10.875, 10.375], "texture": "#5"},
				"up": {"uv": [0.875, 11.625, 0.625, 10.875], "texture": "#5"},
				"down": {"uv": [1.25, 10.875, 1, 11.625], "texture": "#5"}
			}
		},
		{
			"from": [15, 0, 23.5],
			"to": [17, 7, 27.5],
			"rotation": {"angle": 0, "axis": "y", "origin": [8, 3.5, 25.5]},
			"faces": {
				"north": {"uv": [6.375, 10.625, 6.625, 11.5], "texture": "#5"},
				"east": {"uv": [4.625, 8.875, 5.125, 9.75], "texture": "#5"},
				"south": {"uv": [6.75, 10.625, 7, 11.5], "texture": "#5"},
				"west": {"uv": [9, 7, 9.5, 7.875], "texture": "#5"},
				"up": {"uv": [11.5, 4.875, 11.25, 4.375], "texture": "#5"},
				"down": {"uv": [11.5, 6.875, 11.25, 7.375], "texture": "#5"}
			}
		},
		{
			"from": [1, 0, -0.5],
			"to": [15, 1, 10.5],
			"rotation": {"angle": 0, "axis": "y", "origin": [8, 3.5, 11.33333]},
			"faces": {
				"south": {"uv": [10.625, 1.75, 12.375, 1.875], "texture": "#5"},
				"up": {"uv": [3.625, 4.125, 1.875, 2.75], "texture": "#5"},
				"down": {"uv": [1.75, 3.75, 0, 5.125], "texture": "#5"}
			}
		},
		{
			"from": [1, 0.03702, -0.31389],
			"to": [15, 7.03702, 0.68611],
			"rotation": {"angle": -22.5, "axis": "x", "origin": [8, 4.03702, 0.18611]},
			"faces": {
				"south": {"uv": [4.75, 5.625, 6.5, 6.5], "texture": "#5"}
			}
		},
		{
			"from": [-2, 1.75195, 17.34776],
			"to": [0, 3.75195, 18.34776],
			"rotation": {"angle": 22.5, "axis": "x", "origin": [-1.5, 3.75195, 19.84776]},
			"faces": {
				"north": {"uv": [11.875, 6.875, 12.125, 7.125], "texture": "#5"},
				"east": {"uv": [12.375, 4.25, 12.5, 4.5], "texture": "#5"},
				"south": {"uv": [11.875, 7.25, 12.125, 7.5], "texture": "#5"},
				"west": {"uv": [12.375, 5.5, 12.5, 5.75], "texture": "#5"},
				"up": {"uv": [6.25, 12.5, 6, 12.375], "texture": "#5"},
				"down": {"uv": [6.625, 12.375, 6.375, 12.5], "texture": "#5"}
			}
		},
		{
			"from": [-1.995, 3.71366, 17.54306],
			"to": [-0.005, 4.70366, 23.53306],
			"rotation": {"angle": 0, "axis": "y", "origin": [-1.5, 5.20866, 21.53806]},
			"faces": {
				"north": {"uv": [7, 12.375, 7.25, 12.5], "texture": "#5"},
				"east": {"uv": [11.125, 2.875, 11.875, 3], "texture": "#5"},
				"south": {"uv": [7.375, 12.375, 7.625, 12.5], "texture": "#5"},
				"west": {"uv": [11.25, 5, 12, 5.125], "texture": "#5"},
				"up": {"uv": [1.625, 11.625, 1.375, 10.875], "texture": "#5"},
				"down": {"uv": [3, 10.875, 2.75, 11.625], "texture": "#5"}
			}
		},
		{
			"from": [-2, 2.9, 22.5],
			"to": [0, 4.9, 23.5],
			"rotation": {"angle": -22.5, "axis": "x", "origin": [-1.5, 4.9, 24]},
			"faces": {
				"north": {"uv": [11.125, 11.875, 11.375, 12.125], "texture": "#5"},
				"east": {"uv": [12.375, 7.5, 12.5, 7.75], "texture": "#5"},
				"south": {"uv": [12, 1.125, 12.25, 1.375], "texture": "#5"},
				"west": {"uv": [7.75, 12.375, 7.875, 12.625], "texture": "#5"},
				"up": {"uv": [12.625, 8, 12.375, 7.875], "texture": "#5"},
				"down": {"uv": [12.625, 8.125, 12.375, 8.25], "texture": "#5"}
			}
		},
		{
			"from": [1, 0, 17.5],
			"to": [2, 4, 23.5],
			"rotation": {"angle": 0, "axis": "y", "origin": [8, 2, 32.5]},
			"faces": {
				"north": {"uv": [11.5, 11.875, 11.625, 12.375], "texture": "#5"},
				"east": {"uv": [2.125, 9.25, 2.875, 9.75], "texture": "#5"},
				"south": {"uv": [12, 2.25, 12.125, 2.75], "texture": "#5"},
				"west": {"uv": [3, 9.25, 3.75, 9.75], "texture": "#5"},
				"up": {"uv": [1.875, 12.25, 1.75, 11.5], "texture": "#5"},
				"down": {"uv": [2.125, 11.5, 2, 12.25], "texture": "#5"}
			}
		},
		{
			"from": [16, 1.75195, 17.34776],
			"to": [18, 3.75195, 18.34776],
			"rotation": {"angle": 22.5, "axis": "x", "origin": [17.5, 3.75195, 19.84776]},
			"faces": {
				"north": {"uv": [6, 12, 6.25, 12.25], "texture": "#5"},
				"east": {"uv": [12.375, 8.375, 12.5, 8.625], "texture": "#5"},
				"south": {"uv": [6.375, 12, 6.625, 12.25], "texture": "#5"},
				"west": {"uv": [10.125, 12.375, 10.25, 12.625], "texture": "#5"},
				"up": {"uv": [12.625, 8.875, 12.375, 8.75], "texture": "#5"},
				"down": {"uv": [12.625, 10.25, 12.375, 10.375], "texture": "#5"}
			}
		},
		{
			"from": [16, 3.70866, 17.53806],
			"to": [18, 4.70866, 23.53806],
			"rotation": {"angle": 0, "axis": "y", "origin": [17.5, 5.20866, 21.53806]},
			"faces": {
				"north": {"uv": [10.375, 12.375, 10.625, 12.5], "texture": "#5"},
				"east": {"uv": [11.25, 9.5, 12, 9.625], "texture": "#5"},
				"south": {"uv": [12.375, 10.5, 12.625, 10.625], "texture": "#5"},
				"west": {"uv": [11.5, 10.75, 12.25, 10.875], "texture": "#5"},
				"up": {"uv": [3.375, 11.625, 3.125, 10.875], "texture": "#5"},
				"down": {"uv": [11.125, 4.375, 10.875, 5.125], "texture": "#5"}
			}
		},
		{
			"from": [16, 2.9, 22.5],
			"to": [18, 4.9, 23.5],
			"rotation": {"angle": -22.5, "axis": "x", "origin": [17.5, 4.9, 24]},
			"faces": {
				"north": {"uv": [12, 7.625, 12.25, 7.875], "texture": "#5"},
				"east": {"uv": [12.375, 10.75, 12.5, 11], "texture": "#5"},
				"south": {"uv": [12, 8.625, 12.25, 8.875], "texture": "#5"},
				"west": {"uv": [12.375, 11.125, 12.5, 11.375], "texture": "#5"},
				"up": {"uv": [12.625, 11.625, 12.375, 11.5], "texture": "#5"},
				"down": {"uv": [12.625, 11.75, 12.375, 11.875], "texture": "#5"}
			}
		},
		{
			"from": [14, 0, 17.5],
			"to": [15, 4, 23.5],
			"rotation": {"angle": 0, "axis": "y", "origin": [8, 2, 32.5]},
			"faces": {
				"north": {"uv": [4.25, 12, 4.375, 12.5], "texture": "#5"},
				"east": {"uv": [9.25, 6, 10, 6.5], "texture": "#5"},
				"south": {"uv": [6.75, 12, 6.875, 12.5], "texture": "#5"},
				"west": {"uv": [7.625, 9.5, 8.375, 10], "texture": "#5"},
				"up": {"uv": [2.375, 12.25, 2.25, 11.5], "texture": "#5"},
				"down": {"uv": [2.625, 11.5, 2.5, 12.25], "texture": "#5"}
			}
		},
		{
			"from": [-0.5, 6.52336, -0.36334],
			"to": [0.5, 12.52336, 0.63666],
			"rotation": {"angle": 22.5, "axis": "x", "origin": [8, 9.52336, 0.13666]},
			"faces": {
				"north": {"uv": [7.875, 11.5, 8, 12.25], "texture": "#5"},
				"east": {"uv": [11.5, 11, 11.625, 11.75], "texture": "#5"},
				"south": {"uv": [4.5, 11.625, 4.625, 12.375], "texture": "#5"},
				"west": {"uv": [4.75, 11.625, 4.875, 12.375], "texture": "#5"},
				"up": {"uv": [12.625, 12.625, 12.5, 12.5], "texture": "#5"},
				"down": {"uv": [12.75, 0.75, 12.625, 0.875], "texture": "#5"}
			}
		},
		{
			"from": [15.5, 6.52336, -0.36334],
			"to": [16.5, 12.52336, 0.63666],
			"rotation": {"angle": 22.5, "axis": "x", "origin": [8, 9.52336, 0.13666]},
			"faces": {
				"north": {"uv": [5, 11.625, 5.125, 12.375], "texture": "#5"},
				"east": {"uv": [5.25, 11.625, 5.375, 12.375], "texture": "#5"},
				"south": {"uv": [5.5, 11.625, 5.625, 12.375], "texture": "#5"},
				"west": {"uv": [5.75, 11.625, 5.875, 12.375], "texture": "#5"},
				"up": {"uv": [12.75, 1.125, 12.625, 1], "texture": "#5"},
				"down": {"uv": [12.75, 1.25, 12.625, 1.375], "texture": "#5"}
			}
		},
		{
			"from": [-0.495, 11.49134, 0.82777],
			"to": [16.495, 12.48134, 10.81777],
			"rotation": {"angle": 0, "axis": "y", "origin": [8, 11.98634, 9.32277]},
			"faces": {
				"north": {"uv": [4.625, 10.375, 6.75, 10.5], "texture": "#5"},
				"east": {"uv": [6.5, 1.75, 7.75, 1.875], "texture": "#5"},
				"south": {"uv": [7.875, 10.375, 10, 10.5], "texture": "#5"},
				"west": {"uv": [10.875, 5.25, 12.125, 5.375], "texture": "#5"},
				"up": {"uv": [4, 1.25, 1.875, 0], "texture": "#5"},
				"down": {"uv": [4, 1.375, 1.875, 2.625], "texture": "#5"}
			}
		},
		{
			"from": [-0.5, 0.48634, 9.82277],
			"to": [3.5, 11.48634, 10.82277],
			"rotation": {"angle": 0, "axis": "y", "origin": [8, 11.98634, 9.32277]},
			"faces": {
				"north": {"uv": [5.75, 7.125, 6.25, 8.5], "texture": "#5"},
				"east": {"uv": [3.5, 10.875, 3.625, 12.25], "texture": "#5"},
				"south": {"uv": [6.375, 7.125, 6.875, 8.5], "texture": "#5"},
				"west": {"uv": [10.875, 10.5, 11, 11.875], "texture": "#5"},
				"up": {"uv": [12.5, 1.625, 12, 1.5], "texture": "#5"},
				"down": {"uv": [12.5, 2.875, 12, 3], "texture": "#5"}
			}
		},
		{
			"from": [3.5, 0.48634, 9.82277],
			"to": [12.5, 7.48634, 10.82277],
			"rotation": {"angle": 0, "axis": "y", "origin": [8, 11.98634, 9.32277]},
			"faces": {
				"north": {"uv": [3.25, 6.5, 4.375, 7.375], "texture": "#5"},
				"east": {"uv": [4.25, 11, 4.375, 11.875], "texture": "#5"},
				"south": {"uv": [4.5, 6.625, 5.625, 7.5], "texture": "#5"},
				"west": {"uv": [0.375, 11.125, 0.5, 12], "texture": "#5"},
				"up": {"uv": [1.75, 7.5, 0.625, 7.375], "texture": "#5"},
				"down": {"uv": [12, 8, 10.875, 8.125], "texture": "#5"}
			}
		},
		{
			"from": [-0.5, 6.48634, 5.82277],
			"to": [0.5, 11.48634, 6.82277],
			"rotation": {"angle": 0, "axis": "y", "origin": [0, 8.98634, 6.32277]},
			"faces": {
				"north": {"uv": [11.625, 6.875, 11.75, 7.5], "texture": "#5"},
				"east": {"uv": [7, 11.625, 7.125, 12.25], "texture": "#5"},
				"south": {"uv": [7.25, 11.625, 7.375, 12.25], "texture": "#5"},
				"west": {"uv": [7.5, 11.625, 7.625, 12.25], "texture": "#5"},
				"up": {"uv": [12.75, 1.625, 12.625, 1.5], "texture": "#5"},
				"down": {"uv": [12.75, 2.875, 12.625, 3], "texture": "#5"}
			}
		},
		{
			"from": [12.5, 0.48634, 9.82277],
			"to": [16.5, 11.48634, 10.82277],
			"rotation": {"angle": 0, "axis": "y", "origin": [8, 11.98634, 9.32277]},
			"faces": {
				"north": {"uv": [7, 7.125, 7.5, 8.5], "texture": "#5"},
				"east": {"uv": [3.75, 11, 3.875, 12.375], "texture": "#5"},
				"south": {"uv": [0, 7.375, 0.5, 8.75], "texture": "#5"},
				"west": {"uv": [4, 11, 4.125, 12.375], "texture": "#5"},
				"up": {"uv": [12.5, 9.125, 12, 9], "texture": "#5"},
				"down": {"uv": [12.5, 10, 12, 10.125], "texture": "#5"}
			}
		},
		{
			"from": [15.5, 6.48634, 5.82277],
			"to": [16.5, 11.48634, 6.82277],
			"rotation": {"angle": 0, "axis": "y", "origin": [16, 8.98634, 6.32277]},
			"faces": {
				"north": {"uv": [10.125, 11.625, 10.25, 12.25], "texture": "#5"},
				"east": {"uv": [10.375, 11.625, 10.5, 12.25], "texture": "#5"},
				"south": {"uv": [10.625, 11.625, 10.75, 12.25], "texture": "#5"},
				"west": {"uv": [0, 11.75, 0.125, 12.375], "texture": "#5"},
				"up": {"uv": [3.125, 12.75, 3, 12.625], "texture": "#5"},
				"down": {"uv": [12.75, 3.125, 12.625, 3.25], "texture": "#5"}
			}
		},
		{
			"from": [1, 0, 10.625],
			"to": [15, 3, 24.625],
			"rotation": {"angle": 0, "axis": "y", "origin": [8, 5.5, 20.5]},
			"faces": {
				"north": {"uv": [1.875, 4.25, 3.625, 4.625], "texture": "#5"},
				"east": {"uv": [7.125, 5.125, 8.875, 5.5], "texture": "#5"},
				"south": {"uv": [0.625, 7.625, 2.375, 8], "texture": "#5"},
				"west": {"uv": [2.5, 7.625, 4.25, 8], "texture": "#5"},
				"up": {"uv": [1.75, 1.75, 0, 0], "texture": "#5"},
				"down": {"uv": [1.75, 1.875, 0, 3.625], "texture": "#5"}
			}
		},
		{
			"from": [1, 2.88374, 25.91551],
			"to": [15, 6.88374, 27.91551],
			"rotation": {"angle": -22.5, "axis": "x", "origin": [14, 3.38374, 26.91551]},
			"faces": {
				"north": {"uv": [4.125, 2, 5.875, 2.5], "texture": "#5"},
				"east": {"uv": [11.25, 8.875, 11.5, 9.375], "texture": "#5"},
				"south": {"uv": [6.625, 5.625, 8.375, 6.125], "texture": "#5"},
				"west": {"uv": [11.375, 8.25, 11.625, 8.75], "texture": "#5"},
				"up": {"uv": [1.75, 5.5, 0, 5.25], "texture": "#5"},
				"down": {"uv": [10.75, 5.125, 9, 5.375], "texture": "#5"}
			}
		},
		{
			"from": [3, 4, 26.5],
			"to": [4, 7, 27.5],
			"rotation": {"angle": 0, "axis": "x", "origin": [8, 5.5, 26.75]},
			"faces": {
				"north": {"uv": [12.125, 10.25, 12.25, 10.625], "texture": "#5"},
				"east": {"uv": [12.125, 11, 12.25, 11.375], "texture": "#5"},
				"south": {"uv": [12.125, 11.5, 12.25, 11.875], "texture": "#5"},
				"west": {"uv": [11.75, 12.125, 11.875, 12.5], "texture": "#5"},
				"up": {"uv": [3.375, 12.75, 3.25, 12.625], "texture": "#5"},
				"down": {"uv": [12.75, 3.375, 12.625, 3.5], "texture": "#5"}
			}
		},
		{
			"from": [6, 4, 26.5],
			"to": [7, 7, 27.5],
			"rotation": {"angle": 0, "axis": "x", "origin": [8, 5.5, 26.75]},
			"faces": {
				"north": {"uv": [12, 12.125, 12.125, 12.5], "texture": "#5"},
				"east": {"uv": [12.25, 2.25, 12.375, 2.625], "texture": "#5"},
				"south": {"uv": [12.25, 6.5, 12.375, 6.875], "texture": "#5"},
				"west": {"uv": [12.25, 7, 12.375, 7.375], "texture": "#5"},
				"up": {"uv": [12.75, 3.75, 12.625, 3.625], "texture": "#5"},
				"down": {"uv": [12.75, 3.875, 12.625, 4], "texture": "#5"}
			}
		},
		{
			"from": [9, 4, 26.5],
			"to": [10, 7, 27.5],
			"rotation": {"angle": 0, "axis": "x", "origin": [8, 5.5, 26.75]},
			"faces": {
				"north": {"uv": [12.25, 9.25, 12.375, 9.625], "texture": "#5"},
				"east": {"uv": [11.125, 12.25, 11.25, 12.625], "texture": "#5"},
				"south": {"uv": [12.25, 12, 12.375, 12.375], "texture": "#5"},
				"west": {"uv": [0.25, 12.375, 0.375, 12.75], "texture": "#5"},
				"up": {"uv": [4.25, 12.75, 4.125, 12.625], "texture": "#5"},
				"down": {"uv": [12.75, 4.125, 12.625, 4.25], "texture": "#5"}
			}
		},
		{
			"from": [12, 4, 26.5],
			"to": [13, 7, 27.5],
			"rotation": {"angle": 0, "axis": "x", "origin": [8, 5.5, 26.75]},
			"faces": {
				"north": {"uv": [0.5, 12.375, 0.625, 12.75], "texture": "#5"},
				"east": {"uv": [0.75, 12.375, 0.875, 12.75], "texture": "#5"},
				"south": {"uv": [1, 12.375, 1.125, 12.75], "texture": "#5"},
				"west": {"uv": [12.375, 1, 12.5, 1.375], "texture": "#5"},
				"up": {"uv": [12.75, 4.5, 12.625, 4.375], "texture": "#5"},
				"down": {"uv": [12.75, 4.875, 12.625, 5], "texture": "#5"}
			}
		},
		{
			"from": [1, 0, 24.5],
			"to": [15, 7, 26.5],
			"rotation": {"angle": 0, "axis": "x", "origin": [8, 6, 26]},
			"faces": {
				"north": {"uv": [6.125, 2, 7.875, 2.875], "texture": "#5"},
				"east": {"uv": [7.125, 10.625, 7.375, 11.5], "texture": "#5"},
				"south": {"uv": [6.125, 3, 7.875, 3.875], "texture": "#5"},
				"west": {"uv": [7.5, 10.625, 7.75, 11.5], "texture": "#5"},
				"up": {"uv": [10.75, 8.25, 9, 8], "texture": "#5"},
				"down": {"uv": [10.875, 3.25, 9.125, 3.5], "texture": "#5"}
			}
		},
		{
			"from": [-2, 1.75195, -6.65224],
			"to": [18, 3.75195, -5.65224],
			"rotation": {"angle": 22.5, "axis": "x", "origin": [-1.5, 3.75195, -4.15224]},
			"faces": {
				"north": {"uv": [6.625, 6.25, 9.125, 6.5], "texture": "#5"},
				"east": {"uv": [0, 12.5, 0.125, 12.75], "texture": "#5"},
				"south": {"uv": [7.875, 0.625, 10.375, 0.875], "texture": "#5"},
				"west": {"uv": [12.5, 1.75, 12.625, 2], "texture": "#5"},
				"up": {"uv": [11.625, 3.75, 9.125, 3.625], "texture": "#5"},
				"down": {"uv": [12.625, 0, 10.125, 0.125], "texture": "#5"}
			}
		},
		{
			"from": [-1.995, 3.71366, -6.45694],
			"to": [17.995, 4.70366, -0.46694],
			"rotation": {"angle": 0, "axis": "y", "origin": [-1.5, 5.20866, -2.46194]},
			"faces": {
				"north": {"uv": [10.125, 0.25, 12.625, 0.375], "texture": "#5"},
				"east": {"uv": [11.625, 0.5, 12.375, 0.625], "texture": "#5"},
				"south": {"uv": [10.125, 6, 12.625, 6.125], "texture": "#5"},
				"west": {"uv": [11.625, 2, 12.375, 2.125], "texture": "#5"},
				"up": {"uv": [4.375, 5.5, 1.875, 4.75], "texture": "#5"},
				"down": {"uv": [7, 4.75, 4.5, 5.5], "texture": "#5"}
			}
		},
		{
			"from": [-2, 2.9, -1.5],
			"to": [18, 4.9, -0.5],
			"rotation": {"angle": -22.5, "axis": "x", "origin": [-1.5, 4.9, 0]},
			"faces": {
				"north": {"uv": [8, 1.75, 10.5, 2], "texture": "#5"},
				"east": {"uv": [12.5, 2.125, 12.625, 2.375], "texture": "#5"},
				"south": {"uv": [8, 2.125, 10.5, 2.375], "texture": "#5"},
				"west": {"uv": [12.5, 2.5, 12.625, 2.75], "texture": "#5"},
				"up": {"uv": [12.625, 6.375, 10.125, 6.25], "texture": "#5"},
				"down": {"uv": [12.625, 9.75, 10.125, 9.875], "texture": "#5"}
			}
		},
		{
			"from": [-1, 4, -6.5],
			"to": [17, 7, -0.5],
			"rotation": {"angle": 0, "axis": "y", "origin": [8, 4.5, -6]},
			"faces": {
				"north": {"uv": [5.75, 6.625, 8, 7], "texture": "#5"},
				"east": {"uv": [10.25, 6.5, 11, 6.875], "texture": "#5"},
				"south": {"uv": [7.125, 4.625, 9.375, 5], "texture": "#5"},
				"west": {"uv": [2.875, 10.375, 3.625, 10.75], "texture": "#5"},
				"up": {"uv": [2.25, 6.375, 0, 5.625], "texture": "#5"},
				"down": {"uv": [4.625, 5.625, 2.375, 6.375], "texture": "#5"}
			}
		},
		{
			"from": [-4.3, 7.5, -0.4],
			"to": [-1.3, 9.5, -0.4],
			"rotation": {"angle": 22.5, "axis": "y", "origin": [-2.8, 8.5, -0.75]},
			"faces": {
				"north": {"uv": [11.625, 4.375, 12, 4.625], "texture": "#5"},
				"south": {"uv": [11.625, 5.5, 12, 5.75], "texture": "#5"}
			}
		},
		{
			"from": [-5.475, 7.975, -1.25],
			"to": [-3.475, 8.975, -0.25],
			"rotation": {"angle": -45, "axis": "z", "origin": [-3.9, 3.85, 0.5]},
			"faces": {
				"north": {"uv": [12.5, 0.5, 12.75, 0.625], "texture": "#5"},
				"east": {"uv": [12.625, 5.125, 12.75, 5.25], "texture": "#5"},
				"south": {"uv": [3.75, 12.5, 4, 12.625], "texture": "#5"},
				"west": {"uv": [12.625, 5.375, 12.75, 5.5], "texture": "#5"},
				"up": {"uv": [4.75, 12.625, 4.5, 12.5], "texture": "#5"},
				"down": {"uv": [12.75, 4.625, 12.5, 4.75], "texture": "#5"}
			}
		},
		{
			"from": [19.475, 7.975, -1.25],
			"to": [21.475, 8.975, -0.25],
			"rotation": {"angle": 45, "axis": "z", "origin": [19.9, 3.85, 0.5]},
			"faces": {
				"north": {"uv": [4.875, 12.5, 5.125, 12.625], "texture": "#5"},
				"east": {"uv": [12.625, 5.625, 12.75, 5.75], "texture": "#5"},
				"south": {"uv": [5.25, 12.5, 5.5, 12.625], "texture": "#5"},
				"west": {"uv": [6, 12.625, 6.125, 12.75], "texture": "#5"},
				"up": {"uv": [5.875, 12.625, 5.625, 12.5], "texture": "#5"},
				"down": {"uv": [12.75, 6.5, 12.5, 6.625], "texture": "#5"}
			}
		},
		{
			"from": [17.3, 7.5, -0.4],
			"to": [20.3, 9.5, -0.4],
			"rotation": {"angle": -22.5, "axis": "y", "origin": [18.8, 8.5, -0.75]},
			"faces": {
				"north": {"uv": [6, 11.625, 6.375, 11.875], "texture": "#5"},
				"south": {"uv": [6.5, 11.625, 6.875, 11.875], "texture": "#5"}
			}
		},
		{
			"from": [-1, 0, -6.5],
			"to": [17, 4, -0.5],
			"faces": {
				"east": {"uv": [9.625, 7, 10.375, 7.5], "texture": "#5"},
				"west": {"uv": [5.25, 9.75, 6, 10.25], "texture": "#5"}
			}
		},
		{
			"from": [-1, 0, 17.5],
			"to": [17, 4, 23.5],
			"faces": {
				"east": {"uv": [6.125, 9.75, 6.875, 10.25], "texture": "#5"},
				"west": {"uv": [8.5, 9.75, 9.25, 10.25], "texture": "#5"}
			}
		},
		{
			"from": [0.5, 6.96134, -0.17723],
			"to": [15.5, 12.96134, 0.32277],
			"rotation": {"angle": 22.5, "axis": "x", "origin": [8.5, 9.46134, -1.17723]},
			"faces": {
				"north": {"uv": [7.5, 14.625, 9.375, 15.375], "texture": "#5"},
				"south": {"uv": [9.375, 14.625, 7.5, 15.375], "texture": "#5"}
			}
		},
		{
			"from": [3.5, 6.96134, 10.02723],
			"to": [12.5, 11.96134, 10.52723],
			"rotation": {"angle": 0, "axis": "x", "origin": [8.5, 9.46134, 11.52723]},
			"faces": {
				"north": {"uv": [4.6875, 14, 3.5625, 14.625], "texture": "#5"},
				"south": {"uv": [3.5625, 14, 4.6875, 14.625], "texture": "#5"}
			}
		},
		{
			"from": [-0.25, 6.96134, -0.67723],
			"to": [0.25, 11.96134, 10.32277],
			"rotation": {"angle": 0, "axis": "y", "origin": [0, -0.51366, 0.57277]},
			"faces": {
				"east": {"uv": [1.375, 13.6875, 0, 14.3125], "texture": "#5"},
				"west": {"uv": [0, 13.6875, 1.375, 14.3125], "texture": "#5"}
			}
		},
		{
			"from": [15.75, 6.96134, -0.67723],
			"to": [16.25, 11.96134, 10.32277],
			"rotation": {"angle": 0, "axis": "y", "origin": [16, -0.51366, 0.57277]},
			"faces": {
				"east": {"uv": [1.375, 13.6875, 0, 14.3125], "texture": "#5"},
				"west": {"uv": [0, 13.6875, 1.375, 14.3125], "texture": "#5"}
			}
		},
		{
			"from": [9, 0.87026, 7.41151],
			"to": [14.5, 7.87026, 9.41151],
			"rotation": {"angle": 22.5, "axis": "x", "origin": [11.75, 4.37026, 8.41151]},
			"faces": {
				"north": {"uv": [3.5, 3, 4.875, 4.75], "texture": "#1"},
				"east": {"uv": [3.5, 7, 4, 8.75], "texture": "#1"},
				"south": {"uv": [0, 4, 1.375, 5.75], "texture": "#1"},
				"west": {"uv": [7, 4, 7.5, 5.75], "texture": "#1"},
				"up": {"uv": [7.625, 8, 6.25, 7.5], "texture": "#1"},
				"down": {"uv": [0, 0, 0, 0], "texture": "#1"}
			}
		},
		{
			"from": [9.004, 0.754, 3],
			"to": [14.5, 2.75, 7.996],
			"rotation": {"angle": 0, "axis": "y", "origin": [11.752, 3.002, 5.498]},
			"faces": {
				"north": {"uv": [7.75, 4, 9.125, 4.5], "texture": "#1"},
				"east": {"uv": [6.25, 8.25, 7.5, 8.75], "texture": "#1"},
				"south": {"uv": [0, 0, 0, 0], "texture": "#1"},
				"west": {"uv": [7.75, 8.25, 9, 8.75], "texture": "#1"},
				"up": {"uv": [6.625, 4.25, 5.25, 3], "texture": "#1"},
				"down": {"uv": [6.625, 4.5, 5.25, 5.75], "texture": "#1"}
			}
		},
		{
			"from": [1.5, 0.754, 3],
			"to": [6.996, 2.75, 7.996],
			"rotation": {"angle": 0, "axis": "y", "origin": [4.248, 3.002, 5.498]},
			"faces": {
				"north": {"uv": [7.75, 4.75, 9.125, 5.25], "texture": "#1"},
				"east": {"uv": [8.5, 1.5, 9.75, 2], "texture": "#1"},
				"south": {"uv": [0, 0, 0, 0], "texture": "#1"},
				"west": {"uv": [8.5, 2.25, 9.75, 2.75], "texture": "#1"},
				"up": {"uv": [1.375, 7.25, 0, 6], "texture": "#1"},
				"down": {"uv": [3.125, 6, 1.75, 7.25], "texture": "#1"}
			}
		},
		{
			"from": [1.496, 0.87026, 7.41151],
			"to": [6.996, 7.87026, 9.41151],
			"rotation": {"angle": 22.5, "axis": "x", "origin": [4.246, 4.37026, 8.41151]},
			"faces": {
				"north": {"uv": [1.75, 4, 3.125, 5.75], "texture": "#1"},
				"east": {"uv": [4.25, 7, 4.75, 8.75], "texture": "#1"},
				"south": {"uv": [3.5, 5, 4.875, 6.75], "texture": "#1"},
				"west": {"uv": [0, 7.5, 0.5, 9.25], "texture": "#1"},
				"up": {"uv": [9.375, 8, 8, 7.5], "texture": "#1"},
				"down": {"uv": [0, 0, 0, 0], "texture": "#1"}
			}
		},
		{
			"from": [2, 3.625, -0.5],
			"to": [7, 7.625, 1],
			"rotation": {"angle": 0, "axis": "y", "origin": [0, 1, -1]},
			"faces": {
				"north": {"uv": [7, 1.5, 8.25, 2.5], "texture": "#1"},
				"east": {"uv": [5, 8.75, 5.375, 9.75], "texture": "#1"},
				"south": {"uv": [7, 2.75, 8.25, 3.75], "texture": "#1"},
				"west": {"uv": [3.75, 9, 4.125, 10], "texture": "#1"},
				"up": {"uv": [10, 6.625, 8.75, 6.25], "texture": "#1"},
				"down": {"uv": [3.5, 9, 2.25, 9.375], "texture": "#1"}
			}
		},
		{
			"from": [4.25, 6.375, 0.275],
			"to": [4.75, 6.875, 1.775],
			"rotation": {"angle": -22.5, "axis": "x", "origin": [4.5, 6.25, 0.25]},
			"faces": {
				"north": {"uv": [6.25, 9, 6.375, 9.125], "texture": "#1"},
				"east": {"uv": [7.75, 5.5, 8.125, 5.625], "texture": "#1"},
				"south": {"uv": [6.75, 9, 6.875, 9.125], "texture": "#1"},
				"west": {"uv": [8.75, 7, 9.125, 7.125], "texture": "#1"},
				"up": {"uv": [5.875, 9.125, 5.75, 8.75], "texture": "#1"},
				"down": {"uv": [4.625, 9, 4.5, 9.375], "texture": "#1"}
			}
		},
		{
			"from": [2.75, 4.875, 1.825],
			"to": [6.25, 8.375, 1.825],
			"rotation": {"angle": -22.5, "axis": "x", "origin": [4.5, 6.25, 0.25]},
			"faces": {
				"north": {"uv": [2.25, 7.5, 3.125, 8.375], "texture": "#1"},
				"east": {"uv": [0, 0, 0, 0], "texture": "#1"},
				"south": {"uv": [5, 7.5, 5.875, 8.375], "texture": "#1"},
				"west": {"uv": [0, 0, 0, 0], "texture": "#1"},
				"up": {"uv": [0, 0, 0, 0], "texture": "#1"},
				"down": {"uv": [0, 0, 0, 0], "texture": "#1"}
			}
		}
	],
	"display": {
		"thirdperson_righthand": {
			"rotation": [75, 45, 0],
			"translation": [0, 2.5, 0],
			"scale": [0.375, 0.375, 0.375]
		},
		"thirdperson_lefthand": {
			"rotation": [75, 45, 0],
			"translation": [0, 2.5, 0],
			"scale": [0.375, 0.375, 0.375]
		},
		"firstperson_righthand": {
			"rotation": [0, 45, 0],
			"scale": [0.4, 0.4, 0.4]
		},
		"firstperson_lefthand": {
			"rotation": [0, 225, 0],
			"scale": [0.4, 0.4, 0.4]
		},
		"ground": {
			"translation": [0, 3, 0],
			"scale": [0.25, 0.25, 0.25]
		},
		"gui": {
			"rotation": [30, 225, 0],
			"translation": [0, 1, 0],
			"scale": [0.37, 0.37, 0.37]
		},
		"head": {
			"translation": [0, -9.25, 11.75],
			"scale": [3.5, 3.5, 3.5]
		}
	},
	"groups": [
		{
			"name": "group",
			"origin": [8, 4.5, -6],
			"color": 0,
			"children": [
				0,
				1,
				2,
				3,
				4,
				5,
				6,
				7,
				8,
				9,
				10,
				11,
				12,
				13,
				14,
				15,
				16,
				17,
				18,
				19,
				20,
				21,
				22,
				23,
				24,
				25,
				26,
				27,
				28,
				29,
				30,
				31,
				32,
				33,
				34,
				35,
				36,
				37,
				38,
				39,
				40,
				41,
				42,
				43,
				44,
				45,
				46,
				47,
				48,
				49,
				50,
				51,
				52,
				53,
				54,
				55,
				56,
				57,
				58,
				59
			]
		},
		{
			"name": "seats",
			"origin": [8, 8, 8],
			"color": 0,
			"children": [
				{
					"name": "group",
					"origin": [8.5, 3, -9.5],
					"color": 0,
					"children": [60, 61, 62, 63]
				}
			]
		},
		{
			"name": "tires2",
			"origin": [8, 8, 8],
			"color": 0,
			"children": []
		},
		64,
		65,
		{
			"name": "group",
			"origin": [0, -0.51366, 0.32277],
			"color": 0,
			"children": [66, 67, 68, 69]
		},
		{
			"name": "lp_seats",
			"origin": [8, 8, 8],
			"color": 0,
			"children": [
				{
					"name": "group",
					"origin": [4.5, 6.25, 0.25],
					"color": 0,
					"children": [
						{
							"name": "group",
							"origin": [11.752, 3.002, 5.498],
							"color": 0,
							"children": [70, 71, 72, 73]
						},
						74,
						75,
						76
					]
				}
			]
		}
	]
}