{
	"credit": "www.sebxter.pl",
	"texture_size": [128, 128],
	"textures": {
		"1": "block/vehiles/car/seats",
		"5": "block/vehiles/car/garbage_truck",
		"particle": "sebxter:tires_pack/tire_1"
	},
	"elements": [
		{
			"from": [15, 4, -6.5],
			"to": [17, 7, -0.5],
			"rotation": {"angle": 0, "axis": "y", "origin": [8, 4.5, -6]},
			"faces": {
				"north": {"uv": [10.375, 13.875, 10.625, 14.25], "texture": "#5"},
				"east": {"uv": [6.625, 4.5, 7.375, 4.875], "texture": "#5"},
				"south": {"uv": [10.75, 13.875, 11, 14.25], "texture": "#5"},
				"west": {"uv": [7.5, 4.5, 8.25, 4.875], "texture": "#5"},
				"up": {"uv": [1, 13.875, 0.75, 13.125], "texture": "#5"},
				"down": {"uv": [1.375, 13.125, 1.125, 13.875], "texture": "#5"}
			}
		},
		{
			"from": [-1, 4, -6.5],
			"to": [1, 7, -0.5],
			"shade": false,
			"rotation": {"angle": 0, "axis": "y", "origin": [8, 4.5, -6]},
			"faces": {
				"north": {"uv": [13.875, 12.5, 14.125, 12.875], "texture": "#5"},
				"east": {"uv": [12.375, 4.875, 13.125, 5.25], "texture": "#5"},
				"south": {"uv": [13.875, 13, 14.125, 13.375], "texture": "#5"},
				"west": {"uv": [6.5, 12.375, 7.25, 12.75], "texture": "#5"},
				"up": {"uv": [13.375, 13, 13.125, 12.25], "texture": "#5"},
				"down": {"uv": [13.375, 13.125, 13.125, 13.875], "texture": "#5"}
			}
		},
		{
			"from": [0, 0, -6.5],
			"to": [1, 4, -0.5],
			"rotation": {"angle": 0, "axis": "y", "origin": [8, 2, 8.5]},
			"faces": {
				"north": {"uv": [1.5, 14.25, 1.625, 14.75], "texture": "#5"},
				"east": {"uv": [3.875, 12.25, 4.625, 12.75], "texture": "#5"},
				"south": {"uv": [3.125, 14.25, 3.25, 14.75], "texture": "#5"},
				"west": {"uv": [8.125, 12.25, 8.875, 12.75], "texture": "#5"},
				"up": {"uv": [14, 14.25, 13.875, 13.5], "texture": "#5"},
				"down": {"uv": [0.875, 14, 0.75, 14.75], "texture": "#5"}
			}
		},
		{
			"from": [15, 0, -6.5],
			"to": [16, 4, -0.5],
			"rotation": {"angle": 0, "axis": "y", "origin": [8, 2, 8.5]},
			"faces": {
				"north": {"uv": [14.25, 3.5, 14.375, 4], "texture": "#5"},
				"east": {"uv": [9, 12.25, 9.75, 12.75], "texture": "#5"},
				"south": {"uv": [4.75, 14.25, 4.875, 14.75], "texture": "#5"},
				"west": {"uv": [9.875, 12.25, 10.625, 12.75], "texture": "#5"},
				"up": {"uv": [1.125, 14.75, 1, 14], "texture": "#5"},
				"down": {"uv": [1.375, 14, 1.25, 14.75], "texture": "#5"}
			}
		},
		{
			"from": [15, 0, -8.5],
			"to": [17, 7, -6.5],
			"rotation": {"angle": 0, "axis": "y", "origin": [8, 4.5, -6]},
			"faces": {
				"north": {"uv": [1.5, 12.625, 1.75, 13.5], "texture": "#5"},
				"east": {"uv": [4.125, 12.875, 4.375, 13.75], "texture": "#5"},
				"south": {"uv": [8.125, 12.875, 8.375, 13.75], "texture": "#5"},
				"west": {"uv": [8.5, 12.875, 8.75, 13.75], "texture": "#5"},
				"up": {"uv": [14.5, 11.125, 14.25, 10.875], "texture": "#5"},
				"down": {"uv": [14.5, 12.5, 14.25, 12.75], "texture": "#5"}
			}
		},
		{
			"from": [-1, 0, -8.5],
			"to": [1, 7, -6.5],
			"rotation": {"angle": 0, "axis": "y", "origin": [8, 4.5, -6]},
			"faces": {
				"north": {"uv": [8.875, 12.875, 9.125, 13.75], "texture": "#5"},
				"east": {"uv": [9.25, 12.875, 9.5, 13.75], "texture": "#5"},
				"south": {"uv": [9.625, 12.875, 9.875, 13.75], "texture": "#5"},
				"west": {"uv": [10, 12.875, 10.25, 13.75], "texture": "#5"},
				"up": {"uv": [14.5, 13.125, 14.25, 12.875], "texture": "#5"},
				"down": {"uv": [14.375, 14.25, 14.125, 14.5], "texture": "#5"}
			}
		},
		{
			"from": [-1, 0, -10.5],
			"to": [17, 7, -8.5],
			"rotation": {"angle": 0, "axis": "y", "origin": [8, 4.5, -6]},
			"faces": {
				"north": {"uv": [8.25, 7.875, 10.5, 8.75], "texture": "#5"},
				"east": {"uv": [10.375, 12.875, 10.625, 13.75], "texture": "#5"},
				"south": {"uv": [8.375, 4.5, 10.625, 5.375], "texture": "#5"},
				"west": {"uv": [10.75, 12.875, 11, 13.75], "texture": "#5"},
				"up": {"uv": [13.5, 10.75, 11.25, 10.5], "texture": "#5"},
				"down": {"uv": [2.25, 11.5, 0, 11.75], "texture": "#5"}
			}
		},
		{
			"from": [14, 4.6, -11.25],
			"to": [16, 6.6, -9.25],
			"rotation": {"angle": -22.5, "axis": "y", "origin": [15, 5.6, -10.25]},
			"faces": {
				"north": {"uv": [1.75, 14.375, 2, 14.625], "texture": "#5"},
				"east": {"uv": [14.375, 1.75, 14.625, 2], "texture": "#5"},
				"south": {"uv": [2.375, 14.375, 2.625, 14.625], "texture": "#5"},
				"west": {"uv": [5.625, 14.375, 5.875, 14.625], "texture": "#5"},
				"up": {"uv": [6.25, 14.625, 6, 14.375], "texture": "#5"},
				"down": {"uv": [7.25, 14.375, 7, 14.625], "texture": "#5"}
			}
		},
		{
			"from": [0, 4.6, -11.25],
			"to": [2, 6.6, -9.25],
			"rotation": {"angle": 22.5, "axis": "y", "origin": [1, 5.6, -10.25]},
			"faces": {
				"north": {"uv": [7.375, 14.375, 7.625, 14.625], "texture": "#5"},
				"east": {"uv": [7.75, 14.375, 8, 14.625], "texture": "#5"},
				"south": {"uv": [9.375, 14.375, 9.625, 14.625], "texture": "#5"},
				"west": {"uv": [9.75, 14.375, 10, 14.625], "texture": "#5"},
				"up": {"uv": [10.375, 14.625, 10.125, 14.375], "texture": "#5"},
				"down": {"uv": [10.75, 14.375, 10.5, 14.625], "texture": "#5"}
			}
		},
		{
			"from": [12.8033, -4.3033, -12],
			"to": [13.8033, -3.3033, -10],
			"rotation": {"angle": 45, "axis": "z", "origin": [8, 1.5, -10.91667]},
			"faces": {
				"north": {"uv": [13.875, 14.375, 14, 14.5], "texture": "#5"},
				"east": {"uv": [14.25, 13.25, 14.5, 13.375], "texture": "#5"},
				"south": {"uv": [5.375, 15, 5.5, 15.125], "texture": "#5"},
				"west": {"uv": [14.625, 8, 14.875, 8.125], "texture": "#5"},
				"up": {"uv": [9.125, 1.25, 9, 1], "texture": "#5"},
				"down": {"uv": [3.25, 13, 3.125, 13.25], "texture": "#5"}
			}
		},
		{
			"from": [13, 1, -12],
			"to": [14, 2, -10],
			"rotation": {"angle": 45, "axis": "z", "origin": [13.5, 1.5, -11]},
			"faces": {
				"north": {"uv": [9.75, 15, 9.875, 15.125], "texture": "#5"},
				"east": {"uv": [14.625, 14, 14.875, 14.125], "texture": "#5"},
				"south": {"uv": [15, 10, 15.125, 10.125], "texture": "#5"},
				"west": {"uv": [6.625, 14.75, 6.875, 14.875], "texture": "#5"},
				"up": {"uv": [7.125, 15, 7, 14.75], "texture": "#5"},
				"down": {"uv": [7.375, 14.75, 7.25, 15], "texture": "#5"}
			}
		},
		{
			"from": [2.1967, -4.3033, -12],
			"to": [3.1967, -3.3033, -10],
			"rotation": {"angle": -45, "axis": "z", "origin": [8, 1.5, -10.91667]},
			"faces": {
				"north": {"uv": [15, 10.25, 15.125, 10.375], "texture": "#5"},
				"east": {"uv": [14.75, 7, 15, 7.125], "texture": "#5"},
				"south": {"uv": [15, 10.5, 15.125, 10.625], "texture": "#5"},
				"west": {"uv": [7.5, 14.75, 7.75, 14.875], "texture": "#5"},
				"up": {"uv": [14.875, 7.875, 14.75, 7.625], "texture": "#5"},
				"down": {"uv": [8, 14.75, 7.875, 15], "texture": "#5"}
			}
		},
		{
			"from": [2, 1, -12],
			"to": [3, 2, -10],
			"rotation": {"angle": -45, "axis": "z", "origin": [2.5, 1.5, -11]},
			"faces": {
				"north": {"uv": [15, 10.75, 15.125, 10.875], "texture": "#5"},
				"east": {"uv": [9.375, 14.75, 9.625, 14.875], "texture": "#5"},
				"south": {"uv": [15, 11, 15.125, 11.125], "texture": "#5"},
				"west": {"uv": [9.75, 14.75, 10, 14.875], "texture": "#5"},
				"up": {"uv": [10.25, 15, 10.125, 14.75], "texture": "#5"},
				"down": {"uv": [10.5, 14.75, 10.375, 15], "texture": "#5"}
			}
		},
		{
			"from": [-1.5, 2, -11.5],
			"to": [17.5, 4, -7.5],
			"rotation": {"angle": 0, "axis": "y", "origin": [8.5, 3, -9.5]},
			"faces": {
				"north": {"uv": [9.625, 11.125, 12, 11.375], "texture": "#5"},
				"east": {"uv": [13.375, 5.75, 13.875, 6], "texture": "#5"},
				"south": {"uv": [11.25, 10.125, 13.625, 10.375], "texture": "#5"},
				"west": {"uv": [13.375, 6.125, 13.875, 6.375], "texture": "#5"},
				"up": {"uv": [12.625, 7, 10.25, 6.5], "texture": "#5"},
				"down": {"uv": [12.625, 7.125, 10.25, 7.625], "texture": "#5"}
			}
		},
		{
			"from": [0.5, 1, -11.5],
			"to": [15.5, 2, -7.5],
			"rotation": {"angle": 0, "axis": "y", "origin": [8.5, 3, -9.5]},
			"faces": {
				"north": {"uv": [0, 9.375, 1.875, 9.5], "texture": "#5"},
				"east": {"uv": [5.375, 9.25, 5.875, 9.375], "texture": "#5"},
				"south": {"uv": [12.75, 7, 14.625, 7.125], "texture": "#5"},
				"west": {"uv": [14.25, 4.125, 14.75, 4.25], "texture": "#5"},
				"up": {"uv": [7.25, 11, 5.375, 10.5], "texture": "#5"},
				"down": {"uv": [12.5, 8.25, 10.625, 8.75], "texture": "#5"}
			}
		},
		{
			"from": [12, 4, -11.5],
			"to": [13, 7, -10.5],
			"rotation": {"angle": 0, "axis": "y", "origin": [8, 3, -9.5]},
			"faces": {
				"north": {"uv": [13, 4.375, 13.125, 4.75], "texture": "#5"},
				"east": {"uv": [10.875, 14.375, 11, 14.75], "texture": "#5"},
				"south": {"uv": [13, 14.375, 13.125, 14.75], "texture": "#5"},
				"west": {"uv": [3.75, 14.75, 3.875, 15.125], "texture": "#5"},
				"up": {"uv": [11.25, 15.125, 11.125, 15], "texture": "#5"},
				"down": {"uv": [15.125, 11.25, 15, 11.375], "texture": "#5"}
			}
		},
		{
			"from": [3, 4, -11.5],
			"to": [4, 7, -10.5],
			"rotation": {"angle": 0, "axis": "y", "origin": [8, 3, -9.5]},
			"faces": {
				"north": {"uv": [5.625, 14.75, 5.75, 15.125], "texture": "#5"},
				"east": {"uv": [5.875, 14.75, 6, 15.125], "texture": "#5"},
				"south": {"uv": [6.125, 14.75, 6.25, 15.125], "texture": "#5"},
				"west": {"uv": [6.375, 14.75, 6.5, 15.125], "texture": "#5"},
				"up": {"uv": [11.5, 15.125, 11.375, 15], "texture": "#5"},
				"down": {"uv": [15.125, 11.5, 15, 11.625], "texture": "#5"}
			}
		},
		{
			"from": [4.5, 4, -11.5],
			"to": [5.5, 6, -9.5],
			"rotation": {"angle": 22.5, "axis": "x", "origin": [8, 5.5, -11]},
			"faces": {
				"north": {"uv": [10.625, 14.75, 10.75, 15], "texture": "#5"},
				"east": {"uv": [12.625, 14.375, 12.875, 14.625], "texture": "#5"},
				"south": {"uv": [12.625, 14.75, 12.75, 15], "texture": "#5"},
				"west": {"uv": [13.5, 14.375, 13.75, 14.625], "texture": "#5"},
				"up": {"uv": [13.625, 15, 13.5, 14.75], "texture": "#5"},
				"down": {"uv": [0.125, 14.875, 0, 15.125], "texture": "#5"}
			}
		},
		{
			"from": [6.5, 4, -11.5],
			"to": [7.5, 6, -9.5],
			"rotation": {"angle": 22.5, "axis": "x", "origin": [8, 5.5, -11]},
			"faces": {
				"north": {"uv": [0.25, 14.875, 0.375, 15.125], "texture": "#5"},
				"east": {"uv": [0, 14.5, 0.25, 14.75], "texture": "#5"},
				"south": {"uv": [0.5, 14.875, 0.625, 15.125], "texture": "#5"},
				"west": {"uv": [0.375, 14.5, 0.625, 14.75], "texture": "#5"},
				"up": {"uv": [15, 0.75, 14.875, 0.5], "texture": "#5"},
				"down": {"uv": [0.875, 14.875, 0.75, 15.125], "texture": "#5"}
			}
		},
		{
			"from": [8.5, 4, -11.5],
			"to": [9.5, 6, -9.5],
			"rotation": {"angle": 22.5, "axis": "x", "origin": [8, 5.5, -11]},
			"faces": {
				"north": {"uv": [14.875, 0.875, 15, 1.125], "texture": "#5"},
				"east": {"uv": [14.5, 3.5, 14.75, 3.75], "texture": "#5"},
				"south": {"uv": [1, 14.875, 1.125, 15.125], "texture": "#5"},
				"west": {"uv": [4, 14.5, 4.25, 14.75], "texture": "#5"},
				"up": {"uv": [1.375, 15.125, 1.25, 14.875], "texture": "#5"},
				"down": {"uv": [15, 1.25, 14.875, 1.5], "texture": "#5"}
			}
		},
		{
			"from": [10.5, 4, -11.5],
			"to": [11.5, 6, -9.5],
			"rotation": {"angle": 22.5, "axis": "x", "origin": [8, 5.5, -11]},
			"faces": {
				"north": {"uv": [1.5, 14.875, 1.625, 15.125], "texture": "#5"},
				"east": {"uv": [14.5, 4.375, 14.75, 4.625], "texture": "#5"},
				"south": {"uv": [2.125, 14.875, 2.25, 15.125], "texture": "#5"},
				"west": {"uv": [14.5, 5.75, 14.75, 6], "texture": "#5"},
				"up": {"uv": [3.25, 15.125, 3.125, 14.875], "texture": "#5"},
				"down": {"uv": [15, 3.375, 14.875, 3.625], "texture": "#5"}
			}
		},
		{
			"from": [4, 6, -11.5],
			"to": [12, 7, -10.5],
			"rotation": {"angle": 45, "axis": "x", "origin": [8, 6.5, -11]},
			"faces": {
				"north": {"uv": [7, 13.5, 8, 13.625], "texture": "#5"},
				"east": {"uv": [11.625, 15, 11.75, 15.125], "texture": "#5"},
				"south": {"uv": [13.5, 7.25, 14.5, 7.375], "texture": "#5"},
				"west": {"uv": [11.875, 15, 12, 15.125], "texture": "#5"},
				"up": {"uv": [14.5, 7.625, 13.5, 7.5], "texture": "#5"},
				"down": {"uv": [14.5, 12.25, 13.5, 12.375], "texture": "#5"}
			}
		},
		{
			"from": [-1, 0, -0.5],
			"to": [17, 13, 1.5],
			"rotation": {"angle": 0, "axis": "y", "origin": [8, 3.5, 11.33333]},
			"faces": {
				"north": {"uv": [0, 0, 2.25, 1.625], "texture": "#5"},
				"east": {"uv": [3, 11.25, 3.25, 12.875], "texture": "#5"},
				"south": {"uv": [0, 1.75, 2.25, 3.375], "texture": "#5"},
				"west": {"uv": [2.125, 12.25, 2.375, 13.875], "texture": "#5"},
				"up": {"uv": [11.875, 11.75, 9.625, 11.5], "texture": "#5"},
				"down": {"uv": [2.25, 11.875, 0, 12.125], "texture": "#5"}
			}
		},
		{
			"from": [0.5, 2, 2.5],
			"to": [15.5, 11, 11.5],
			"rotation": {"angle": 0, "axis": "y", "origin": [7.5, 3.5, 11.33333]},
			"faces": {
				"north": {"uv": [0, 6.875, 1.875, 8], "texture": "#5"},
				"east": {"uv": [0, 10.25, 1.125, 11.375], "texture": "#5"},
				"south": {"uv": [0, 8.125, 1.875, 9.25], "texture": "#5"},
				"west": {"uv": [1.25, 10.25, 2.375, 11.375], "texture": "#5"},
				"up": {"uv": [8, 9.375, 6.125, 8.25], "texture": "#5"},
				"down": {"uv": [10.125, 6.625, 8.25, 7.75], "texture": "#5"}
			}
		},
		{
			"from": [0, 1.5, 3.5],
			"to": [16, 14.5, 4.5],
			"rotation": {"angle": 0, "axis": "y", "origin": [7.5, 3.5, 11.33333]},
			"faces": {
				"north": {"uv": [2.375, 3.25, 4.375, 4.875], "texture": "#5"},
				"east": {"uv": [5.125, 12.25, 5.25, 13.875], "texture": "#5"},
				"south": {"uv": [0, 3.5, 2, 5.125], "texture": "#5"},
				"west": {"uv": [1.875, 12.625, 2, 14.25], "texture": "#5"},
				"up": {"uv": [14.625, 9.875, 12.625, 9.75], "texture": "#5"},
				"down": {"uv": [14.75, 0.5, 12.75, 0.625], "texture": "#5"}
			}
		},
		{
			"from": [0, 1.5, 9.5],
			"to": [16, 14.5, 10.5],
			"rotation": {"angle": 0, "axis": "y", "origin": [7.5, 3.5, 11.33333]},
			"faces": {
				"north": {"uv": [4.5, 3.25, 6.5, 4.875], "texture": "#5"},
				"east": {"uv": [4.5, 12.875, 4.625, 14.5], "texture": "#5"},
				"south": {"uv": [4.75, 0, 6.75, 1.625], "texture": "#5"},
				"west": {"uv": [12.125, 12.875, 12.25, 14.5], "texture": "#5"},
				"up": {"uv": [14.75, 0.875, 12.75, 0.75], "texture": "#5"},
				"down": {"uv": [14.75, 1, 12.75, 1.125], "texture": "#5"}
			}
		},
		{
			"from": [0, 4.5, 17.5],
			"to": [16, 14.5, 18.5],
			"rotation": {"angle": 0, "axis": "y", "origin": [7.5, 3.5, 11.33333]},
			"faces": {
				"north": {"uv": [3.875, 6.75, 5.875, 8], "texture": "#5"},
				"east": {"uv": [2.125, 3.5, 2.25, 4.75], "texture": "#5"},
				"south": {"uv": [6.875, 0, 8.875, 1.25], "texture": "#5"},
				"west": {"uv": [11.875, 13.25, 12, 14.5], "texture": "#5"},
				"up": {"uv": [14.75, 1.375, 12.75, 1.25], "texture": "#5"},
				"down": {"uv": [14.75, 1.5, 12.75, 1.625], "texture": "#5"}
			}
		},
		{
			"from": [0, 1.5, 23.5],
			"to": [16, 14.5, 24.5],
			"rotation": {"angle": 0, "axis": "y", "origin": [7.5, 3.5, 11.33333]},
			"faces": {
				"north": {"uv": [2.125, 5, 4.125, 6.625], "texture": "#5"},
				"east": {"uv": [12.875, 12.25, 13, 13.875], "texture": "#5"},
				"south": {"uv": [4.25, 5, 6.25, 6.625], "texture": "#5"},
				"west": {"uv": [2.875, 13, 3, 14.625], "texture": "#5"},
				"up": {"uv": [14.75, 6.625, 12.75, 6.5], "texture": "#5"},
				"down": {"uv": [14.75, 6.75, 12.75, 6.875], "texture": "#5"}
			}
		},
		{
			"from": [0.5, 13, 3],
			"to": [1.5, 14, 25],
			"rotation": {"angle": 45, "axis": "z", "origin": [1, 13.5, 14]},
			"faces": {
				"north": {"uv": [9.375, 15.875, 9.5, 16], "texture": "#5"},
				"east": {"uv": [6, 15.875, 8.75, 16], "texture": "#5"},
				"south": {"uv": [5.3125, 15.875, 5.4375, 16], "texture": "#5"},
				"west": {"uv": [2.125, 15.875, 4.875, 16], "texture": "#5"},
				"up": {"uv": [16, 6.5625, 15.875, 3.8125], "texture": "#5"},
				"down": {"uv": [16, 6.9375, 15.875, 9.6875], "texture": "#5"}
			}
		},
		{
			"from": [14.5, 13, 3],
			"to": [15.5, 14, 25],
			"rotation": {"angle": -45, "axis": "z", "origin": [15, 13.5, 14]},
			"faces": {
				"north": {"uv": [9.5, 15.875, 9.375, 16], "texture": "#5"},
				"east": {"uv": [4.875, 15.875, 2.125, 16], "texture": "#5"},
				"south": {"uv": [5.4375, 15.875, 5.3125, 16], "texture": "#5"},
				"west": {"uv": [8.75, 15.875, 6, 16], "texture": "#5"},
				"up": {"uv": [15.875, 6.5625, 16, 3.8125], "texture": "#5"},
				"down": {"uv": [15.875, 6.9375, 16, 9.6875], "texture": "#5"}
			}
		},
		{
			"from": [0.505, 2.005, 23.505],
			"to": [3.495, 10.995, 25.495],
			"rotation": {"angle": 0, "axis": "y", "origin": [7.5, 3.5, 11.33333]},
			"faces": {
				"north": {"uv": [5.75, 11.125, 6.125, 12.25], "texture": "#5"},
				"east": {"uv": [2.5, 12.5, 2.75, 13.625], "texture": "#5"},
				"south": {"uv": [6.25, 11.125, 6.625, 12.25], "texture": "#5"},
				"west": {"uv": [12.5, 12.25, 12.75, 13.375], "texture": "#5"},
				"up": {"uv": [14.375, 4.625, 14, 4.375], "texture": "#5"},
				"down": {"uv": [14.375, 5.75, 14, 6], "texture": "#5"}
			}
		},
		{
			"from": [12.5, 2, 23.5],
			"to": [15.5, 11, 25.5],
			"rotation": {"angle": 0, "axis": "y", "origin": [8.5, 3.5, 11.33333]},
			"faces": {
				"north": {"uv": [6.75, 11.125, 7.125, 12.25], "texture": "#5"},
				"east": {"uv": [0, 12.625, 0.25, 13.75], "texture": "#5"},
				"south": {"uv": [2.5, 11.25, 2.875, 12.375], "texture": "#5"},
				"west": {"uv": [0.375, 12.625, 0.625, 13.75], "texture": "#5"},
				"up": {"uv": [14.375, 6.375, 14, 6.125], "texture": "#5"},
				"down": {"uv": [13.125, 14, 12.75, 14.25], "texture": "#5"}
			}
		},
		{
			"from": [4.5, 2, 24.25],
			"to": [11.5, 9, 25.25],
			"rotation": {"angle": -22.5, "axis": "x", "origin": [7, 6.5, 24.5]},
			"faces": {
				"north": {"uv": [7, 9.5, 7.875, 10.375], "texture": "#5"},
				"east": {"uv": [8.875, 13.875, 9, 14.75], "texture": "#5"},
				"south": {"uv": [2.5, 10.25, 3.375, 11.125], "texture": "#5"},
				"west": {"uv": [9.125, 13.875, 9.25, 14.75], "texture": "#5"},
				"up": {"uv": [14.5, 8.125, 13.625, 8], "texture": "#5"},
				"down": {"uv": [14.5, 10.625, 13.625, 10.75], "texture": "#5"}
			}
		},
		{
			"from": [3.5, 3, 24.5],
			"to": [4.5, 13, 26.5],
			"rotation": {"angle": 0, "axis": "y", "origin": [7.5, 3.5, 11.33333]},
			"faces": {
				"north": {"uv": [3.5, 13.375, 3.625, 14.625], "texture": "#5"},
				"east": {"uv": [6, 6.75, 6.25, 8], "texture": "#5"},
				"south": {"uv": [3.75, 13.375, 3.875, 14.625], "texture": "#5"},
				"west": {"uv": [4.75, 12.25, 5, 13.5], "texture": "#5"},
				"up": {"uv": [4.125, 15.125, 4, 14.875], "texture": "#5"},
				"down": {"uv": [15, 4.125, 14.875, 4.375], "texture": "#5"}
			}
		},
		{
			"from": [11.5, 3, 24.5],
			"to": [12.5, 13, 26.5],
			"rotation": {"angle": 0, "axis": "y", "origin": [7.5, 3.5, 11.33333]},
			"faces": {
				"north": {"uv": [6.5, 13.375, 6.625, 14.625], "texture": "#5"},
				"east": {"uv": [5.75, 12.375, 6, 13.625], "texture": "#5"},
				"south": {"uv": [6.75, 13.375, 6.875, 14.625], "texture": "#5"},
				"west": {"uv": [6.125, 12.375, 6.375, 13.625], "texture": "#5"},
				"up": {"uv": [15, 4.75, 14.875, 4.5], "texture": "#5"},
				"down": {"uv": [4.875, 14.875, 4.75, 15.125], "texture": "#5"}
			}
		},
		{
			"from": [4.5, 12, 24.5],
			"to": [11.5, 13, 26.5],
			"rotation": {"angle": 0, "axis": "y", "origin": [7.5, 3.5, 11.33333]},
			"faces": {
				"north": {"uv": [9.375, 13.875, 10.25, 14], "texture": "#5"},
				"east": {"uv": [14.75, 9.75, 15, 9.875], "texture": "#5"},
				"south": {"uv": [13.875, 11.875, 14.75, 12], "texture": "#5"},
				"west": {"uv": [5, 14.875, 5.25, 15], "texture": "#5"},
				"up": {"uv": [12, 13.125, 11.125, 12.875], "texture": "#5"},
				"down": {"uv": [13.75, 11.875, 12.875, 12.125], "texture": "#5"}
			}
		},
		{
			"from": [1.505, 6.96486, 25.3032],
			"to": [3.495, 10.95486, 27.2932],
			"rotation": {"angle": -22.5, "axis": "x", "origin": [8, 6.45986, 26.2982]},
			"faces": {
				"north": {"uv": [3, 9.625, 3.25, 10.125], "texture": "#5"},
				"east": {"uv": [12.375, 13.5, 12.625, 14], "texture": "#5"},
				"south": {"uv": [13.5, 12.5, 13.75, 13], "texture": "#5"},
				"west": {"uv": [13.5, 13.125, 13.75, 13.625], "texture": "#5"},
				"up": {"uv": [14.75, 6.375, 14.5, 6.125], "texture": "#5"},
				"down": {"uv": [8.375, 14.5, 8.125, 14.75], "texture": "#5"}
			}
		},
		{
			"from": [1.5, 3.30448, 25.03073],
			"to": [3.5, 7.30448, 27.03073],
			"rotation": {"angle": 0, "axis": "x", "origin": [8, 2.80448, 26.03073]},
			"faces": {
				"north": {"uv": [1.5, 13.625, 1.75, 14.125], "texture": "#5"},
				"east": {"uv": [13.625, 4.375, 13.875, 4.875], "texture": "#5"},
				"south": {"uv": [4.75, 13.625, 5, 14.125], "texture": "#5"},
				"west": {"uv": [2.5, 13.75, 2.75, 14.25], "texture": "#5"},
				"up": {"uv": [8.75, 14.75, 8.5, 14.5], "texture": "#5"},
				"down": {"uv": [14.75, 14.25, 14.5, 14.5], "texture": "#5"}
			}
		},
		{
			"from": [12.5, 3.30448, 25.03073],
			"to": [14.5, 7.30448, 27.03073],
			"rotation": {"angle": 0, "axis": "x", "origin": [8, 2.80448, 26.03073]},
			"faces": {
				"north": {"uv": [5.75, 13.75, 6, 14.25], "texture": "#5"},
				"east": {"uv": [6.125, 13.75, 6.375, 14.25], "texture": "#5"},
				"south": {"uv": [7, 13.75, 7.25, 14.25], "texture": "#5"},
				"west": {"uv": [7.375, 13.75, 7.625, 14.25], "texture": "#5"},
				"up": {"uv": [14.875, 2.375, 14.625, 2.125], "texture": "#5"},
				"down": {"uv": [14.875, 3, 14.625, 3.25], "texture": "#5"}
			}
		},
		{
			"from": [12.505, 6.96486, 25.3032],
			"to": [14.495, 10.95486, 27.2932],
			"rotation": {"angle": -22.5, "axis": "x", "origin": [8, 6.45986, 26.2982]},
			"faces": {
				"north": {"uv": [7.75, 13.75, 8, 14.25], "texture": "#5"},
				"east": {"uv": [13.75, 10, 14, 10.5], "texture": "#5"},
				"south": {"uv": [13.5, 13.75, 13.75, 14.25], "texture": "#5"},
				"west": {"uv": [0, 13.875, 0.25, 14.375], "texture": "#5"},
				"up": {"uv": [4.625, 14.875, 4.375, 14.625], "texture": "#5"},
				"down": {"uv": [14.875, 7.25, 14.625, 7.5], "texture": "#5"}
			}
		},
		{
			"from": [0, 2, 25],
			"to": [16, 4, 27],
			"rotation": {"angle": 45, "axis": "x", "origin": [8, 3, 26]},
			"faces": {
				"north": {"uv": [12, 11.5, 14, 11.75], "texture": "#5"},
				"east": {"uv": [14.625, 10.25, 14.875, 10.5], "texture": "#5"},
				"south": {"uv": [12.125, 10.875, 14.125, 11.125], "texture": "#5"},
				"west": {"uv": [14.625, 10.625, 14.875, 10.875], "texture": "#5"},
				"up": {"uv": [2, 12.5, 0, 12.25], "texture": "#5"},
				"down": {"uv": [14.25, 1.875, 12.25, 2.125], "texture": "#5"}
			}
		},
		{
			"from": [0.5, 4, 11.5],
			"to": [15.5, 11, 23.5],
			"rotation": {"angle": 0, "axis": "y", "origin": [7.5, 3.5, 11.33333]},
			"faces": {
				"north": {"uv": [8.375, 5.5, 10.25, 6.375], "texture": "#5"},
				"east": {"uv": [5.375, 9.5, 6.875, 10.375], "texture": "#5"},
				"south": {"uv": [9, 0, 10.875, 0.875], "texture": "#5"},
				"west": {"uv": [9.625, 10.125, 11.125, 11], "texture": "#5"},
				"up": {"uv": [1.875, 6.75, 0, 5.25], "texture": "#5"},
				"down": {"uv": [8.25, 5, 6.375, 6.5], "texture": "#5"}
			}
		},
		{
			"from": [-0.5, 1, 1.5],
			"to": [16.5, 2, 11.5],
			"rotation": {"angle": 0, "axis": "y", "origin": [7.5, 3.5, 11.33333]},
			"faces": {
				"north": {"uv": [12.625, 8.25, 14.75, 8.375], "texture": "#5"},
				"east": {"uv": [13.25, 5.25, 14.5, 5.375], "texture": "#5"},
				"south": {"uv": [12.625, 8.5, 14.75, 8.625], "texture": "#5"},
				"west": {"uv": [13.375, 5.5, 14.625, 5.625], "texture": "#5"},
				"up": {"uv": [6.875, 3, 4.75, 1.75], "texture": "#5"},
				"down": {"uv": [8.75, 3.125, 6.625, 4.375], "texture": "#5"}
			}
		},
		{
			"from": [-0.5, 1, 23.5],
			"to": [16.5, 2, 26.5],
			"rotation": {"angle": 0, "axis": "y", "origin": [7.5, 3.5, 11.33333]},
			"faces": {
				"north": {"uv": [12.625, 8.75, 14.75, 8.875], "texture": "#5"},
				"east": {"uv": [3.375, 12.625, 3.75, 12.75], "texture": "#5"},
				"south": {"uv": [12.625, 9, 14.75, 9.125], "texture": "#5"},
				"west": {"uv": [14.5, 3.875, 14.875, 4], "texture": "#5"},
				"up": {"uv": [12.875, 3.5, 10.75, 3.125], "texture": "#5"},
				"down": {"uv": [12.875, 4.375, 10.75, 4.75], "texture": "#5"}
			}
		},
		{
			"from": [1.83883, 4.23223, 2.5],
			"to": [3.83883, 8.23223, 25.5],
			"rotation": {"angle": -45, "axis": "z", "origin": [9.33883, 9.23223, 8.5]},
			"faces": {
				"north": {"uv": [0.375, 13.875, 0.625, 14.375], "texture": "#5"},
				"east": {"uv": [8.875, 3.75, 11.75, 4.25], "texture": "#5"},
				"south": {"uv": [4, 13.875, 4.25, 14.375], "texture": "#5"},
				"west": {"uv": [0, 9.625, 2.875, 10.125], "texture": "#5"},
				"up": {"uv": [3.75, 12.5, 3.5, 9.625], "texture": "#5"},
				"down": {"uv": [7.625, 10.5, 7.375, 13.375], "texture": "#5"}
			}
		},
		{
			"from": [12.16617, 4.23723, 2.505],
			"to": [14.15617, 8.22723, 25.495],
			"rotation": {"angle": 45, "axis": "z", "origin": [6.66117, 9.23223, 8.5]},
			"faces": {
				"north": {"uv": [8.125, 13.875, 8.375, 14.375], "texture": "#5"},
				"east": {"uv": [9.625, 8.875, 12.5, 9.375], "texture": "#5"},
				"south": {"uv": [8.5, 13.875, 8.75, 14.375], "texture": "#5"},
				"west": {"uv": [9.625, 9.5, 12.5, 10], "texture": "#5"},
				"up": {"uv": [8, 13.375, 7.75, 10.5], "texture": "#5"},
				"down": {"uv": [5.625, 11.125, 5.375, 14], "texture": "#5"}
			}
		},
		{
			"from": [7.67157, 10.82843, 2.5],
			"to": [12.67157, 13.82843, 25.5],
			"rotation": {"angle": 0, "axis": "z", "origin": [7.67157, 6.32843, 8.5]},
			"faces": {
				"north": {"uv": [0.75, 12.625, 1.375, 13], "texture": "#5"},
				"east": {"uv": [9.25, 2, 12.125, 2.375], "texture": "#5"},
				"south": {"uv": [12.75, 7.25, 13.375, 7.625], "texture": "#5"},
				"west": {"uv": [10.375, 5.5, 13.25, 5.875], "texture": "#5"},
				"up": {"uv": [8.75, 11.75, 8.125, 8.875], "texture": "#5"},
				"down": {"uv": [9.5, 8.875, 8.875, 11.75], "texture": "#5"}
			}
		},
		{
			"from": [3.33343, 10.83343, 2.505],
			"to": [8.32343, 13.82343, 25.495],
			"rotation": {"angle": 0, "axis": "z", "origin": [8.32843, 6.32843, 8.5]},
			"faces": {
				"north": {"uv": [3.375, 12.875, 4, 13.25], "texture": "#5"},
				"east": {"uv": [10.375, 6, 13.25, 6.375], "texture": "#5"},
				"south": {"uv": [6.5, 12.875, 7.125, 13.25], "texture": "#5"},
				"west": {"uv": [10.625, 7.75, 13.5, 8.125], "texture": "#5"},
				"up": {"uv": [4.5, 12.125, 3.875, 9.25], "texture": "#5"},
				"down": {"uv": [5.25, 9.25, 4.625, 12.125], "texture": "#5"}
			}
		},
		{
			"from": [1, 0, -8.5],
			"to": [15, 1, 0.5],
			"rotation": {"angle": 0, "axis": "y", "origin": [8, 3.5, 11.33333]},
			"faces": {
				"up": {"uv": [3.75, 9.5, 2, 8.375], "texture": "#5"},
				"down": {"uv": [10.625, 2.5, 8.875, 3.625], "texture": "#5"}
			}
		},
		{
			"from": [1, 0.03702, -8.31389],
			"to": [15, 7.03702, -7.31389],
			"rotation": {"angle": -22.5, "axis": "x", "origin": [6, 4.03702, -7.81389]},
			"faces": {
				"south": {"uv": [9.25, 1, 11, 1.875], "texture": "#5"}
			}
		},
		{
			"from": [-2, 2.9, -1.5],
			"to": [0, 4.9, -0.5],
			"rotation": {"angle": -22.5, "axis": "x", "origin": [-1.5, 4.9, 0]},
			"faces": {
				"north": {"uv": [14.625, 11, 14.875, 11.25], "texture": "#5"},
				"east": {"uv": [14.875, 5.75, 15, 6], "texture": "#5"},
				"south": {"uv": [14.625, 11.375, 14.875, 11.625], "texture": "#5"},
				"west": {"uv": [14.875, 6.125, 15, 6.375], "texture": "#5"},
				"up": {"uv": [15.125, 6.625, 14.875, 6.5], "texture": "#5"},
				"down": {"uv": [15.125, 6.75, 14.875, 6.875], "texture": "#5"}
			}
		},
		{
			"from": [-2, 1.75195, -6.65224],
			"to": [0, 3.75195, -5.65224],
			"rotation": {"angle": 22.5, "axis": "x", "origin": [-1.5, 3.75195, -4.15224]},
			"faces": {
				"north": {"uv": [11.875, 14.625, 12.125, 14.875], "texture": "#5"},
				"east": {"uv": [8.125, 14.875, 8.25, 15.125], "texture": "#5"},
				"south": {"uv": [14.625, 12.125, 14.875, 12.375], "texture": "#5"},
				"west": {"uv": [14.875, 8.25, 15, 8.5], "texture": "#5"},
				"up": {"uv": [8.625, 15, 8.375, 14.875], "texture": "#5"},
				"down": {"uv": [15.125, 8.625, 14.875, 8.75], "texture": "#5"}
			}
		},
		{
			"from": [-1.995, 3.71366, -6.45694],
			"to": [-0.005, 4.70366, -0.46694],
			"rotation": {"angle": 0, "axis": "y", "origin": [-1.5, 5.20866, -2.46194]},
			"faces": {
				"north": {"uv": [8.75, 14.875, 9, 15], "texture": "#5"},
				"east": {"uv": [11.25, 10.875, 12, 11], "texture": "#5"},
				"south": {"uv": [14.875, 8.875, 15.125, 9], "texture": "#5"},
				"west": {"uv": [14, 4.75, 14.75, 4.875], "texture": "#5"},
				"up": {"uv": [13.5, 5.125, 13.25, 4.375], "texture": "#5"},
				"down": {"uv": [11.375, 13.25, 11.125, 14], "texture": "#5"}
			}
		},
		{
			"from": [16, 1.75195, -6.65224],
			"to": [18, 3.75195, -5.65224],
			"rotation": {"angle": 22.5, "axis": "x", "origin": [17.5, 3.75195, -4.15224]},
			"faces": {
				"north": {"uv": [14.625, 12.5, 14.875, 12.75], "texture": "#5"},
				"east": {"uv": [9.125, 14.875, 9.25, 15.125], "texture": "#5"},
				"south": {"uv": [14.625, 12.875, 14.875, 13.125], "texture": "#5"},
				"west": {"uv": [14.875, 9.125, 15, 9.375], "texture": "#5"},
				"up": {"uv": [15.125, 9.625, 14.875, 9.5], "texture": "#5"},
				"down": {"uv": [15.125, 11.75, 14.875, 11.875], "texture": "#5"}
			}
		},
		{
			"from": [16.005, 3.71366, -6.45694],
			"to": [17.995, 4.70366, -0.46694],
			"rotation": {"angle": 0, "axis": "y", "origin": [17.5, 5.20866, -2.46194]},
			"faces": {
				"north": {"uv": [12.875, 14.875, 13.125, 15], "texture": "#5"},
				"east": {"uv": [9.375, 14.125, 10.125, 14.25], "texture": "#5"},
				"south": {"uv": [14.875, 14.25, 15.125, 14.375], "texture": "#5"},
				"west": {"uv": [14.125, 10, 14.875, 10.125], "texture": "#5"},
				"up": {"uv": [11.75, 14, 11.5, 13.25], "texture": "#5"},
				"down": {"uv": [3.375, 13.375, 3.125, 14.125], "texture": "#5"}
			}
		},
		{
			"from": [16, 2.9, -1.5],
			"to": [18, 4.9, -0.5],
			"rotation": {"angle": -22.5, "axis": "x", "origin": [17.5, 4.9, 0]},
			"faces": {
				"north": {"uv": [14.625, 13.25, 14.875, 13.5], "texture": "#5"},
				"east": {"uv": [10.875, 14.875, 11, 15.125], "texture": "#5"},
				"south": {"uv": [14.625, 13.625, 14.875, 13.875], "texture": "#5"},
				"west": {"uv": [13.25, 14.875, 13.375, 15.125], "texture": "#5"},
				"up": {"uv": [15.25, 0.125, 15, 0], "texture": "#5"},
				"down": {"uv": [15.25, 0.25, 15, 0.375], "texture": "#5"}
			}
		},
		{
			"from": [-1, 1.75195, 11.34776],
			"to": [17, 3.75195, 12.34776],
			"rotation": {"angle": 22.5, "axis": "x", "origin": [-1.5, 3.75195, 13.84776]},
			"faces": {
				"north": {"uv": [11.875, 3.625, 14.125, 3.875], "texture": "#5"},
				"east": {"uv": [15, 2.125, 15.125, 2.375], "texture": "#5"},
				"south": {"uv": [11.875, 4, 14.125, 4.25], "texture": "#5"},
				"west": {"uv": [15, 2.5, 15.125, 2.75], "texture": "#5"},
				"up": {"uv": [14.375, 11.375, 12.125, 11.25], "texture": "#5"},
				"down": {"uv": [14.5, 2.25, 12.25, 2.375], "texture": "#5"}
			}
		},
		{
			"from": [-0.995, 3.71366, 11.54306],
			"to": [16.995, 4.70366, 23.53306],
			"rotation": {"angle": 0, "axis": "y", "origin": [-1.5, 5.20866, 21.53806]},
			"faces": {
				"north": {"uv": [12.625, 0, 14.875, 0.125], "texture": "#5"},
				"east": {"uv": [13, 3, 14.5, 3.125], "texture": "#5"},
				"south": {"uv": [12.625, 0.25, 14.875, 0.375], "texture": "#5"},
				"west": {"uv": [13, 3.25, 14.5, 3.375], "texture": "#5"},
				"up": {"uv": [4.625, 1.5, 2.375, 0], "texture": "#5"},
				"down": {"uv": [4.625, 1.625, 2.375, 3.125], "texture": "#5"}
			}
		},
		{
			"from": [-1, 2.9, 22.5],
			"to": [17, 4.9, 23.5],
			"rotation": {"angle": -22.5, "axis": "x", "origin": [-1.5, 4.9, 24]},
			"faces": {
				"north": {"uv": [8.125, 11.875, 10.375, 12.125], "texture": "#5"},
				"east": {"uv": [15, 2.875, 15.125, 3.125], "texture": "#5"},
				"south": {"uv": [10.5, 11.875, 12.75, 12.125], "texture": "#5"},
				"west": {"uv": [15, 3.75, 15.125, 4], "texture": "#5"},
				"up": {"uv": [14.875, 2.625, 12.625, 2.5], "texture": "#5"},
				"down": {"uv": [14.875, 2.75, 12.625, 2.875], "texture": "#5"}
			}
		},
		{
			"from": [1, 0, 11.5],
			"to": [15, 4, 23.5],
			"rotation": {"angle": 0, "axis": "y", "origin": [8, 2, 32.5]},
			"faces": {
				"north": {"uv": [7, 2.5, 8.75, 3], "texture": "#5"},
				"east": {"uv": [10.75, 4.875, 12.25, 5.375], "texture": "#5"},
				"south": {"uv": [10.75, 2.5, 12.5, 3], "texture": "#5"},
				"west": {"uv": [11, 0, 12.5, 0.5], "texture": "#5"},
				"up": {"uv": [8.125, 8.125, 6.375, 6.625], "texture": "#5"},
				"down": {"uv": [3.75, 6.75, 2, 8.25], "texture": "#5"}
			}
		},
		{
			"from": [-0.5, 6.5803, -9.39001],
			"to": [0.5, 12.5803, -8.39001],
			"rotation": {"angle": 22.5, "axis": "x", "origin": [8, 9.5803, -8.89001]},
			"faces": {
				"north": {"uv": [2.125, 14, 2.25, 14.75], "texture": "#5"},
				"east": {"uv": [5.125, 14, 5.25, 14.75], "texture": "#5"},
				"south": {"uv": [13.25, 14, 13.375, 14.75], "texture": "#5"},
				"west": {"uv": [5.375, 14.125, 5.5, 14.875], "texture": "#5"},
				"up": {"uv": [15.125, 12.125, 15, 12], "texture": "#5"},
				"down": {"uv": [12.25, 15, 12.125, 15.125], "texture": "#5"}
			}
		},
		{
			"from": [-0.495, 11.54828, -8.1989],
			"to": [16.495, 12.53828, -0.2089],
			"rotation": {"angle": 0, "axis": "y", "origin": [8, 12.04328, 0.2961]},
			"faces": {
				"north": {"uv": [12.625, 9.25, 14.75, 9.375], "texture": "#5"},
				"east": {"uv": [13.625, 5, 14.625, 5.125], "texture": "#5"},
				"south": {"uv": [12.625, 9.5, 14.75, 9.625], "texture": "#5"},
				"west": {"uv": [13.625, 7.75, 14.625, 7.875], "texture": "#5"},
				"up": {"uv": [9.125, 2.375, 7, 1.375], "texture": "#5"},
				"down": {"uv": [6, 8.125, 3.875, 9.125], "texture": "#5"}
			}
		},
		{
			"from": [13.5, 12.54328, -7.2039],
			"to": [15.5, 14.54328, -5.2039],
			"rotation": {"angle": 0, "axis": "y", "origin": [8, 12.04328, 0.2961]},
			"faces": {
				"north": {"uv": [13.875, 14.625, 14.125, 14.875], "texture": "#5"},
				"east": {"uv": [14.25, 14.625, 14.5, 14.875], "texture": "#5"},
				"south": {"uv": [14.625, 14.625, 14.875, 14.875], "texture": "#5"},
				"west": {"uv": [1.75, 14.75, 2, 15], "texture": "#5"},
				"up": {"uv": [15, 2, 14.75, 1.75], "texture": "#5"}
			}
		},
		{
			"from": [0.5, 12.54328, -7.2039],
			"to": [2.5, 14.54328, -5.2039],
			"rotation": {"angle": 0, "axis": "y", "origin": [8, 12.04328, 0.2961]},
			"faces": {
				"north": {"uv": [2.375, 14.75, 2.625, 15], "texture": "#5"},
				"east": {"uv": [2.75, 14.75, 3, 15], "texture": "#5"},
				"south": {"uv": [3.375, 14.75, 3.625, 15], "texture": "#5"},
				"west": {"uv": [14.75, 5, 15, 5.25], "texture": "#5"},
				"up": {"uv": [15, 5.625, 14.75, 5.375], "texture": "#5"}
			}
		},
		{
			"from": [15.5, 6.5803, -9.39001],
			"to": [16.5, 12.5803, -8.39001],
			"rotation": {"angle": 22.5, "axis": "x", "origin": [8, 9.5803, -8.89001]},
			"faces": {
				"north": {"uv": [11.125, 14.125, 11.25, 14.875], "texture": "#5"},
				"east": {"uv": [11.375, 14.125, 11.5, 14.875], "texture": "#5"},
				"south": {"uv": [11.625, 14.125, 11.75, 14.875], "texture": "#5"},
				"west": {"uv": [12.375, 14.125, 12.5, 14.875], "texture": "#5"},
				"up": {"uv": [15.125, 12.375, 15, 12.25], "texture": "#5"},
				"down": {"uv": [12.5, 15, 12.375, 15.125], "texture": "#5"}
			}
		},
		{
			"from": [-4.3, 7, -9.4],
			"to": [-1.3, 9, -9.4],
			"rotation": {"angle": 22.5, "axis": "y", "origin": [-2.8, 8, -9.75]},
			"faces": {
				"north": {"uv": [14.125, 10.25, 14.5, 10.5], "texture": "#5"},
				"south": {"uv": [14.125, 11.5, 14.5, 11.75], "texture": "#5"}
			}
		},
		{
			"from": [-5.475, 7.475, -10.25],
			"to": [-3.475, 8.475, -9.25],
			"rotation": {"angle": -45, "axis": "z", "origin": [-3.9, 3.35, -8.5]},
			"faces": {
				"north": {"uv": [4.25, 15, 4.5, 15.125], "texture": "#5"},
				"east": {"uv": [15, 12.5, 15.125, 12.625], "texture": "#5"},
				"south": {"uv": [6.625, 15, 6.875, 15.125], "texture": "#5"},
				"west": {"uv": [15, 12.75, 15.125, 12.875], "texture": "#5"},
				"up": {"uv": [15.25, 7.375, 15, 7.25], "texture": "#5"},
				"down": {"uv": [7.75, 15, 7.5, 15.125], "texture": "#5"}
			}
		},
		{
			"from": [19.475, 7.475, -10.25],
			"to": [21.475, 8.475, -9.25],
			"rotation": {"angle": 45, "axis": "z", "origin": [19.9, 3.35, -8.5]},
			"faces": {
				"north": {"uv": [15, 7.5, 15.25, 7.625], "texture": "#5"},
				"east": {"uv": [15, 13, 15.125, 13.125], "texture": "#5"},
				"south": {"uv": [15, 7.75, 15.25, 7.875], "texture": "#5"},
				"west": {"uv": [15, 13.25, 15.125, 13.375], "texture": "#5"},
				"up": {"uv": [15.25, 8.125, 15, 8], "texture": "#5"},
				"down": {"uv": [9.625, 15, 9.375, 15.125], "texture": "#5"}
			}
		},
		{
			"from": [17.3, 7, -9.4],
			"to": [20.3, 9, -9.4],
			"rotation": {"angle": -22.5, "axis": "y", "origin": [18.8, 8, -9.75]},
			"faces": {
				"north": {"uv": [14.125, 13.5, 14.5, 13.75], "texture": "#5"},
				"south": {"uv": [14.125, 13.875, 14.5, 14.125], "texture": "#5"}
			}
		},
		{
			"from": [-1, 0, -6.5],
			"to": [17, 4, -0.5],
			"faces": {
				"east": {"uv": [10.75, 12.25, 11.5, 12.75], "texture": "#5"},
				"west": {"uv": [11.625, 12.25, 12.375, 12.75], "texture": "#5"}
			}
		},
		{
			"from": [0, 0, 11.5],
			"to": [16, 4, 23.5],
			"faces": {
				"east": {"uv": [11.125, 0.625, 12.625, 1.125], "texture": "#5"},
				"west": {"uv": [11.125, 1.25, 12.625, 1.75], "texture": "#5"}
			}
		},
		{
			"from": [0.5, 6.96134, -9.32723],
			"to": [15.5, 12.96134, -8.82723],
			"rotation": {"angle": 22.5, "axis": "x", "origin": [8.5, 9.46134, -10.17723]},
			"faces": {
				"north": {"uv": [14.125, 15.25, 16, 16], "texture": "#5"},
				"south": {"uv": [16, 15.25, 14.125, 16], "texture": "#5"}
			}
		},
		{
			"from": [-0.25, 6.96134, -9.42723],
			"to": [0.25, 11.96134, -0.42723],
			"rotation": {"angle": 0, "axis": "y", "origin": [0, -0.51366, -8.67723]},
			"faces": {
				"east": {"uv": [1.125, 15.375, 0, 16], "texture": "#5"},
				"west": {"uv": [0, 15.375, 1.125, 16], "texture": "#5"}
			}
		},
		{
			"from": [15.75, 6.96134, -9.42723],
			"to": [16.25, 11.96134, -0.42723],
			"rotation": {"angle": 0, "axis": "y", "origin": [16, -0.51366, -8.67723]},
			"faces": {
				"east": {"uv": [1.125, 15.375, 0, 16], "texture": "#5"},
				"west": {"uv": [0, 15.375, 1.125, 16], "texture": "#5"}
			}
		},
		{
			"from": [9, 0.87026, -1.58849],
			"to": [14.5, 7.87026, 0.41151],
			"rotation": {"angle": 22.5, "axis": "x", "origin": [11.75, 4.37026, -0.58849]},
			"faces": {
				"north": {"uv": [3.5, 3, 4.875, 4.75], "texture": "#1"},
				"east": {"uv": [3.5, 7, 4, 8.75], "texture": "#1"},
				"south": {"uv": [0, 4, 1.375, 5.75], "texture": "#1"},
				"west": {"uv": [7, 4, 7.5, 5.75], "texture": "#1"},
				"up": {"uv": [7.625, 8, 6.25, 7.5], "texture": "#1"},
				"down": {"uv": [0, 0, 0, 0], "texture": "#1"}
			}
		},
		{
			"from": [9.004, 0.754, -6],
			"to": [14.5, 2.75, -1.004],
			"rotation": {"angle": 0, "axis": "y", "origin": [11.752, 3.002, -3.502]},
			"faces": {
				"north": {"uv": [7.75, 4, 9.125, 4.5], "texture": "#1"},
				"east": {"uv": [6.25, 8.25, 7.5, 8.75], "texture": "#1"},
				"south": {"uv": [0, 0, 0, 0], "texture": "#1"},
				"west": {"uv": [7.75, 8.25, 9, 8.75], "texture": "#1"},
				"up": {"uv": [6.625, 4.25, 5.25, 3], "texture": "#1"},
				"down": {"uv": [6.625, 4.5, 5.25, 5.75], "texture": "#1"}
			}
		},
		{
			"from": [1.5, 0.754, -6],
			"to": [6.996, 2.75, -1.004],
			"rotation": {"angle": 0, "axis": "y", "origin": [4.248, 3.002, -3.502]},
			"faces": {
				"north": {"uv": [7.75, 4.75, 9.125, 5.25], "texture": "#1"},
				"east": {"uv": [8.5, 1.5, 9.75, 2], "texture": "#1"},
				"south": {"uv": [0, 0, 0, 0], "texture": "#1"},
				"west": {"uv": [8.5, 2.25, 9.75, 2.75], "texture": "#1"},
				"up": {"uv": [1.375, 7.25, 0, 6], "texture": "#1"},
				"down": {"uv": [3.125, 6, 1.75, 7.25], "texture": "#1"}
			}
		},
		{
			"from": [1.496, 0.87026, -1.58849],
			"to": [6.996, 7.87026, 0.41151],
			"rotation": {"angle": 22.5, "axis": "x", "origin": [4.246, 4.37026, -0.58849]},
			"faces": {
				"north": {"uv": [1.75, 4, 3.125, 5.75], "texture": "#1"},
				"east": {"uv": [4.25, 7, 4.75, 8.75], "texture": "#1"},
				"south": {"uv": [3.5, 5, 4.875, 6.75], "texture": "#1"},
				"west": {"uv": [0, 7.5, 0.5, 9.25], "texture": "#1"},
				"up": {"uv": [9.375, 8, 8, 7.5], "texture": "#1"},
				"down": {"uv": [0, 0, 0, 0], "texture": "#1"}
			}
		},
		{
			"from": [2, 3.625, -8.5],
			"to": [7, 7.625, -7],
			"rotation": {"angle": 0, "axis": "y", "origin": [0, 1, -9]},
			"faces": {
				"north": {"uv": [7, 1.5, 8.25, 2.5], "texture": "#1"},
				"east": {"uv": [5, 8.75, 5.375, 9.75], "texture": "#1"},
				"south": {"uv": [7, 2.75, 8.25, 3.75], "texture": "#1"},
				"west": {"uv": [3.75, 9, 4.125, 10], "texture": "#1"},
				"up": {"uv": [10, 6.625, 8.75, 6.25], "texture": "#1"},
				"down": {"uv": [3.5, 9, 2.25, 9.375], "texture": "#1"}
			}
		},
		{
			"from": [4.25, 6.375, -7.725],
			"to": [4.75, 6.875, -6.225],
			"rotation": {"angle": -22.5, "axis": "x", "origin": [4.5, 6.25, -7.75]},
			"faces": {
				"north": {"uv": [6.25, 9, 6.375, 9.125], "texture": "#1"},
				"east": {"uv": [7.75, 5.5, 8.125, 5.625], "texture": "#1"},
				"south": {"uv": [6.75, 9, 6.875, 9.125], "texture": "#1"},
				"west": {"uv": [8.75, 7, 9.125, 7.125], "texture": "#1"},
				"up": {"uv": [5.875, 9.125, 5.75, 8.75], "texture": "#1"},
				"down": {"uv": [4.625, 9, 4.5, 9.375], "texture": "#1"}
			}
		},
		{
			"from": [2.75, 4.875, -6.175],
			"to": [6.25, 8.375, -6.175],
			"rotation": {"angle": -22.5, "axis": "x", "origin": [4.5, 6.25, -7.75]},
			"faces": {
				"north": {"uv": [2.25, 7.5, 3.125, 8.375], "texture": "#1"},
				"east": {"uv": [0, 0, 0, 0], "texture": "#1"},
				"south": {"uv": [5, 7.5, 5.875, 8.375], "texture": "#1"},
				"west": {"uv": [0, 0, 0, 0], "texture": "#1"},
				"up": {"uv": [0, 0, 0, 0], "texture": "#1"},
				"down": {"uv": [0, 0, 0, 0], "texture": "#1"}
			}
		}
	],
	"display": {
		"thirdperson_righthand": {
			"rotation": [75, 45, 0],
			"translation": [0, 2.5, 0],
			"scale": [0.375, 0.375, 0.375]
		},
		"thirdperson_lefthand": {
			"rotation": [75, 45, 0],
			"translation": [0, 2.5, 0],
			"scale": [0.375, 0.375, 0.375]
		},
		"firstperson_righthand": {
			"rotation": [0, 45, 0],
			"scale": [0.4, 0.4, 0.4]
		},
		"firstperson_lefthand": {
			"rotation": [0, 225, 0],
			"scale": [0.4, 0.4, 0.4]
		},
		"ground": {
			"translation": [0, 3, 0],
			"scale": [0.25, 0.25, 0.25]
		},
		"gui": {
			"rotation": [30, 225, 0],
			"translation": [-0.25, 1, 0],
			"scale": [0.38, 0.38, 0.38]
		},
		"head": {
			"translation": [0, -9.25, 42],
			"scale": [3.5, 3.5, 3.5]
		}
	},
	"groups": [
		{
			"name": "group",
			"origin": [3, 6, -6.5],
			"color": 0,
			"children": [
				0,
				1,
				2,
				3,
				4,
				5,
				6,
				7,
				8,
				9,
				10,
				11,
				12,
				13,
				14,
				15,
				16,
				17,
				18,
				19,
				20,
				21,
				22,
				23,
				24,
				25,
				26,
				27,
				28,
				29,
				30,
				31,
				32,
				33,
				34,
				35,
				36,
				37,
				38,
				39,
				40,
				41,
				42,
				43,
				44,
				45,
				46,
				47,
				48,
				49,
				50,
				51,
				52,
				53,
				54,
				55,
				56,
				57,
				58,
				59,
				60,
				61,
				62,
				63,
				64
			]
		},
		{
			"name": "seats",
			"origin": [8, 8, 8],
			"color": 0,
			"children": [
				{
					"name": "group",
					"origin": [8.5, 3, -9.5],
					"color": 0,
					"children": [65, 66, 67, 68]
				}
			]
		},
		69,
		70,
		{
			"name": "group",
			"origin": [0, -0.51366, 0.32277],
			"color": 0,
			"children": [71, 72, 73]
		},
		{
			"name": "lp_seats",
			"origin": [8, 8, 8],
			"color": 0,
			"children": [
				{
					"name": "group",
					"origin": [4.5, 6.25, 0.25],
					"color": 0,
					"children": [
						{
							"name": "group",
							"origin": [11.752, 3.002, 5.498],
							"color": 0,
							"children": [74, 75, 76, 77]
						},
						78,
						79,
						80
					]
				}
			]
		}
	]
}