{
	"credit": "www.sebxter.pl",
	"texture_size": [128, 128],
	"textures": {
		"1": "block/vehiles/car/seats",
		"5": "block/vehiles/car/limousine",
		"particle": "sebxter:tires_pack/tire_1"
	},
	"elements": [
		{
			"from": [-1, 4, -10.5],
			"to": [17, 7, -4.5],
			"rotation": {"angle": 0, "axis": "y", "origin": [8, 4.5, -10]},
			"faces": {
				"north": {"uv": [8.875, 4.125, 11.125, 4.5], "texture": "#5"},
				"east": {"uv": [3.5, 8, 4.25, 8.375], "texture": "#5"},
				"south": {"uv": [1.875, 9, 4.125, 9.375], "texture": "#5"},
				"west": {"uv": [1.75, 11.75, 2.5, 12.125], "texture": "#5"},
				"up": {"uv": [8.625, 6, 6.375, 5.25], "texture": "#5"},
				"down": {"uv": [8.625, 6.125, 6.375, 6.875], "texture": "#5"}
			}
		},
		{
			"from": [1, 0, -10.5],
			"to": [15, 4, -4.5],
			"rotation": {"angle": 0, "axis": "y", "origin": [8, 2, 4.5]},
			"faces": {
				"north": {"uv": [8.75, 6.25, 10.5, 6.75], "texture": "#5"},
				"east": {"uv": [2.625, 6.375, 3.375, 6.875], "texture": "#5"},
				"south": {"uv": [0, 8.875, 1.75, 9.375], "texture": "#5"},
				"west": {"uv": [3.375, 10.75, 4.125, 11.25], "texture": "#5"},
				"up": {"uv": [6.25, 7.75, 4.5, 7], "texture": "#5"},
				"down": {"uv": [8.125, 7, 6.375, 7.75], "texture": "#5"}
			}
		},
		{
			"from": [-1, 4, 20.5],
			"to": [2, 7, 26.5],
			"rotation": {"angle": 0, "axis": "y", "origin": [8, 5.5, 23.5]},
			"faces": {
				"north": {"uv": [1.25, 12.625, 1.625, 13], "texture": "#5"},
				"east": {"uv": [10.625, 11.875, 11.375, 12.25], "texture": "#5"},
				"south": {"uv": [2.5, 12.625, 2.875, 13], "texture": "#5"},
				"west": {"uv": [0, 12, 0.75, 12.375], "texture": "#5"},
				"up": {"uv": [3, 12.5, 2.625, 11.75], "texture": "#5"},
				"down": {"uv": [3.5, 12, 3.125, 12.75], "texture": "#5"}
			}
		},
		{
			"from": [-1, 0, -14.5],
			"to": [5, 7, -10.5],
			"rotation": {"angle": 0, "axis": "y", "origin": [8, 4.5, -10]},
			"faces": {
				"north": {"uv": [5.75, 9.25, 6.5, 10.125], "texture": "#5"},
				"east": {"uv": [1.5, 10.5, 2, 11.375], "texture": "#5"},
				"south": {"uv": [6.625, 9.25, 7.375, 10.125], "texture": "#5"},
				"west": {"uv": [5.75, 10.625, 6.25, 11.5], "texture": "#5"},
				"up": {"uv": [11.5, 11.125, 10.75, 10.625], "texture": "#5"},
				"down": {"uv": [11.625, 6.625, 10.875, 7.125], "texture": "#5"}
			}
		},
		{
			"from": [4.01127, 0.005, -13.49919],
			"to": [7.00127, 6.995, -12.50919],
			"rotation": {"angle": -22.5, "axis": "y", "origin": [7.00627, 3.5, -11.50419]},
			"faces": {
				"north": {"uv": [6.625, 11.625, 7, 12.5], "texture": "#5"},
				"east": {"uv": [4, 9.5, 4.125, 10.375], "texture": "#5"},
				"south": {"uv": [7.125, 11.625, 7.5, 12.5], "texture": "#5"},
				"west": {"uv": [10.375, 12.625, 10.5, 13.5], "texture": "#5"},
				"up": {"uv": [2.5, 10.625, 2.125, 10.5], "texture": "#5"},
				"down": {"uv": [11.125, 3.875, 10.75, 4], "texture": "#5"}
			}
		},
		{
			"from": [8.99873, 0.005, -13.49919],
			"to": [11.98873, 6.995, -12.50919],
			"rotation": {"angle": 22.5, "axis": "y", "origin": [8.99373, 3.5, -11.50419]},
			"faces": {
				"north": {"uv": [7.625, 11.625, 8, 12.5], "texture": "#5"},
				"east": {"uv": [6.5, 12.875, 6.625, 13.75], "texture": "#5"},
				"south": {"uv": [8.125, 11.625, 8.5, 12.5], "texture": "#5"},
				"west": {"uv": [6.75, 12.875, 6.875, 13.75], "texture": "#5"},
				"up": {"uv": [14, 12.75, 13.625, 12.625], "texture": "#5"},
				"down": {"uv": [14, 12.875, 13.625, 13], "texture": "#5"}
			}
		},
		{
			"from": [11, 0, -14.5],
			"to": [17, 7, -10.5],
			"rotation": {"angle": 0, "axis": "y", "origin": [8, 4.5, -10]},
			"faces": {
				"north": {"uv": [7.5, 9.25, 8.25, 10.125], "texture": "#5"},
				"east": {"uv": [6.375, 10.625, 6.875, 11.5], "texture": "#5"},
				"south": {"uv": [0, 9.5, 0.75, 10.375], "texture": "#5"},
				"west": {"uv": [7, 10.625, 7.5, 11.5], "texture": "#5"},
				"up": {"uv": [12, 4.375, 11.25, 3.875], "texture": "#5"},
				"down": {"uv": [12, 5.625, 11.25, 6.125], "texture": "#5"}
			}
		},
		{
			"from": [5, 0, -13.5],
			"to": [11, 7, -10.5],
			"rotation": {"angle": 0, "axis": "y", "origin": [8, 4.5, -10]},
			"faces": {
				"north": {"uv": [0.875, 9.5, 1.625, 10.375], "texture": "#5"},
				"east": {"uv": [8.625, 11.625, 9, 12.5], "texture": "#5"},
				"south": {"uv": [1.75, 9.5, 2.5, 10.375], "texture": "#5"},
				"west": {"uv": [9.125, 11.625, 9.5, 12.5], "texture": "#5"},
				"up": {"uv": [12.75, 0.375, 12, 0], "texture": "#5"},
				"down": {"uv": [12.75, 1.875, 12, 2.25], "texture": "#5"}
			}
		},
		{
			"from": [14, 4.6, -15.25],
			"to": [16, 6.6, -13.25],
			"rotation": {"angle": -22.5, "axis": "y", "origin": [15, 5.6, -14.25]},
			"faces": {
				"north": {"uv": [8.25, 7.5, 8.5, 7.75], "texture": "#5"},
				"east": {"uv": [13.25, 11.875, 13.5, 12.125], "texture": "#5"},
				"south": {"uv": [13.25, 12.25, 13.5, 12.5], "texture": "#5"},
				"west": {"uv": [13.25, 12.625, 13.5, 12.875], "texture": "#5"},
				"up": {"uv": [13.5, 13.25, 13.25, 13], "texture": "#5"},
				"down": {"uv": [13.625, 5.25, 13.375, 5.5], "texture": "#5"}
			}
		},
		{
			"from": [0, 4.6, -15.25],
			"to": [2, 6.6, -13.25],
			"rotation": {"angle": 22.5, "axis": "y", "origin": [1, 5.6, -14.25]},
			"faces": {
				"north": {"uv": [7.5, 13.375, 7.75, 13.625], "texture": "#5"},
				"east": {"uv": [13.375, 7.75, 13.625, 8], "texture": "#5"},
				"south": {"uv": [7.875, 13.375, 8.125, 13.625], "texture": "#5"},
				"west": {"uv": [13.375, 9, 13.625, 9.25], "texture": "#5"},
				"up": {"uv": [13.5, 13.625, 13.25, 13.375], "texture": "#5"},
				"down": {"uv": [2, 13.5, 1.75, 13.75], "texture": "#5"}
			}
		},
		{
			"from": [12, 3.5, -15],
			"to": [13, 7.5, -5],
			"rotation": {"angle": -22.5, "axis": "z", "origin": [12.5, 5.5, -10]},
			"faces": {
				"north": {"uv": [3.5, 6.375, 3.625, 6.875], "texture": "#5"},
				"east": {"uv": [2.625, 9.5, 3.875, 10], "texture": "#5"},
				"south": {"uv": [2.125, 13.5, 2.25, 14], "texture": "#5"},
				"west": {"uv": [2.625, 10.125, 3.875, 10.625], "texture": "#5"},
				"up": {"uv": [11.25, 13.625, 11.125, 12.375], "texture": "#5"},
				"down": {"uv": [0.625, 12.5, 0.5, 13.75], "texture": "#5"}
			}
		},
		{
			"from": [2.5, 4.75, -15],
			"to": [13.5, 5.75, -14],
			"rotation": {"angle": 45, "axis": "x", "origin": [8, 5.25, -14.5]},
			"faces": {
				"north": {"uv": [12.625, 8.75, 14, 8.875], "texture": "#5"},
				"east": {"uv": [4, 10.5, 4.125, 10.625], "texture": "#5"},
				"south": {"uv": [12.625, 10.25, 14, 10.375], "texture": "#5"},
				"west": {"uv": [3.125, 11.75, 3.25, 11.875], "texture": "#5"},
				"up": {"uv": [14, 10.625, 12.625, 10.5], "texture": "#5"},
				"down": {"uv": [14, 10.75, 12.625, 10.875], "texture": "#5"}
			}
		},
		{
			"from": [3, 3.5, -15],
			"to": [4, 7.5, -5],
			"rotation": {"angle": 22.5, "axis": "z", "origin": [3.5, 5.5, -10]},
			"faces": {
				"north": {"uv": [2.375, 13.5, 2.5, 14], "texture": "#5"},
				"east": {"uv": [10.125, 4.625, 11.375, 5.125], "texture": "#5"},
				"south": {"uv": [2.625, 13.5, 2.75, 14], "texture": "#5"},
				"west": {"uv": [10.25, 1.25, 11.5, 1.75], "texture": "#5"},
				"up": {"uv": [0.875, 13.875, 0.75, 12.625], "texture": "#5"},
				"down": {"uv": [1.125, 12.625, 1, 13.875], "texture": "#5"}
			}
		},
		{
			"from": [7.04882, 7, -12.47978],
			"to": [9.04882, 8, -10.47978],
			"rotation": {"angle": 45, "axis": "y", "origin": [8, 8.33333, -11.43096]},
			"faces": {
				"north": {"uv": [5.75, 9, 6, 9.125], "texture": "#5"},
				"east": {"uv": [9.75, 4.625, 10, 4.75], "texture": "#5"},
				"south": {"uv": [1.75, 11.5, 2, 11.625], "texture": "#5"},
				"west": {"uv": [13.625, 13.125, 13.875, 13.25], "texture": "#5"},
				"up": {"uv": [3.125, 13.75, 2.875, 13.5], "texture": "#5"},
				"down": {"uv": [3.5, 13.5, 3.25, 13.75], "texture": "#5"}
			}
		},
		{
			"from": [7.5, 8, -12],
			"to": [8.5, 9, -11],
			"rotation": {"angle": 0, "axis": "y", "origin": [8, 8.33333, -11.43096]},
			"faces": {
				"north": {"uv": [11.125, 13.75, 11.25, 13.875], "texture": "#5"},
				"east": {"uv": [12.25, 13.75, 12.375, 13.875], "texture": "#5"},
				"south": {"uv": [0.5, 13.875, 0.625, 14], "texture": "#5"},
				"west": {"uv": [3.625, 13.875, 3.75, 14], "texture": "#5"},
				"up": {"uv": [14, 3.875, 13.875, 3.75], "texture": "#5"},
				"down": {"uv": [4, 13.875, 3.875, 14], "texture": "#5"}
			}
		},
		{
			"from": [7.5, 8.5, -12],
			"to": [8.5, 9.5, -11],
			"rotation": {"angle": 45, "axis": "z", "origin": [8, 9, -11.5]},
			"faces": {
				"north": {"uv": [13.875, 4, 14, 4.125], "texture": "#5"},
				"east": {"uv": [13.875, 4.5, 14, 4.625], "texture": "#5"},
				"south": {"uv": [13.875, 4.75, 14, 4.875], "texture": "#5"},
				"west": {"uv": [13.875, 5.875, 14, 6], "texture": "#5"},
				"up": {"uv": [14, 6.25, 13.875, 6.125], "texture": "#5"},
				"down": {"uv": [6.5, 13.875, 6.375, 14], "texture": "#5"}
			}
		},
		{
			"from": [12.5, 1, -16],
			"to": [16.5, 2, -14],
			"rotation": {"angle": -22.5, "axis": "y", "origin": [14.5, 1.5, -15]},
			"faces": {
				"north": {"uv": [13.25, 2.125, 13.75, 2.25], "texture": "#5"},
				"east": {"uv": [13.625, 13.375, 13.875, 13.5], "texture": "#5"},
				"south": {"uv": [13.5, 5.625, 14, 5.75], "texture": "#5"},
				"west": {"uv": [13.625, 13.625, 13.875, 13.75], "texture": "#5"},
				"up": {"uv": [6.875, 3.125, 6.375, 2.875], "texture": "#5"},
				"down": {"uv": [11.5, 10.25, 11, 10.5], "texture": "#5"}
			}
		},
		{
			"from": [-0.5, 1, -16],
			"to": [3.5, 2, -14],
			"rotation": {"angle": 22.5, "axis": "y", "origin": [1.5, 1.5, -15]},
			"faces": {
				"north": {"uv": [13.5, 7.125, 14, 7.25], "texture": "#5"},
				"east": {"uv": [13.75, 0, 14, 0.125], "texture": "#5"},
				"south": {"uv": [13.5, 10, 14, 10.125], "texture": "#5"},
				"west": {"uv": [13.75, 0.25, 14, 0.375], "texture": "#5"},
				"up": {"uv": [13.25, 5.5, 12.75, 5.25], "texture": "#5"},
				"down": {"uv": [11.875, 12.75, 11.375, 13], "texture": "#5"}
			}
		},
		{
			"from": [-1.5, 1.5, -15.5],
			"to": [17.5, 4.5, -11.5],
			"rotation": {"angle": 0, "axis": "y", "origin": [8.5, 3, -13.5]},
			"faces": {
				"north": {"uv": [8.75, 5.75, 11.125, 6.125], "texture": "#5"},
				"east": {"uv": [1.875, 7.25, 2.375, 7.625], "texture": "#5"},
				"south": {"uv": [6.125, 8.75, 8.5, 9.125], "texture": "#5"},
				"west": {"uv": [6, 12.25, 6.5, 12.625], "texture": "#5"},
				"up": {"uv": [10.125, 1.75, 7.75, 1.25], "texture": "#5"},
				"down": {"uv": [6.875, 7.875, 4.5, 8.375], "texture": "#5"}
			}
		},
		{
			"from": [-2, 1.5, 27.5],
			"to": [18, 4.5, 31.5],
			"rotation": {"angle": 0, "axis": "y", "origin": [8, 3, 29.5]},
			"faces": {
				"north": {"uv": [8.25, 7, 10.75, 7.375], "texture": "#5"},
				"east": {"uv": [11.5, 12.25, 12, 12.625], "texture": "#5"},
				"south": {"uv": [3.5, 8.5, 6, 8.875], "texture": "#5"},
				"west": {"uv": [12.375, 4.5, 12.875, 4.875], "texture": "#5"},
				"up": {"uv": [10.25, 0.5, 7.75, 0], "texture": "#5"},
				"down": {"uv": [10.25, 0.625, 7.75, 1.125], "texture": "#5"}
			}
		},
		{
			"from": [5, 0.5, -15.5],
			"to": [11, 1.5, -11.5],
			"rotation": {"angle": 0, "axis": "y", "origin": [8, 1, -13.5]},
			"faces": {
				"north": {"uv": [6.125, 8.5, 6.875, 8.625], "texture": "#5"},
				"east": {"uv": [13.5, 11, 14, 11.125], "texture": "#5"},
				"south": {"uv": [8.875, 4.625, 9.625, 4.75], "texture": "#5"},
				"west": {"uv": [13.625, 1, 14.125, 1.125], "texture": "#5"},
				"up": {"uv": [11.5, 11.75, 10.75, 11.25], "texture": "#5"},
				"down": {"uv": [0.75, 11.375, 0, 11.875], "texture": "#5"}
			}
		},
		{
			"from": [-1, 0, 26.5],
			"to": [2, 7, 30.5],
			"rotation": {"angle": 0, "axis": "y", "origin": [8, 3.5, 28.5]},
			"faces": {
				"north": {"uv": [9.625, 11.625, 10, 12.5], "texture": "#5"},
				"east": {"uv": [7.625, 10.625, 8.125, 11.5], "texture": "#5"},
				"south": {"uv": [10.125, 11.625, 10.5, 12.5], "texture": "#5"},
				"west": {"uv": [8.25, 10.625, 8.75, 11.5], "texture": "#5"},
				"up": {"uv": [11, 12.875, 10.625, 12.375], "texture": "#5"},
				"down": {"uv": [0.375, 12.5, 0, 13], "texture": "#5"}
			}
		},
		{
			"from": [0.72627, 0, 25.84881],
			"to": [2.72627, 7, 29.84881],
			"rotation": {"angle": -22.5, "axis": "y", "origin": [0.72627, 3.5, 28.34881]},
			"faces": {
				"north": {"uv": [12.125, 11.875, 12.375, 12.75], "texture": "#5"},
				"east": {"uv": [8.875, 10.625, 9.375, 11.5], "texture": "#5"},
				"south": {"uv": [1.75, 12.25, 2, 13.125], "texture": "#5"},
				"west": {"uv": [9.5, 10.625, 10, 11.5], "texture": "#5"},
				"up": {"uv": [13.125, 2.25, 12.875, 1.75], "texture": "#5"},
				"down": {"uv": [3.25, 12.875, 3, 13.375], "texture": "#5"}
			}
		},
		{
			"from": [13.27373, 0, 25.84881],
			"to": [15.27373, 7, 29.84881],
			"rotation": {"angle": 22.5, "axis": "y", "origin": [15.27373, 3.5, 28.34881]},
			"faces": {
				"north": {"uv": [2.125, 12.25, 2.375, 13.125], "texture": "#5"},
				"east": {"uv": [10.125, 10.625, 10.625, 11.5], "texture": "#5"},
				"south": {"uv": [4.125, 12.25, 4.375, 13.125], "texture": "#5"},
				"west": {"uv": [2.125, 10.75, 2.625, 11.625], "texture": "#5"},
				"up": {"uv": [3.625, 13.375, 3.375, 12.875], "texture": "#5"},
				"down": {"uv": [4, 12.875, 3.75, 13.375], "texture": "#5"}
			}
		},
		{
			"from": [-0.5, 4.75, 29.85],
			"to": [1.5, 6.75, 30.85],
			"rotation": {"angle": -22.5, "axis": "x", "origin": [0.5, 5.75, 30.35]},
			"faces": {
				"north": {"uv": [3.625, 13.5, 3.875, 13.75], "texture": "#5"},
				"east": {"uv": [8.375, 9.25, 8.5, 9.5], "texture": "#5"},
				"south": {"uv": [13.625, 1.25, 13.875, 1.5], "texture": "#5"},
				"west": {"uv": [10.625, 6.625, 10.75, 6.875], "texture": "#5"},
				"up": {"uv": [14, 5.375, 13.75, 5.25], "texture": "#5"},
				"down": {"uv": [14, 7.375, 13.75, 7.5], "texture": "#5"}
			}
		},
		{
			"from": [14.5, 4.75, 29.85],
			"to": [16.5, 6.75, 30.85],
			"rotation": {"angle": -22.5, "axis": "x", "origin": [15.5, 5.75, 30.35]},
			"faces": {
				"north": {"uv": [13.625, 11.875, 13.875, 12.125], "texture": "#5"},
				"east": {"uv": [10.375, 13.625, 10.5, 13.875], "texture": "#5"},
				"south": {"uv": [13.625, 12.25, 13.875, 12.5], "texture": "#5"},
				"west": {"uv": [13, 13.625, 13.125, 13.875], "texture": "#5"},
				"up": {"uv": [7.75, 13.875, 7.5, 13.75], "texture": "#5"},
				"down": {"uv": [14, 7.625, 13.75, 7.75], "texture": "#5"}
			}
		},
		{
			"from": [-1.13043, 1.25, 30.75],
			"to": [3.86957, 2.25, 31.75],
			"rotation": {"angle": 45, "axis": "x", "origin": [1.36957, 1.75, 31.25]},
			"faces": {
				"north": {"uv": [1.875, 7.75, 2.5, 7.875], "texture": "#5"},
				"east": {"uv": [13.875, 6.375, 14, 6.5], "texture": "#5"},
				"south": {"uv": [13, 11.375, 13.625, 11.5], "texture": "#5"},
				"west": {"uv": [6.625, 13.875, 6.75, 14], "texture": "#5"},
				"up": {"uv": [13.75, 6.125, 13.125, 6], "texture": "#5"},
				"down": {"uv": [13.75, 6.25, 13.125, 6.375], "texture": "#5"}
			}
		},
		{
			"from": [12.13043, 1.25, 30.75],
			"to": [17.13043, 2.25, 31.75],
			"rotation": {"angle": 45, "axis": "x", "origin": [14.63043, 1.75, 31.25]},
			"faces": {
				"north": {"uv": [7.5, 13.125, 8.125, 13.25], "texture": "#5"},
				"east": {"uv": [6.875, 13.875, 7, 14], "texture": "#5"},
				"south": {"uv": [13.25, 1.625, 13.875, 1.75], "texture": "#5"},
				"west": {"uv": [7.125, 13.875, 7.25, 14], "texture": "#5"},
				"up": {"uv": [2.375, 13.375, 1.75, 13.25], "texture": "#5"},
				"down": {"uv": [13.875, 1.875, 13.25, 2], "texture": "#5"}
			}
		},
		{
			"from": [-1, 0, -4.5],
			"to": [1, 7, 20.5],
			"rotation": {"angle": 0, "axis": "y", "origin": [8, 3.5, 11.33333]},
			"faces": {
				"north": {"uv": [4.5, 12.25, 4.75, 13.125], "texture": "#5"},
				"east": {"uv": [3.75, 3.25, 6.875, 4.125], "texture": "#5"},
				"south": {"uv": [4.875, 12.25, 5.125, 13.125], "texture": "#5"},
				"west": {"uv": [3.75, 4.25, 6.875, 5.125], "texture": "#5"},
				"up": {"uv": [4.5, 12.125, 4.25, 9], "texture": "#5"},
				"down": {"uv": [4.875, 9, 4.625, 12.125], "texture": "#5"}
			}
		},
		{
			"from": [15, 0, -4.5],
			"to": [17, 7, 20.5],
			"rotation": {"angle": 0, "axis": "y", "origin": [8, 3.5, 11.33333]},
			"faces": {
				"north": {"uv": [5.25, 12.25, 5.5, 13.125], "texture": "#5"},
				"east": {"uv": [4.5, 0, 7.625, 0.875], "texture": "#5"},
				"south": {"uv": [5.625, 12.25, 5.875, 13.125], "texture": "#5"},
				"west": {"uv": [4.5, 1, 7.625, 1.875], "texture": "#5"},
				"up": {"uv": [5.25, 12.125, 5, 9], "texture": "#5"},
				"down": {"uv": [5.625, 9, 5.375, 12.125], "texture": "#5"}
			}
		},
		{
			"from": [1, 0, -4.5],
			"to": [15, 1, 19.5],
			"rotation": {"angle": 0, "axis": "y", "origin": [8, 3.5, 11.33333]},
			"faces": {
				"up": {"uv": [1.75, 6.25, 0, 3.25], "texture": "#5"},
				"down": {"uv": [3.625, 3.25, 1.875, 6.25], "texture": "#5"}
			}
		},
		{
			"from": [1, 0.03702, -4.31389],
			"to": [15, 7.03702, -3.31389],
			"rotation": {"angle": -22.5, "axis": "x", "origin": [8, 4.03702, -3.81389]},
			"faces": {
				"south": {"uv": [2.625, 7, 4.375, 7.875], "texture": "#5"}
			}
		},
		{
			"from": [-2, 2.9, -5.5],
			"to": [18, 4.9, -4.5],
			"rotation": {"angle": -22.5, "axis": "x", "origin": [-1.5, 4.9, -4]},
			"faces": {
				"north": {"uv": [9, 2.5, 11.5, 2.75], "texture": "#5"},
				"east": {"uv": [7.875, 13.75, 8, 14], "texture": "#5"},
				"south": {"uv": [10, 8.75, 12.5, 9], "texture": "#5"},
				"west": {"uv": [13.75, 7.875, 13.875, 8.125], "texture": "#5"},
				"up": {"uv": [13.375, 7.375, 10.875, 7.25], "texture": "#5"},
				"down": {"uv": [13.875, 3.5, 11.375, 3.625], "texture": "#5"}
			}
		},
		{
			"from": [-2, 1.75195, -10.65224],
			"to": [18, 3.75195, -9.65224],
			"rotation": {"angle": 22.5, "axis": "x", "origin": [-1.5, 3.75195, -8.15224]},
			"faces": {
				"north": {"uv": [10.125, 5.25, 12.625, 5.5], "texture": "#5"},
				"east": {"uv": [8.125, 13.75, 8.25, 14], "texture": "#5"},
				"south": {"uv": [5.75, 10.25, 8.25, 10.5], "texture": "#5"},
				"west": {"uv": [8.375, 13.75, 8.5, 14], "texture": "#5"},
				"up": {"uv": [14.125, 2.5, 11.625, 2.375], "texture": "#5"},
				"down": {"uv": [14.125, 2.625, 11.625, 2.75], "texture": "#5"}
			}
		},
		{
			"from": [-1.995, 3.71366, -10.45694],
			"to": [17.995, 4.70366, -4.46694],
			"rotation": {"angle": 0, "axis": "y", "origin": [-1.5, 5.20866, -6.46194]},
			"faces": {
				"north": {"uv": [11.75, 0.5, 14.25, 0.625], "texture": "#5"},
				"east": {"uv": [12.875, 0, 13.625, 0.125], "texture": "#5"},
				"south": {"uv": [11.75, 0.75, 14.25, 0.875], "texture": "#5"},
				"west": {"uv": [12.875, 0.25, 13.625, 0.375], "texture": "#5"},
				"up": {"uv": [7, 2.75, 4.5, 2], "texture": "#5"},
				"down": {"uv": [6.25, 5.25, 3.75, 6], "texture": "#5"}
			}
		},
		{
			"from": [-2, 1.75195, 20.34776],
			"to": [18, 3.75195, 21.34776],
			"rotation": {"angle": 22.5, "axis": "x", "origin": [-1.5, 3.75195, 22.84776]},
			"faces": {
				"north": {"uv": [10.25, 7.5, 12.75, 7.75], "texture": "#5"},
				"east": {"uv": [8.625, 13.75, 8.75, 14], "texture": "#5"},
				"south": {"uv": [10.25, 7.875, 12.75, 8.125], "texture": "#5"},
				"west": {"uv": [8.875, 13.75, 9, 14], "texture": "#5"},
				"up": {"uv": [14.25, 6.75, 11.75, 6.625], "texture": "#5"},
				"down": {"uv": [14.25, 6.875, 11.75, 7], "texture": "#5"}
			}
		},
		{
			"from": [-1.995, 3.71366, 20.54306],
			"to": [17.995, 4.70366, 26.53306],
			"rotation": {"angle": 0, "axis": "y", "origin": [-1.5, 5.20866, 24.53806]},
			"faces": {
				"north": {"uv": [11.875, 8.25, 14.375, 8.375], "texture": "#5"},
				"east": {"uv": [7.5, 12.875, 8.25, 13], "texture": "#5"},
				"south": {"uv": [11.875, 8.5, 14.375, 8.625], "texture": "#5"},
				"west": {"uv": [12.875, 7.5, 13.625, 7.625], "texture": "#5"},
				"up": {"uv": [6.25, 6.875, 3.75, 6.125], "texture": "#5"},
				"down": {"uv": [2.5, 6.375, 0, 7.125], "texture": "#5"}
			}
		},
		{
			"from": [-2, 2.9, 25.5],
			"to": [18, 4.9, 26.5],
			"rotation": {"angle": -22.5, "axis": "x", "origin": [-1.5, 4.9, 27]},
			"faces": {
				"north": {"uv": [8.375, 10.25, 10.875, 10.5], "texture": "#5"},
				"east": {"uv": [13.75, 9, 13.875, 9.25], "texture": "#5"},
				"south": {"uv": [10.25, 9.125, 12.75, 9.375], "texture": "#5"},
				"west": {"uv": [9.125, 13.75, 9.25, 14], "texture": "#5"},
				"up": {"uv": [14.375, 9.625, 11.875, 9.5], "texture": "#5"},
				"down": {"uv": [14.375, 9.75, 11.875, 9.875], "texture": "#5"}
			}
		},
		{
			"from": [1, 0, 20.5],
			"to": [15, 4, 26.5],
			"rotation": {"angle": 0, "axis": "y", "origin": [8, 2, 35.5]},
			"faces": {
				"north": {"uv": [8.875, 2.875, 10.625, 3.375], "texture": "#5"},
				"east": {"uv": [11.375, 2.875, 12.125, 3.375], "texture": "#5"},
				"south": {"uv": [8.875, 3.5, 10.625, 4], "texture": "#5"},
				"west": {"uv": [3.375, 11.375, 4.125, 11.875], "texture": "#5"},
				"up": {"uv": [8.875, 2.75, 7.125, 2], "texture": "#5"},
				"down": {"uv": [1.75, 7.25, 0, 8], "texture": "#5"}
			}
		},
		{
			"from": [-0.5, 6.52336, -4.36334],
			"to": [0.5, 12.52336, -3.36334],
			"rotation": {"angle": 22.5, "axis": "x", "origin": [8, 9.52336, -3.86334]},
			"faces": {
				"north": {"uv": [8.375, 12.875, 8.5, 13.625], "texture": "#5"},
				"east": {"uv": [8.625, 12.875, 8.75, 13.625], "texture": "#5"},
				"south": {"uv": [8.875, 12.875, 9, 13.625], "texture": "#5"},
				"west": {"uv": [9.125, 12.875, 9.25, 13.625], "texture": "#5"},
				"up": {"uv": [9.875, 14, 9.75, 13.875], "texture": "#5"},
				"down": {"uv": [10.125, 13.875, 10, 14], "texture": "#5"}
			}
		},
		{
			"from": [-0.495, 11.49134, -3.17223],
			"to": [16.495, 12.48134, 21.81777],
			"rotation": {"angle": 0, "axis": "y", "origin": [8, 11.98634, 9.32277]},
			"faces": {
				"north": {"uv": [12.125, 4.25, 14.25, 4.375], "texture": "#5"},
				"east": {"uv": [10.25, 10, 13.375, 10.125], "texture": "#5"},
				"south": {"uv": [12.125, 11.625, 14.25, 11.75], "texture": "#5"},
				"west": {"uv": [10.375, 1, 13.5, 1.125], "texture": "#5"},
				"up": {"uv": [2.125, 3.125, 0, 0], "texture": "#5"},
				"down": {"uv": [4.375, 0, 2.25, 3.125], "texture": "#5"}
			}
		},
		{
			"from": [-0.5, 6.48634, 2.82277],
			"to": [0.5, 11.48634, 3.82277],
			"rotation": {"angle": 0, "axis": "y", "origin": [8, 11.98634, 9.32277]},
			"faces": {
				"north": {"uv": [1.625, 8.125, 1.75, 8.75], "texture": "#5"},
				"east": {"uv": [9.875, 13.125, 10, 13.75], "texture": "#5"},
				"south": {"uv": [10.125, 13.125, 10.25, 13.75], "texture": "#5"},
				"west": {"uv": [11.375, 13.125, 11.5, 13.75], "texture": "#5"},
				"up": {"uv": [10.75, 14, 10.625, 13.875], "texture": "#5"},
				"down": {"uv": [11, 13.875, 10.875, 14], "texture": "#5"}
			}
		},
		{
			"from": [15.5, 6.48634, 2.82277],
			"to": [16.5, 11.48634, 3.82277],
			"rotation": {"angle": 0, "axis": "y", "origin": [8, 11.98634, 9.32277]},
			"faces": {
				"north": {"uv": [11.625, 13.125, 11.75, 13.75], "texture": "#5"},
				"east": {"uv": [12.5, 13.125, 12.625, 13.75], "texture": "#5"},
				"south": {"uv": [12.75, 13.125, 12.875, 13.75], "texture": "#5"},
				"west": {"uv": [4.125, 13.25, 4.25, 13.875], "texture": "#5"},
				"up": {"uv": [11.5, 14, 11.375, 13.875], "texture": "#5"},
				"down": {"uv": [11.75, 13.875, 11.625, 14], "texture": "#5"}
			}
		},
		{
			"from": [-0.5, 6.48634, 12.82277],
			"to": [0.5, 11.48634, 13.82277],
			"rotation": {"angle": 0, "axis": "y", "origin": [8, 11.98634, 9.32277]},
			"faces": {
				"north": {"uv": [4.375, 13.25, 4.5, 13.875], "texture": "#5"},
				"east": {"uv": [4.625, 13.25, 4.75, 13.875], "texture": "#5"},
				"south": {"uv": [4.875, 13.25, 5, 13.875], "texture": "#5"},
				"west": {"uv": [5.125, 13.25, 5.25, 13.875], "texture": "#5"},
				"up": {"uv": [12.625, 14, 12.5, 13.875], "texture": "#5"},
				"down": {"uv": [12.875, 13.875, 12.75, 14], "texture": "#5"}
			}
		},
		{
			"from": [15.5, 6.48634, 12.82277],
			"to": [16.5, 11.48634, 13.82277],
			"rotation": {"angle": 0, "axis": "y", "origin": [8, 11.98634, 9.32277]},
			"faces": {
				"north": {"uv": [5.375, 13.25, 5.5, 13.875], "texture": "#5"},
				"east": {"uv": [5.625, 13.25, 5.75, 13.875], "texture": "#5"},
				"south": {"uv": [5.875, 13.25, 6, 13.875], "texture": "#5"},
				"west": {"uv": [6.125, 13.25, 6.25, 13.875], "texture": "#5"},
				"up": {"uv": [13.75, 14, 13.625, 13.875], "texture": "#5"},
				"down": {"uv": [14, 13.875, 13.875, 14], "texture": "#5"}
			}
		},
		{
			"from": [15.5, 6.52336, -4.36334],
			"to": [16.5, 12.52336, -3.36334],
			"rotation": {"angle": 22.5, "axis": "x", "origin": [8, 9.52336, -3.86334]},
			"faces": {
				"north": {"uv": [9.375, 12.875, 9.5, 13.625], "texture": "#5"},
				"east": {"uv": [9.625, 12.875, 9.75, 13.625], "texture": "#5"},
				"south": {"uv": [12, 12.875, 12.125, 13.625], "texture": "#5"},
				"west": {"uv": [12.25, 12.875, 12.375, 13.625], "texture": "#5"},
				"up": {"uv": [0.125, 14.125, 0, 14], "texture": "#5"},
				"down": {"uv": [0.375, 14, 0.25, 14.125], "texture": "#5"}
			}
		},
		{
			"from": [15.5, 6.52336, 22.00888],
			"to": [16.5, 12.52336, 23.00888],
			"rotation": {"angle": -22.5, "axis": "x", "origin": [8, 9.52336, 22.50888]},
			"faces": {
				"north": {"uv": [10.625, 13, 10.75, 13.75], "texture": "#5"},
				"east": {"uv": [10.875, 13, 11, 13.75], "texture": "#5"},
				"south": {"uv": [13, 11.875, 13.125, 12.625], "texture": "#5"},
				"west": {"uv": [13, 12.75, 13.125, 13.5], "texture": "#5"},
				"up": {"uv": [0.875, 14.125, 0.75, 14], "texture": "#5"},
				"down": {"uv": [1.125, 14, 1, 14.125], "texture": "#5"}
			}
		},
		{
			"from": [-0.5, 6.52336, 22.00888],
			"to": [0.5, 12.52336, 23.00888],
			"rotation": {"angle": -22.5, "axis": "x", "origin": [8, 9.52336, 22.50888]},
			"faces": {
				"north": {"uv": [0, 13.125, 0.125, 13.875], "texture": "#5"},
				"east": {"uv": [0.25, 13.125, 0.375, 13.875], "texture": "#5"},
				"south": {"uv": [1.25, 13.125, 1.375, 13.875], "texture": "#5"},
				"west": {"uv": [1.5, 13.125, 1.625, 13.875], "texture": "#5"},
				"up": {"uv": [1.375, 14.125, 1.25, 14], "texture": "#5"},
				"down": {"uv": [14.125, 1.25, 14, 1.375], "texture": "#5"}
			}
		},
		{
			"from": [14, 4, 20.5],
			"to": [17, 7, 26.5],
			"rotation": {"angle": 0, "axis": "y", "origin": [8, 5.5, 23.5]},
			"faces": {
				"north": {"uv": [9.875, 12.625, 10.25, 13], "texture": "#5"},
				"east": {"uv": [0.875, 12.125, 1.625, 12.5], "texture": "#5"},
				"south": {"uv": [6, 12.75, 6.375, 13.125], "texture": "#5"},
				"west": {"uv": [12.125, 3.75, 12.875, 4.125], "texture": "#5"},
				"up": {"uv": [4, 12.75, 3.625, 12], "texture": "#5"},
				"down": {"uv": [12.5, 10.25, 12.125, 11], "texture": "#5"}
			}
		},
		{
			"from": [2, 4, 20.5],
			"to": [14, 7, 24.5],
			"rotation": {"angle": 0, "axis": "y", "origin": [8, 5.5, 22.5]},
			"faces": {
				"north": {"uv": [10.25, 9.5, 11.75, 9.875], "texture": "#5"},
				"east": {"uv": [12.5, 1.25, 13, 1.625], "texture": "#5"},
				"south": {"uv": [10.375, 0, 11.875, 0.375], "texture": "#5"},
				"west": {"uv": [12.5, 6.125, 13, 6.5], "texture": "#5"},
				"up": {"uv": [10.5, 2.375, 9, 1.875], "texture": "#5"},
				"down": {"uv": [10.125, 9.125, 8.625, 9.625], "texture": "#5"}
			}
		},
		{
			"from": [1, 0, 19.5],
			"to": [15, 7, 20.5],
			"rotation": {"angle": 0, "axis": "y", "origin": [8, 3.5, 11.33333]},
			"faces": {
				"north": {"uv": [7, 2.875, 8.75, 3.75], "texture": "#5"},
				"east": {"uv": [7, 12.875, 7.125, 13.75], "texture": "#5"},
				"south": {"uv": [7, 3.875, 8.75, 4.75], "texture": "#5"},
				"west": {"uv": [7.25, 12.875, 7.375, 13.75], "texture": "#5"},
				"up": {"uv": [14, 3, 12.25, 2.875], "texture": "#5"},
				"down": {"uv": [14, 3.125, 12.25, 3.25], "texture": "#5"}
			}
		},
		{
			"from": [14, 0, 26.5],
			"to": [17, 7, 30.5],
			"rotation": {"angle": 0, "axis": "y", "origin": [8, 3.5, 28.5]},
			"faces": {
				"north": {"uv": [11.625, 10.25, 12, 11.125], "texture": "#5"},
				"east": {"uv": [2.75, 10.75, 3.25, 11.625], "texture": "#5"},
				"south": {"uv": [11.625, 11.25, 12, 12.125], "texture": "#5"},
				"west": {"uv": [10.75, 2.875, 11.25, 3.75], "texture": "#5"},
				"up": {"uv": [12.875, 12.375, 12.5, 11.875], "texture": "#5"},
				"down": {"uv": [12.875, 12.5, 12.5, 13], "texture": "#5"}
			}
		},
		{
			"from": [2, 0.5, 24.5],
			"to": [14, 6.5, 29.5],
			"rotation": {"angle": 0, "axis": "y", "origin": [8, 3.5, 27]},
			"faces": {
				"north": {"uv": [7, 7.875, 8.5, 8.625], "texture": "#5"},
				"east": {"uv": [0, 10.5, 0.625, 11.25], "texture": "#5"},
				"south": {"uv": [1.875, 8, 3.375, 8.75], "texture": "#5"},
				"west": {"uv": [0.75, 10.5, 1.375, 11.25], "texture": "#5"},
				"up": {"uv": [1.5, 8.75, 0, 8.125], "texture": "#5"},
				"down": {"uv": [10.125, 7.5, 8.625, 8.125], "texture": "#5"}
			}
		},
		{
			"from": [2, 0.5, 29.5],
			"to": [14, 1.5, 30.5],
			"rotation": {"angle": 45, "axis": "x", "origin": [8, 1, 30]},
			"faces": {
				"north": {"uv": [7, 4.875, 8.5, 5], "texture": "#5"},
				"east": {"uv": [1.5, 14, 1.625, 14.125], "texture": "#5"},
				"south": {"uv": [12.375, 5, 13.875, 5.125], "texture": "#5"},
				"west": {"uv": [14, 1.5, 14.125, 1.625], "texture": "#5"},
				"up": {"uv": [8.125, 12.75, 6.625, 12.625], "texture": "#5"},
				"down": {"uv": [9.75, 12.625, 8.25, 12.75], "texture": "#5"}
			}
		},
		{
			"from": [3, 3.75, 24],
			"to": [13, 6.75, 30],
			"rotation": {"angle": 0, "axis": "y", "origin": [8, 5.25, 27]},
			"faces": {
				"north": {"uv": [10.375, 0.5, 11.625, 0.875], "texture": "#5"},
				"east": {"uv": [12.125, 5.625, 12.875, 6], "texture": "#5"},
				"south": {"uv": [10.625, 1.875, 11.875, 2.25], "texture": "#5"},
				"west": {"uv": [12.125, 11.125, 12.875, 11.5], "texture": "#5"},
				"up": {"uv": [9.875, 9, 8.625, 8.25], "texture": "#5"},
				"down": {"uv": [10, 4.875, 8.75, 5.625], "texture": "#5"}
			}
		},
		{
			"from": [1, 5.75, 24],
			"to": [15, 7.75, 27],
			"rotation": {"angle": 0, "axis": "y", "origin": [8, 5.25, 27]},
			"faces": {
				"north": {"uv": [4.5, 2.875, 6.25, 3.125], "texture": "#5"},
				"east": {"uv": [12.875, 7.75, 13.25, 8], "texture": "#5"},
				"south": {"uv": [10.625, 6.25, 12.375, 6.5], "texture": "#5"},
				"west": {"uv": [12.875, 9, 13.25, 9.25], "texture": "#5"},
				"up": {"uv": [10.125, 10.125, 8.375, 9.75], "texture": "#5"},
				"down": {"uv": [11.75, 8.25, 10, 8.625], "texture": "#5"}
			}
		},
		{
			"from": [5, 4.5, 29.5],
			"to": [11, 5.5, 30.5],
			"rotation": {"angle": 45, "axis": "x", "origin": [8, 5, 30]},
			"faces": {
				"north": {"uv": [13, 3.75, 13.75, 3.875], "texture": "#5"},
				"east": {"uv": [14, 1.75, 14.125, 1.875], "texture": "#5"},
				"south": {"uv": [13, 4, 13.75, 4.125], "texture": "#5"},
				"west": {"uv": [14, 3.375, 14.125, 3.5], "texture": "#5"},
				"up": {"uv": [13.75, 4.625, 13, 4.5], "texture": "#5"},
				"down": {"uv": [13.75, 4.75, 13, 4.875], "texture": "#5"}
			}
		},
		{
			"from": [-4.3, 7, -3.65],
			"to": [-1.3, 9, -3.65],
			"rotation": {"angle": 22.5, "axis": "y", "origin": [-2.8, 8, -4]},
			"faces": {
				"north": {"uv": [13, 5.625, 13.375, 5.875], "texture": "#5"},
				"east": {"uv": [2.5, 7.25, 2.5, 7.5], "texture": "#5"},
				"south": {"uv": [13, 11, 13.375, 11.25], "texture": "#5"},
				"west": {"uv": [4.375, 8, 4.375, 8.25], "texture": "#5"},
				"up": {"uv": [7.375, 5.125, 7, 5.125], "texture": "#5"},
				"down": {"uv": [7.875, 5.125, 7.5, 5.125], "texture": "#5"}
			}
		},
		{
			"from": [-5.475, 7.475, -4.5],
			"to": [-3.475, 8.475, -3.5],
			"rotation": {"angle": -45, "axis": "z", "origin": [-3.9, 3.35, -2.75]},
			"faces": {
				"north": {"uv": [9.375, 13.75, 9.625, 13.875], "texture": "#5"},
				"east": {"uv": [4.125, 14, 4.25, 14.125], "texture": "#5"},
				"south": {"uv": [13.75, 11.25, 14, 11.375], "texture": "#5"},
				"west": {"uv": [4.375, 14, 4.5, 14.125], "texture": "#5"},
				"up": {"uv": [12.125, 13.875, 11.875, 13.75], "texture": "#5"},
				"down": {"uv": [13.5, 13.75, 13.25, 13.875], "texture": "#5"}
			}
		},
		{
			"from": [19.475, 7.475, -4.5],
			"to": [21.475, 8.475, -3.5],
			"rotation": {"angle": 45, "axis": "z", "origin": [19.9, 3.35, -2.75]},
			"faces": {
				"north": {"uv": [1.75, 13.875, 2, 14], "texture": "#5"},
				"east": {"uv": [4.625, 14, 4.75, 14.125], "texture": "#5"},
				"south": {"uv": [13.875, 2.125, 14.125, 2.25], "texture": "#5"},
				"west": {"uv": [4.875, 14, 5, 14.125], "texture": "#5"},
				"up": {"uv": [3.125, 14, 2.875, 13.875], "texture": "#5"},
				"down": {"uv": [3.5, 13.875, 3.25, 14], "texture": "#5"}
			}
		},
		{
			"from": [17.3, 7, -3.65],
			"to": [20.3, 9, -3.65],
			"rotation": {"angle": -22.5, "axis": "y", "origin": [18.8, 8, -4]},
			"faces": {
				"north": {"uv": [13.125, 1.25, 13.5, 1.5], "texture": "#5"},
				"east": {"uv": [8.625, 4.875, 8.625, 5.125], "texture": "#5"},
				"south": {"uv": [2.5, 13.125, 2.875, 13.375], "texture": "#5"},
				"west": {"uv": [11.5, 11.875, 11.5, 12.125], "texture": "#5"},
				"up": {"uv": [8.125, 1.875, 7.75, 1.875], "texture": "#5"},
				"down": {"uv": [8.375, 5.125, 8, 5.125], "texture": "#5"}
			}
		},
		{
			"from": [-1, 0, -10.5],
			"to": [17, 4, -4.5],
			"faces": {
				"east": {"uv": [0.875, 11.5, 1.625, 12], "texture": "#5"},
				"west": {"uv": [11.5, 4.5, 12.25, 5], "texture": "#5"}
			}
		},
		{
			"from": [-1, 0, 20.5],
			"to": [17, 4, 26.5],
			"faces": {
				"east": {"uv": [11.625, 1.25, 12.375, 1.75], "texture": "#5"},
				"west": {"uv": [5.75, 11.625, 6.5, 12.125], "texture": "#5"}
			}
		},
		{
			"from": [0.5, 6.96134, -4.17723],
			"to": [15.5, 12.96134, -3.67723],
			"rotation": {"angle": 22.5, "axis": "x", "origin": [8.5, 9.46134, -5.17723]},
			"faces": {
				"north": {"uv": [0, 14.9375, 1.875, 15.6875], "texture": "#5"},
				"south": {"uv": [1.875, 14.9375, 0, 15.6875], "texture": "#5"}
			}
		},
		{
			"from": [0.5, 6.96134, 22.42723],
			"to": [15.5, 12.96134, 22.92723],
			"rotation": {"angle": -22.5, "axis": "x", "origin": [8.5, 9.46134, 23.92723]},
			"faces": {
				"north": {"uv": [15.6875, 15.25, 13.8125, 16], "texture": "#5"},
				"south": {"uv": [13.8125, 15.25, 15.6875, 16], "texture": "#5"}
			}
		},
		{
			"from": [-0.25, 6.96134, -4.42723],
			"to": [0.25, 11.96134, 23.57277],
			"rotation": {"angle": 0, "axis": "y", "origin": [0, -0.51366, -3.17723]},
			"faces": {
				"east": {"uv": [12.25, 15.1875, 8.75, 15.8125], "texture": "#5"},
				"west": {"uv": [8.75, 15.1875, 12.25, 15.8125], "texture": "#5"}
			}
		},
		{
			"from": [15.75, 6.96134, -4.42723],
			"to": [16.25, 11.96134, 23.57277],
			"rotation": {"angle": 0, "axis": "y", "origin": [16, -0.51366, -3.17723]},
			"faces": {
				"east": {"uv": [12.25, 15.1875, 8.75, 15.8125], "texture": "#5"},
				"west": {"uv": [8.75, 15.1875, 12.25, 15.8125], "texture": "#5"}
			}
		},
		{
			"from": [9, 0.87026, 2.91151],
			"to": [14.5, 7.87026, 4.91151],
			"rotation": {"angle": 22.5, "axis": "x", "origin": [11.75, 4.37026, 3.91151]},
			"faces": {
				"north": {"uv": [3.5, 3, 4.875, 4.75], "texture": "#1"},
				"east": {"uv": [3.5, 7, 4, 8.75], "texture": "#1"},
				"south": {"uv": [0, 4, 1.375, 5.75], "texture": "#1"},
				"west": {"uv": [7, 4, 7.5, 5.75], "texture": "#1"},
				"up": {"uv": [7.625, 8, 6.25, 7.5], "texture": "#1"},
				"down": {"uv": [0, 0, 0, 0], "texture": "#1"}
			}
		},
		{
			"from": [9.004, 0.754, -1.5],
			"to": [14.5, 2.75, 3.496],
			"rotation": {"angle": 0, "axis": "y", "origin": [11.752, 3.002, 0.998]},
			"faces": {
				"north": {"uv": [7.75, 4, 9.125, 4.5], "texture": "#1"},
				"east": {"uv": [6.25, 8.25, 7.5, 8.75], "texture": "#1"},
				"south": {"uv": [0, 0, 0, 0], "texture": "#1"},
				"west": {"uv": [7.75, 8.25, 9, 8.75], "texture": "#1"},
				"up": {"uv": [6.625, 4.25, 5.25, 3], "texture": "#1"},
				"down": {"uv": [6.625, 4.5, 5.25, 5.75], "texture": "#1"}
			}
		},
		{
			"from": [1.5, 0.754, -1.5],
			"to": [6.996, 2.75, 3.496],
			"rotation": {"angle": 0, "axis": "y", "origin": [4.248, 3.002, 0.998]},
			"faces": {
				"north": {"uv": [7.75, 4.75, 9.125, 5.25], "texture": "#1"},
				"east": {"uv": [8.5, 1.5, 9.75, 2], "texture": "#1"},
				"south": {"uv": [0, 0, 0, 0], "texture": "#1"},
				"west": {"uv": [8.5, 2.25, 9.75, 2.75], "texture": "#1"},
				"up": {"uv": [1.375, 7.25, 0, 6], "texture": "#1"},
				"down": {"uv": [3.125, 6, 1.75, 7.25], "texture": "#1"}
			}
		},
		{
			"from": [1.496, 0.87026, 2.91151],
			"to": [6.996, 7.87026, 4.91151],
			"rotation": {"angle": 22.5, "axis": "x", "origin": [4.246, 4.37026, 3.91151]},
			"faces": {
				"north": {"uv": [1.75, 4, 3.125, 5.75], "texture": "#1"},
				"east": {"uv": [4.25, 7, 4.75, 8.75], "texture": "#1"},
				"south": {"uv": [3.5, 5, 4.875, 6.75], "texture": "#1"},
				"west": {"uv": [0, 7.5, 0.5, 9.25], "texture": "#1"},
				"up": {"uv": [9.375, 8, 8, 7.5], "texture": "#1"},
				"down": {"uv": [0, 0, 0, 0], "texture": "#1"}
			}
		},
		{
			"from": [1.502, 0.752, 13.752],
			"to": [14.498, 2.748, 18.748],
			"rotation": {"angle": 0, "axis": "y", "origin": [0, 1, 10.75]},
			"faces": {
				"north": {"uv": [5.25, 6, 8.5, 6.5], "texture": "#1"},
				"east": {"uv": [8.5, 3, 9.75, 3.5], "texture": "#1"},
				"south": {"uv": [5.25, 6.75, 8.5, 7.25], "texture": "#1"},
				"west": {"uv": [8.75, 5.5, 10, 6], "texture": "#1"},
				"up": {"uv": [6.75, 1.25, 3.5, 0], "texture": "#1"},
				"down": {"uv": [6.75, 1.5, 3.5, 2.75], "texture": "#1"}
			}
		},
		{
			"from": [1.498, 0.94438, 17.78083],
			"to": [14.498, 7.94438, 19.78083],
			"rotation": {"angle": 22.5, "axis": "x", "origin": [4.498, 3.44438, 18.78083]},
			"faces": {
				"north": {"uv": [0, 0, 3.25, 1.75], "texture": "#1"},
				"east": {"uv": [0.75, 7.5, 1.25, 9.25], "texture": "#1"},
				"south": {"uv": [0, 2, 3.25, 3.75], "texture": "#1"},
				"west": {"uv": [1.5, 7.5, 2, 9.25], "texture": "#1"},
				"up": {"uv": [10.25, 0.5, 7, 0], "texture": "#1"},
				"down": {"uv": [10.25, 0.75, 7, 1.25], "texture": "#1"}
			}
		},
		{
			"from": [1.504, 0.754, 6.754],
			"to": [14.496, 2.746, 11.746],
			"rotation": {"angle": 0, "axis": "y", "origin": [7.999, 3.05913, 7.79324]},
			"faces": {
				"north": {"uv": [8.5, 6.75, 5.25, 7.25], "texture": "#1"},
				"east": {"uv": [9.75, 3, 8.5, 3.5], "texture": "#1"},
				"south": {"uv": [8.5, 6, 5.25, 6.5], "texture": "#1"},
				"west": {"uv": [10, 5.5, 8.75, 6], "texture": "#1"},
				"up": {"uv": [6.75, 0, 3.5, 1.25], "texture": "#1"},
				"down": {"uv": [6.75, 2.75, 3.5, 1.5], "texture": "#1"}
			}
		},
		{
			"from": [1.5, 1.32808, 5.95036],
			"to": [14.496, 8.32408, 7.94636],
			"rotation": {"angle": -22.5, "axis": "x", "origin": [7.999, 3.05913, 7.79324]},
			"faces": {
				"north": {"uv": [3.25, 2, 0, 3.75], "texture": "#1"},
				"east": {"uv": [1.25, 7.5, 0.75, 9.25], "texture": "#1"},
				"south": {"uv": [3.25, 0, 0, 1.75], "texture": "#1"},
				"west": {"uv": [2, 7.5, 1.5, 9.25], "texture": "#1"},
				"up": {"uv": [10.25, 0, 7, 0.5], "texture": "#1"},
				"down": {"uv": [10.25, 1.25, 7, 0.75], "texture": "#1"}
			}
		},
		{
			"from": [2, 3.625, -4.5],
			"to": [7, 7.625, -3],
			"rotation": {"angle": 0, "axis": "y", "origin": [0, 1, -5]},
			"faces": {
				"north": {"uv": [7, 1.5, 8.25, 2.5], "texture": "#1"},
				"east": {"uv": [5, 8.75, 5.375, 9.75], "texture": "#1"},
				"south": {"uv": [7, 2.75, 8.25, 3.75], "texture": "#1"},
				"west": {"uv": [3.75, 9, 4.125, 10], "texture": "#1"},
				"up": {"uv": [10, 6.625, 8.75, 6.25], "texture": "#1"},
				"down": {"uv": [3.5, 9, 2.25, 9.375], "texture": "#1"}
			}
		},
		{
			"from": [4.25, 6.375, -3.725],
			"to": [4.75, 6.875, -2.225],
			"rotation": {"angle": -22.5, "axis": "x", "origin": [4.5, 6.25, -3.75]},
			"faces": {
				"north": {"uv": [6.25, 9, 6.375, 9.125], "texture": "#1"},
				"east": {"uv": [7.75, 5.5, 8.125, 5.625], "texture": "#1"},
				"south": {"uv": [6.75, 9, 6.875, 9.125], "texture": "#1"},
				"west": {"uv": [8.75, 7, 9.125, 7.125], "texture": "#1"},
				"up": {"uv": [5.875, 9.125, 5.75, 8.75], "texture": "#1"},
				"down": {"uv": [4.625, 9, 4.5, 9.375], "texture": "#1"}
			}
		},
		{
			"from": [2.75, 4.875, -2.175],
			"to": [6.25, 8.375, -2.175],
			"rotation": {"angle": -22.5, "axis": "x", "origin": [4.5, 6.25, -3.75]},
			"faces": {
				"north": {"uv": [2.25, 7.5, 3.125, 8.375], "texture": "#1"},
				"east": {"uv": [0, 0, 0, 0], "texture": "#1"},
				"south": {"uv": [5, 7.5, 5.875, 8.375], "texture": "#1"},
				"west": {"uv": [0, 0, 0, 0], "texture": "#1"},
				"up": {"uv": [0, 0, 0, 0], "texture": "#1"},
				"down": {"uv": [0, 0, 0, 0], "texture": "#1"}
			}
		}
	],
	"display": {
		"thirdperson_righthand": {
			"rotation": [75, 45, 0],
			"translation": [0, 2.5, 0],
			"scale": [0.375, 0.375, 0.375]
		},
		"thirdperson_lefthand": {
			"rotation": [75, 45, 0],
			"translation": [0, 2.5, 0],
			"scale": [0.375, 0.375, 0.375]
		},
		"firstperson_righthand": {
			"rotation": [0, 45, 0],
			"scale": [0.4, 0.4, 0.4]
		},
		"firstperson_lefthand": {
			"rotation": [0, 225, 0],
			"scale": [0.4, 0.4, 0.4]
		},
		"ground": {
			"translation": [0, 3, 0],
			"scale": [0.25, 0.25, 0.25]
		},
		"gui": {
			"rotation": [30, 225, 0],
			"translation": [0, 1, 0],
			"scale": [0.32, 0.32, 0.32]
		},
		"head": {
			"translation": [0, -9.25, 26.5],
			"scale": [3.5, 3.5, 3.5]
		}
	},
	"groups": [
		{
			"name": "group",
			"origin": [3, 6, -6.5],
			"color": 0,
			"children": [
				0,
				1,
				2,
				3,
				4,
				5,
				6,
				7,
				8,
				9,
				10,
				11,
				12,
				13,
				14,
				15,
				16,
				17,
				18,
				19,
				20,
				21,
				22,
				23,
				24,
				25,
				26,
				27,
				28,
				29,
				30,
				31,
				32,
				33,
				34,
				35,
				36,
				37,
				38,
				39,
				40,
				41,
				42,
				43,
				44,
				45,
				46,
				47,
				48,
				49,
				50,
				51,
				52,
				53,
				54,
				55,
				56
			]
		},
		{
			"name": "seats",
			"origin": [8, 8, 8],
			"color": 0,
			"children": [
				{
					"name": "group",
					"origin": [8.5, 3, -9.5],
					"color": 0,
					"children": [57, 58, 59, 60]
				}
			]
		},
		61,
		62,
		{
			"name": "group",
			"origin": [0, -0.51366, 0.32277],
			"color": 0,
			"children": [63, 64, 65, 66]
		},
		{
			"name": "lp_seats",
			"origin": [8, 8, 8],
			"color": 0,
			"children": [
				{
					"name": "group",
					"origin": [4.5, 6.25, 0.25],
					"color": 0,
					"children": [
						{
							"name": "group",
							"origin": [11.752, 3.002, 5.498],
							"color": 0,
							"children": [67, 68, 69, 70]
						},
						71,
						72,
						73,
						74,
						75,
						76,
						77
					]
				}
			]
		}
	]
}