{
	"credit": "www.sebxter.pl",
	"texture_size": [128, 128],
	"textures": {
		"1": "block/vehiles/car/seats",
		"5": "block/vehiles/car/lowrider",
		"particle": "sebxter:tires_pack/tire_1"
	},
	"elements": [
		{
			"from": [-1, 4, -6.5],
			"to": [17, 7, 2.5],
			"rotation": {"angle": 0, "axis": "y", "origin": [8, 4.5, -6]},
			"faces": {
				"north": {"uv": [7.75, 6.75, 10, 7.125], "texture": "#5"},
				"east": {"uv": [10.125, 0, 11.25, 0.375], "texture": "#5"},
				"south": {"uv": [8.25, 0.625, 10.5, 1], "texture": "#5"},
				"west": {"uv": [10.125, 6.75, 11.25, 7.125], "texture": "#5"},
				"up": {"uv": [2.25, 4.75, 0, 3.625], "texture": "#5"},
				"down": {"uv": [4.625, 3.625, 2.375, 4.75], "texture": "#5"}
			}
		},
		{
			"from": [15.5, 6.5, -9.75],
			"to": [16.5, 7.5, 2.25],
			"rotation": {"angle": 45, "axis": "z", "origin": [16, 7, -2]},
			"faces": {
				"north": {"uv": [9.5, 2.75, 9.625, 2.875], "texture": "#5"},
				"east": {"uv": [12, 5.875, 13.5, 6], "texture": "#5"},
				"south": {"uv": [2.375, 10, 2.5, 10.125], "texture": "#5"},
				"west": {"uv": [12, 9.625, 13.5, 9.75], "texture": "#5"},
				"up": {"uv": [8.5, 13.375, 8.375, 11.875], "texture": "#5"},
				"down": {"uv": [5.875, 12, 5.75, 13.5], "texture": "#5"}
			}
		},
		{
			"from": [-0.5, 6.5, -9.75],
			"to": [0.5, 7.5, 2.25],
			"rotation": {"angle": -45, "axis": "z", "origin": [0, 7, -2]},
			"faces": {
				"north": {"uv": [7.75, 11.125, 7.875, 11.25], "texture": "#5"},
				"east": {"uv": [12, 11.375, 13.5, 11.5], "texture": "#5"},
				"south": {"uv": [4.125, 13.875, 4.25, 14], "texture": "#5"},
				"west": {"uv": [12, 11.625, 13.5, 11.75], "texture": "#5"},
				"up": {"uv": [9.625, 13.625, 9.5, 12.125], "texture": "#5"},
				"down": {"uv": [10.25, 12.125, 10.125, 13.625], "texture": "#5"}
			}
		},
		{
			"from": [-1, 0, -0.5],
			"to": [17, 4, 2.5],
			"rotation": {"angle": 0, "axis": "y", "origin": [8, 4.5, -6]},
			"faces": {
				"north": {"uv": [6.75, 4.75, 9, 5.25], "texture": "#5"},
				"east": {"uv": [12.125, 2.625, 12.5, 3.125], "texture": "#5"},
				"south": {"uv": [0, 6.875, 2.25, 7.375], "texture": "#5"},
				"west": {"uv": [10.375, 12.125, 10.75, 12.625], "texture": "#5"},
				"up": {"uv": [10.5, 1.5, 8.25, 1.125], "texture": "#5"},
				"down": {"uv": [2.25, 8.375, 0, 8.75], "texture": "#5"}
			}
		},
		{
			"from": [1, 0, -6.5],
			"to": [15, 4, -0.5],
			"rotation": {"angle": 0, "axis": "y", "origin": [8, 2, 8.5]},
			"faces": {
				"north": {"uv": [3.25, 7.875, 5, 8.375], "texture": "#5"},
				"east": {"uv": [4.75, 6.5, 5.5, 7], "texture": "#5"},
				"south": {"uv": [5.125, 7.875, 6.875, 8.375], "texture": "#5"},
				"west": {"uv": [2.75, 10.25, 3.5, 10.75], "texture": "#5"},
				"up": {"uv": [7.625, 6.25, 5.875, 5.5], "texture": "#5"},
				"down": {"uv": [8.125, 0, 6.375, 0.75], "texture": "#5"}
			}
		},
		{
			"from": [-1, 4, 17.5],
			"to": [2, 7, 23.5],
			"rotation": {"angle": 0, "axis": "y", "origin": [8, 5.5, 20.5]},
			"faces": {
				"north": {"uv": [12.5, 1.625, 12.875, 2], "texture": "#5"},
				"east": {"uv": [6.875, 11.125, 7.625, 11.5], "texture": "#5"},
				"south": {"uv": [12.5, 2.125, 12.875, 2.5], "texture": "#5"},
				"west": {"uv": [3.375, 11.375, 4.125, 11.75], "texture": "#5"},
				"up": {"uv": [1, 11.75, 0.625, 11], "texture": "#5"},
				"down": {"uv": [9.625, 11.25, 9.25, 12], "texture": "#5"}
			}
		},
		{
			"from": [-2.75756, 4.005, 21.7498],
			"to": [3.23244, 6.995, 24.7398],
			"rotation": {"angle": 45, "axis": "y", "origin": [0.23744, 5.5, 20.4948]},
			"faces": {
				"north": {"uv": [11.375, 6.625, 12.125, 7], "texture": "#5"},
				"east": {"uv": [2.75, 12.5, 3.125, 12.875], "texture": "#5"},
				"south": {"uv": [7.75, 11.375, 8.5, 11.75], "texture": "#5"},
				"west": {"uv": [3.25, 12.5, 3.625, 12.875], "texture": "#5"},
				"up": {"uv": [12.125, 10.375, 11.375, 10], "texture": "#5"},
				"down": {"uv": [11, 11.375, 10.25, 11.75], "texture": "#5"}
			}
		},
		{
			"from": [12.76756, 4.005, 21.7498],
			"to": [18.75756, 6.995, 24.7398],
			"rotation": {"angle": -45, "axis": "y", "origin": [15.76256, 5.5, 20.4948]},
			"faces": {
				"north": {"uv": [11.125, 11.375, 11.875, 11.75], "texture": "#5"},
				"east": {"uv": [12.5, 4.5, 12.875, 4.875], "texture": "#5"},
				"south": {"uv": [11.5, 0.5, 12.25, 0.875], "texture": "#5"},
				"west": {"uv": [6.75, 12.5, 7.125, 12.875], "texture": "#5"},
				"up": {"uv": [5, 11.875, 4.25, 11.5], "texture": "#5"},
				"down": {"uv": [5.875, 11.5, 5.125, 11.875], "texture": "#5"}
			}
		},
		{
			"from": [-1, 3, -10.5],
			"to": [17, 7, -6.5],
			"rotation": {"angle": 0, "axis": "y", "origin": [8, 4.5, -6]},
			"faces": {
				"north": {"uv": [2.375, 6.875, 4.625, 7.375], "texture": "#5"},
				"east": {"uv": [4, 4.875, 4.5, 5.375], "texture": "#5"},
				"south": {"uv": [7.125, 1.75, 9.375, 2.25], "texture": "#5"},
				"west": {"uv": [3.25, 11.875, 3.75, 12.375], "texture": "#5"},
				"up": {"uv": [9.375, 2.875, 7.125, 2.375], "texture": "#5"},
				"down": {"uv": [7, 7.25, 4.75, 7.75], "texture": "#5"}
			}
		},
		{
			"from": [13.75, 3.4, -11.25],
			"to": [15.75, 5.4, -10.25],
			"rotation": {"angle": 22.5, "axis": "x", "origin": [13, 4, -11]},
			"faces": {
				"north": {"uv": [13.125, 8.75, 13.375, 9], "texture": "#5"},
				"east": {"uv": [1.375, 11.625, 1.5, 11.875], "texture": "#5"},
				"south": {"uv": [13.125, 9.875, 13.375, 10.125], "texture": "#5"},
				"west": {"uv": [0, 13.625, 0.125, 13.875], "texture": "#5"},
				"up": {"uv": [9.75, 9.125, 9.5, 9], "texture": "#5"},
				"down": {"uv": [7.625, 11.625, 7.375, 11.75], "texture": "#5"}
			}
		},
		{
			"from": [12.5, 3.4, -11.25],
			"to": [13.5, 5.4, -10.25],
			"rotation": {"angle": 22.5, "axis": "x", "origin": [13, 4, -11]},
			"faces": {
				"north": {"uv": [13.625, 1.125, 13.75, 1.375], "texture": "#5"},
				"east": {"uv": [13.625, 2.625, 13.75, 2.875], "texture": "#5"},
				"south": {"uv": [5.625, 13.625, 5.75, 13.875], "texture": "#5"},
				"west": {"uv": [13.625, 5.875, 13.75, 6.125], "texture": "#5"},
				"up": {"uv": [14, 4.375, 13.875, 4.25], "texture": "#5"},
				"down": {"uv": [4.5, 13.875, 4.375, 14], "texture": "#5"}
			}
		},
		{
			"from": [2.5, 3.4, -11.25],
			"to": [3.5, 5.4, -10.25],
			"rotation": {"angle": 22.5, "axis": "x", "origin": [3, 4, -11]},
			"faces": {
				"north": {"uv": [13.625, 6.25, 13.75, 6.5], "texture": "#5"},
				"east": {"uv": [13.625, 6.625, 13.75, 6.875], "texture": "#5"},
				"south": {"uv": [13.625, 9.375, 13.75, 9.625], "texture": "#5"},
				"west": {"uv": [13.625, 11.25, 13.75, 11.5], "texture": "#5"},
				"up": {"uv": [4.75, 14, 4.625, 13.875], "texture": "#5"},
				"down": {"uv": [5.5, 13.875, 5.375, 14], "texture": "#5"}
			}
		},
		{
			"from": [0.25, 3.4, -11.25],
			"to": [2.25, 5.4, -10.25],
			"rotation": {"angle": 22.5, "axis": "x", "origin": [3, 4, -11]},
			"faces": {
				"north": {"uv": [13.25, 0.5, 13.5, 0.75], "texture": "#5"},
				"east": {"uv": [11.5, 13.625, 11.625, 13.875], "texture": "#5"},
				"south": {"uv": [13.25, 1.125, 13.5, 1.375], "texture": "#5"},
				"west": {"uv": [13.625, 11.625, 13.75, 11.875], "texture": "#5"},
				"up": {"uv": [13.875, 7.125, 13.625, 7], "texture": "#5"},
				"down": {"uv": [13.875, 8.25, 13.625, 8.375], "texture": "#5"}
			}
		},
		{
			"from": [0, 5.25, -11],
			"to": [16, 6.25, -10],
			"rotation": {"angle": 45, "axis": "x", "origin": [8, 5.75, -10.5]},
			"faces": {
				"north": {"uv": [11.5, 8.25, 13.5, 8.375], "texture": "#5"},
				"east": {"uv": [13.875, 5.375, 14, 5.5], "texture": "#5"},
				"south": {"uv": [11.625, 5.125, 13.625, 5.25], "texture": "#5"},
				"west": {"uv": [13.875, 5.625, 14, 5.75], "texture": "#5"},
				"up": {"uv": [12.25, 12, 10.25, 11.875], "texture": "#5"},
				"down": {"uv": [14, 3.5, 12, 3.625], "texture": "#5"}
			}
		},
		{
			"from": [-0.995, 0.62632, -10.995],
			"to": [16.995, 3.61632, -9.005],
			"rotation": {"angle": -45, "axis": "x", "origin": [8, 2.12132, -9.5]},
			"faces": {
				"north": {"uv": [2.375, 8.5, 4.625, 8.875], "texture": "#5"},
				"east": {"uv": [13, 12.875, 13.25, 13.25], "texture": "#5"},
				"south": {"uv": [4.75, 8.75, 7, 9.125], "texture": "#5"},
				"west": {"uv": [0, 13.125, 0.25, 13.5], "texture": "#5"},
				"up": {"uv": [9.5, 9.875, 7.25, 9.625], "texture": "#5"},
				"down": {"uv": [11.875, 9.625, 9.625, 9.875], "texture": "#5"}
			}
		},
		{
			"from": [-1, 0, -9.5],
			"to": [17, 3, -6.5],
			"rotation": {"angle": 0, "axis": "y", "origin": [8, 1.5, -8]},
			"faces": {
				"north": {"uv": [7.125, 8.75, 9.375, 9.125], "texture": "#5"},
				"east": {"uv": [0, 12.625, 0.375, 13], "texture": "#5"},
				"south": {"uv": [8.75, 7.25, 11, 7.625], "texture": "#5"},
				"west": {"uv": [12.625, 2.625, 13, 3], "texture": "#5"},
				"up": {"uv": [2.25, 9.25, 0, 8.875], "texture": "#5"},
				"down": {"uv": [11.125, 7.75, 8.875, 8.125], "texture": "#5"}
			}
		},
		{
			"from": [-0.41993, 3.005, -10.38605],
			"to": [2.57007, 6.995, -9.39605],
			"rotation": {"angle": -22.5, "axis": "y", "origin": [2.07507, 3.5, -11.39105]},
			"faces": {
				"north": {"uv": [10.875, 12.125, 11.25, 12.625], "texture": "#5"},
				"east": {"uv": [3.75, 5.875, 3.875, 6.375], "texture": "#5"},
				"south": {"uv": [11.375, 12.125, 11.75, 12.625], "texture": "#5"},
				"west": {"uv": [1.375, 13.25, 1.5, 13.75], "texture": "#5"},
				"up": {"uv": [13.625, 12.75, 13.25, 12.625], "texture": "#5"},
				"down": {"uv": [13.25, 13.375, 12.875, 13.5], "texture": "#5"}
			}
		},
		{
			"from": [13.42993, 3.005, -10.38605],
			"to": [16.41993, 6.995, -9.39605],
			"rotation": {"angle": 22.5, "axis": "y", "origin": [13.92493, 3.5, -11.39105]},
			"faces": {
				"north": {"uv": [11.875, 12.125, 12.25, 12.625], "texture": "#5"},
				"east": {"uv": [1.625, 13.25, 1.75, 13.75], "texture": "#5"},
				"south": {"uv": [2.25, 12.25, 2.625, 12.75], "texture": "#5"},
				"west": {"uv": [1.875, 13.25, 2, 13.75], "texture": "#5"},
				"up": {"uv": [13.75, 13, 13.375, 12.875], "texture": "#5"},
				"down": {"uv": [13.75, 13.125, 13.375, 13.25], "texture": "#5"}
			}
		},
		{
			"from": [8.42782, 3.005, -9.38605],
			"to": [10.41782, 6.995, -8.39605],
			"rotation": {"angle": -22.5, "axis": "y", "origin": [12.92282, 3.5, -11.39105]},
			"faces": {
				"north": {"uv": [12.75, 6.5, 13, 7], "texture": "#5"},
				"east": {"uv": [2.125, 13.25, 2.25, 13.75], "texture": "#5"},
				"south": {"uv": [12.75, 8.75, 13, 9.25], "texture": "#5"},
				"west": {"uv": [2.375, 13.25, 2.5, 13.75], "texture": "#5"},
				"up": {"uv": [13.875, 12.125, 13.625, 12], "texture": "#5"},
				"down": {"uv": [13.875, 12.25, 13.625, 12.375], "texture": "#5"}
			}
		},
		{
			"from": [5.58218, 3.005, -9.38605],
			"to": [7.57218, 6.995, -8.39605],
			"rotation": {"angle": 22.5, "axis": "y", "origin": [3.07718, 3.5, -11.39105]},
			"faces": {
				"north": {"uv": [12.75, 9.875, 13, 10.375], "texture": "#5"},
				"east": {"uv": [2.625, 13.25, 2.75, 13.75], "texture": "#5"},
				"south": {"uv": [10.375, 12.75, 10.625, 13.25], "texture": "#5"},
				"west": {"uv": [4.375, 13.25, 4.5, 13.75], "texture": "#5"},
				"up": {"uv": [13.125, 13.75, 12.875, 13.625], "texture": "#5"},
				"down": {"uv": [13.5, 13.625, 13.25, 13.75], "texture": "#5"}
			}
		},
		{
			"from": [7.5, 6.325, -10.5],
			"to": [8.5, 7.325, 1.5],
			"rotation": {"angle": 45, "axis": "z", "origin": [8, 6.825, -6]},
			"faces": {
				"north": {"uv": [5.875, 13.875, 6, 14], "texture": "#5"},
				"east": {"uv": [12.125, 3.25, 13.625, 3.375], "texture": "#5"},
				"south": {"uv": [13.875, 5.875, 14, 6], "texture": "#5"},
				"west": {"uv": [12.125, 8.5, 13.625, 8.625], "texture": "#5"},
				"up": {"uv": [4, 13.75, 3.875, 12.25], "texture": "#5"},
				"down": {"uv": [4.25, 12.25, 4.125, 13.75], "texture": "#5"}
			}
		},
		{
			"from": [4, 6.575, 1.075],
			"to": [12, 7.575, 2.075],
			"rotation": {"angle": -45, "axis": "x", "origin": [8, 7.075, 1.75]},
			"faces": {
				"north": {"uv": [12.5, 9.375, 13.5, 9.5], "texture": "#5"},
				"east": {"uv": [13.875, 6.125, 14, 6.25], "texture": "#5"},
				"south": {"uv": [10.75, 12.75, 11.75, 12.875], "texture": "#5"},
				"west": {"uv": [13.875, 6.375, 14, 6.5], "texture": "#5"},
				"up": {"uv": [13.875, 11.125, 12.875, 11], "texture": "#5"},
				"down": {"uv": [12.875, 12.875, 11.875, 13], "texture": "#5"}
			}
		},
		{
			"from": [16.97962, 2.505, -11.70223],
			"to": [17.96962, 3.495, -7.71223],
			"rotation": {"angle": 22.5, "axis": "y", "origin": [15.47462, 3, -8.70723]},
			"faces": {
				"north": {"uv": [13.875, 6.625, 14, 6.75], "texture": "#5"},
				"east": {"uv": [4, 9, 4.5, 9.125], "texture": "#5"},
				"south": {"uv": [13.875, 9.375, 14, 9.5], "texture": "#5"},
				"west": {"uv": [13.125, 3, 13.625, 3.125], "texture": "#5"},
				"up": {"uv": [4.75, 13.75, 4.625, 13.25], "texture": "#5"},
				"down": {"uv": [10.875, 13.25, 10.75, 13.75], "texture": "#5"}
			}
		},
		{
			"from": [14.03041, 2.5, -13.99224],
			"to": [15.03041, 3.5, -10.99224],
			"rotation": {"angle": -45, "axis": "y", "origin": [12.53041, 3, -10.99224]},
			"faces": {
				"north": {"uv": [13.875, 9.625, 14, 9.75], "texture": "#5"},
				"east": {"uv": [13.375, 13.375, 13.75, 13.5], "texture": "#5"},
				"south": {"uv": [10.25, 13.875, 10.375, 14], "texture": "#5"},
				"west": {"uv": [13.5, 8.75, 13.875, 8.875], "texture": "#5"},
				"up": {"uv": [3.5, 11.25, 3.375, 10.875], "texture": "#5"},
				"down": {"uv": [5.5, 13.375, 5.375, 13.75], "texture": "#5"}
			}
		},
		{
			"from": [0.99472, 2.5, -11.13868],
			"to": [14.99472, 3.5, -10.13868],
			"rotation": {"angle": 45, "axis": "x", "origin": [2.49472, 3, -10.63868]},
			"faces": {
				"north": {"uv": [12, 3.75, 13.75, 3.875], "texture": "#5"},
				"east": {"uv": [10.5, 13.875, 10.625, 14], "texture": "#5"},
				"south": {"uv": [3.875, 12, 5.625, 12.125], "texture": "#5"},
				"west": {"uv": [10.75, 13.875, 10.875, 14], "texture": "#5"},
				"up": {"uv": [13.75, 4.125, 12, 4], "texture": "#5"},
				"down": {"uv": [13.75, 4.25, 12, 4.375], "texture": "#5"}
			}
		},
		{
			"from": [0.65015, 2.5, -11.78868],
			"to": [8.65015, 3.5, -10.78868],
			"rotation": {"angle": 22.5, "axis": "y", "origin": [7.65015, 3, -10.28868]},
			"faces": {
				"north": {"uv": [13, 1.625, 14, 1.75], "texture": "#5"},
				"east": {"uv": [11, 13.875, 11.125, 14], "texture": "#5"},
				"south": {"uv": [1.875, 13, 2.875, 13.125], "texture": "#5"},
				"west": {"uv": [11.25, 13.875, 11.375, 14], "texture": "#5"},
				"up": {"uv": [14, 2, 13, 1.875], "texture": "#5"},
				"down": {"uv": [14, 2.125, 13, 2.25], "texture": "#5"}
			}
		},
		{
			"from": [7.35485, 2.505, -11.78368],
			"to": [15.34485, 3.495, -10.79368],
			"rotation": {"angle": -22.5, "axis": "y", "origin": [8.34985, 3, -10.28868]},
			"faces": {
				"north": {"uv": [13, 2.375, 14, 2.5], "texture": "#5"},
				"east": {"uv": [13.875, 11.25, 14, 11.375], "texture": "#5"},
				"south": {"uv": [13, 4.5, 14, 4.625], "texture": "#5"},
				"west": {"uv": [13.875, 11.5, 14, 11.625], "texture": "#5"},
				"up": {"uv": [14, 4.875, 13, 4.75], "texture": "#5"},
				"down": {"uv": [11.75, 13, 10.75, 13.125], "texture": "#5"}
			}
		},
		{
			"from": [0.96959, 2.5, -13.99224],
			"to": [1.96959, 3.5, -10.99224],
			"rotation": {"angle": 45, "axis": "y", "origin": [3.46959, 3, -10.99224]},
			"faces": {
				"north": {"uv": [13.875, 11.75, 14, 11.875], "texture": "#5"},
				"east": {"uv": [13.5, 9.875, 13.875, 10], "texture": "#5"},
				"south": {"uv": [12.125, 13.875, 12.25, 14], "texture": "#5"},
				"west": {"uv": [13.625, 0.5, 14, 0.625], "texture": "#5"},
				"up": {"uv": [10.5, 13.75, 10.375, 13.375], "texture": "#5"},
				"down": {"uv": [8.375, 13.5, 8.25, 13.875], "texture": "#5"}
			}
		},
		{
			"from": [-1.96962, 2.505, -11.70223],
			"to": [-0.97962, 3.495, -7.71223],
			"rotation": {"angle": -22.5, "axis": "y", "origin": [0.52538, 3, -8.70723]},
			"faces": {
				"north": {"uv": [12.375, 13.875, 12.5, 14], "texture": "#5"},
				"east": {"uv": [13.125, 9.125, 13.625, 9.25], "texture": "#5"},
				"south": {"uv": [12.625, 13.875, 12.75, 14], "texture": "#5"},
				"west": {"uv": [13.125, 10.25, 13.625, 10.375], "texture": "#5"},
				"up": {"uv": [11.125, 13.75, 11, 13.25], "texture": "#5"},
				"down": {"uv": [11.375, 13.25, 11.25, 13.75], "texture": "#5"}
			}
		},
		{
			"from": [-2, 1.5, 24.5],
			"to": [18, 4.5, 28.5],
			"rotation": {"angle": 0, "axis": "y", "origin": [8, 3, 26.5]},
			"faces": {
				"north": {"uv": [7.125, 3, 9.625, 3.375], "texture": "#5"},
				"east": {"uv": [3.75, 1.75, 4.25, 2.125], "texture": "#5"},
				"south": {"uv": [7.75, 6.25, 10.25, 6.625], "texture": "#5"},
				"west": {"uv": [4.375, 12.25, 4.875, 12.625], "texture": "#5"},
				"up": {"uv": [9.25, 4, 6.75, 3.5], "texture": "#5"},
				"down": {"uv": [9.25, 4.125, 6.75, 4.625], "texture": "#5"}
			}
		},
		{
			"from": [-1, 0, 23.5],
			"to": [2, 5, 27.5],
			"rotation": {"angle": 0, "axis": "y", "origin": [8, 3.5, 25.5]},
			"faces": {
				"north": {"uv": [6.25, 11.875, 6.625, 12.5], "texture": "#5"},
				"east": {"uv": [9.25, 10.5, 9.75, 11.125], "texture": "#5"},
				"south": {"uv": [7.375, 11.875, 7.75, 12.5], "texture": "#5"},
				"west": {"uv": [2.75, 10.875, 3.25, 11.5], "texture": "#5"},
				"up": {"uv": [5.375, 12.75, 5, 12.25], "texture": "#5"},
				"down": {"uv": [12.625, 6.625, 12.25, 7.125], "texture": "#5"}
			}
		},
		{
			"from": [-0.995, 4.005, 19.505],
			"to": [1.995, 6.995, 27.495],
			"rotation": {"angle": 45, "axis": "z", "origin": [0.5, 5.5, 25.5]},
			"faces": {
				"north": {"uv": [6.25, 12.625, 6.625, 13], "texture": "#5"},
				"east": {"uv": [3.625, 10.25, 4.625, 10.625], "texture": "#5"},
				"south": {"uv": [7.25, 12.625, 7.625, 13], "texture": "#5"},
				"west": {"uv": [10.25, 10, 11.25, 10.375], "texture": "#5"},
				"up": {"uv": [5.125, 11.375, 4.75, 10.375], "texture": "#5"},
				"down": {"uv": [5.625, 10.375, 5.25, 11.375], "texture": "#5"}
			}
		},
		{
			"from": [-0.5, 4.75, 26.85],
			"to": [1.5, 6.75, 27.85],
			"rotation": {"angle": -22.5, "axis": "x", "origin": [8, 5.75, 27.35]},
			"faces": {
				"north": {"uv": [13.25, 6.125, 13.5, 6.375], "texture": "#5"},
				"east": {"uv": [13.625, 13.625, 13.75, 13.875], "texture": "#5"},
				"south": {"uv": [11.5, 13.25, 11.75, 13.5], "texture": "#5"},
				"west": {"uv": [13.75, 0.75, 13.875, 1], "texture": "#5"},
				"up": {"uv": [14, 3.125, 13.75, 3], "texture": "#5"},
				"down": {"uv": [14, 3.25, 13.75, 3.375], "texture": "#5"}
			}
		},
		{
			"from": [14, 0, 23.5],
			"to": [17, 5, 27.5],
			"rotation": {"angle": 0, "axis": "y", "origin": [8, 3.5, 25.5]},
			"faces": {
				"north": {"uv": [7.875, 11.875, 8.25, 12.5], "texture": "#5"},
				"east": {"uv": [0, 11, 0.5, 11.625], "texture": "#5"},
				"south": {"uv": [1.375, 12, 1.75, 12.625], "texture": "#5"},
				"west": {"uv": [6.25, 11.125, 6.75, 11.75], "texture": "#5"},
				"up": {"uv": [12.625, 9.25, 12.25, 8.75], "texture": "#5"},
				"down": {"uv": [12.625, 9.875, 12.25, 10.375], "texture": "#5"}
			}
		},
		{
			"from": [14.005, 4.005, 19.505],
			"to": [16.995, 6.995, 27.495],
			"rotation": {"angle": -45, "axis": "z", "origin": [15.5, 5.5, 25.5]},
			"faces": {
				"north": {"uv": [7.75, 12.625, 8.125, 13], "texture": "#5"},
				"east": {"uv": [10.375, 6.125, 11.375, 6.5], "texture": "#5"},
				"south": {"uv": [0.5, 12.75, 0.875, 13.125], "texture": "#5"},
				"west": {"uv": [0, 10.5, 1, 10.875], "texture": "#5"},
				"up": {"uv": [6.125, 11.375, 5.75, 10.375], "texture": "#5"},
				"down": {"uv": [1.5, 10.5, 1.125, 11.5], "texture": "#5"}
			}
		},
		{
			"from": [14.5, 4.75, 26.85],
			"to": [16.5, 6.75, 27.85],
			"rotation": {"angle": -22.5, "axis": "x", "origin": [8, 5.75, 27.35]},
			"faces": {
				"north": {"uv": [13.25, 11.875, 13.5, 12.125], "texture": "#5"},
				"east": {"uv": [13.75, 5, 13.875, 5.25], "texture": "#5"},
				"south": {"uv": [13.25, 12.25, 13.5, 12.5], "texture": "#5"},
				"west": {"uv": [13.75, 7.25, 13.875, 7.5], "texture": "#5"},
				"up": {"uv": [14, 7.75, 13.75, 7.625], "texture": "#5"},
				"down": {"uv": [14, 7.875, 13.75, 8], "texture": "#5"}
			}
		},
		{
			"from": [-1.5, 0.25, 26.75],
			"to": [17.5, 1.25, 27.75],
			"rotation": {"angle": 45, "axis": "x", "origin": [8, 0.75, 27.25]},
			"faces": {
				"north": {"uv": [11.25, 7.75, 13.625, 7.875], "texture": "#5"},
				"east": {"uv": [12.875, 13.875, 13, 14], "texture": "#5"},
				"south": {"uv": [11.25, 8, 13.625, 8.125], "texture": "#5"},
				"west": {"uv": [13.875, 12.875, 14, 13], "texture": "#5"},
				"up": {"uv": [13.75, 0.125, 11.375, 0], "texture": "#5"},
				"down": {"uv": [13.75, 0.25, 11.375, 0.375], "texture": "#5"}
			}
		},
		{
			"from": [-1, 0, 2.5],
			"to": [1, 7, 17.5],
			"rotation": {"angle": 0, "axis": "y", "origin": [8, 3.5, 11.33333]},
			"faces": {
				"north": {"uv": [1.875, 12, 2.125, 12.875], "texture": "#5"},
				"east": {"uv": [4.75, 3.5, 6.625, 4.375], "texture": "#5"},
				"south": {"uv": [9.75, 12, 10, 12.875], "texture": "#5"},
				"west": {"uv": [4.75, 4.5, 6.625, 5.375], "texture": "#5"},
				"up": {"uv": [1.875, 11.875, 1.625, 10], "texture": "#5"},
				"down": {"uv": [2.25, 10, 2, 11.875], "texture": "#5"}
			}
		},
		{
			"from": [15, 0, 2.5],
			"to": [17, 7, 17.5],
			"rotation": {"angle": 0, "axis": "y", "origin": [8, 3.5, 11.33333]},
			"faces": {
				"north": {"uv": [12.125, 1.625, 12.375, 2.5], "texture": "#5"},
				"east": {"uv": [0, 4.875, 1.875, 5.75], "texture": "#5"},
				"south": {"uv": [9.125, 12.125, 9.375, 13], "texture": "#5"},
				"west": {"uv": [2, 4.875, 3.875, 5.75], "texture": "#5"},
				"up": {"uv": [10.125, 11.875, 9.875, 10], "texture": "#5"},
				"down": {"uv": [2.625, 10.25, 2.375, 12.125], "texture": "#5"}
			}
		},
		{
			"from": [-0.995, -0.995, -0.495],
			"to": [-0.005, 0.995, 17.495],
			"rotation": {"angle": -22.5, "axis": "z", "origin": [0, 1, 10]},
			"faces": {
				"north": {"uv": [8.5, 13.75, 8.625, 14], "texture": "#5"},
				"east": {"uv": [9.75, 2.75, 12, 3], "texture": "#5"},
				"south": {"uv": [8.75, 13.75, 8.875, 14], "texture": "#5"},
				"west": {"uv": [9.75, 3.125, 12, 3.375], "texture": "#5"},
				"up": {"uv": [8.75, 13.625, 8.625, 11.375], "texture": "#5"},
				"down": {"uv": [9, 11.375, 8.875, 13.625], "texture": "#5"}
			}
		},
		{
			"from": [16.005, -0.995, -0.495],
			"to": [16.995, 0.995, 17.495],
			"rotation": {"angle": 22.5, "axis": "z", "origin": [16, 1, 10]},
			"faces": {
				"north": {"uv": [13.75, 9, 13.875, 9.25], "texture": "#5"},
				"east": {"uv": [2.625, 9.875, 4.875, 10.125], "texture": "#5"},
				"south": {"uv": [9.375, 13.75, 9.5, 14], "texture": "#5"},
				"west": {"uv": [9.875, 9, 12.125, 9.25], "texture": "#5"},
				"up": {"uv": [6.125, 13.75, 6, 11.5], "texture": "#5"},
				"down": {"uv": [1.25, 11.625, 1.125, 13.875], "texture": "#5"}
			}
		},
		{
			"from": [1, 0, -0.5],
			"to": [15, 1, 16.5],
			"rotation": {"angle": 0, "axis": "y", "origin": [8, 3.5, 11.33333]},
			"faces": {
				"up": {"uv": [1.75, 2.125, 0, 0], "texture": "#5"},
				"down": {"uv": [3.625, 0, 1.875, 2.125], "texture": "#5"}
			}
		},
		{
			"from": [1, 0.03702, 2.68611],
			"to": [15, 7.03702, 3.68611],
			"rotation": {"angle": -22.5, "axis": "x", "origin": [8, 4.03702, 3.18611]},
			"faces": {
				"south": {"uv": [4, 5.5, 5.75, 6.375], "texture": "#5"}
			}
		},
		{
			"from": [-2, 2.9, -1.5],
			"to": [18, 4.9, -0.5],
			"rotation": {"angle": -22.5, "axis": "x", "origin": [-1.5, 4.9, 0]},
			"faces": {
				"north": {"uv": [8.875, 8.25, 11.375, 8.5], "texture": "#5"},
				"east": {"uv": [10, 13.75, 10.125, 14], "texture": "#5"},
				"south": {"uv": [7.25, 9.25, 9.75, 9.5], "texture": "#5"},
				"west": {"uv": [13.75, 10.125, 13.875, 10.375], "texture": "#5"},
				"up": {"uv": [12.375, 9.5, 9.875, 9.375], "texture": "#5"},
				"down": {"uv": [13.125, 1.125, 10.625, 1.25], "texture": "#5"}
			}
		},
		{
			"from": [-2, 1.75195, -6.65224],
			"to": [18, 3.75195, -5.65224],
			"rotation": {"angle": 22.5, "axis": "x", "origin": [-1.5, 3.75195, -4.15224]},
			"faces": {
				"north": {"uv": [9.375, 3.5, 11.875, 3.75], "texture": "#5"},
				"east": {"uv": [13.75, 10.5, 13.875, 10.75], "texture": "#5"},
				"south": {"uv": [9.375, 3.875, 11.875, 4.125], "texture": "#5"},
				"west": {"uv": [13.75, 12.5, 13.875, 12.75], "texture": "#5"},
				"up": {"uv": [13.125, 1.5, 10.625, 1.375], "texture": "#5"},
				"down": {"uv": [13.625, 7.25, 11.125, 7.375], "texture": "#5"}
			}
		},
		{
			"from": [-1.995, 2.71366, -6.45694],
			"to": [17.995, 4.70366, -0.46694],
			"rotation": {"angle": 0, "axis": "x", "origin": [-1.5, 5.20866, -2.46194]},
			"faces": {
				"north": {"uv": [9.375, 4.25, 11.875, 4.5], "texture": "#5"},
				"east": {"uv": [3.75, 6.5, 4.5, 6.75], "texture": "#5"},
				"south": {"uv": [9.375, 5.375, 11.875, 5.625], "texture": "#5"},
				"west": {"uv": [3.25, 7.5, 4, 7.75], "texture": "#5"},
				"up": {"uv": [6.25, 0.75, 3.75, 0], "texture": "#5"},
				"down": {"uv": [6.25, 0.875, 3.75, 1.625], "texture": "#5"}
			}
		},
		{
			"from": [-2, 1.75195, 17.34776],
			"to": [18, 3.75195, 18.34776],
			"rotation": {"angle": 22.5, "axis": "x", "origin": [-1.5, 3.75195, 19.84776]},
			"faces": {
				"north": {"uv": [9.375, 5.75, 11.875, 6], "texture": "#5"},
				"east": {"uv": [13.875, 0, 14, 0.25], "texture": "#5"},
				"south": {"uv": [9.5, 1.625, 12, 1.875], "texture": "#5"},
				"west": {"uv": [13.875, 1.125, 14, 1.375], "texture": "#5"},
				"up": {"uv": [13.625, 7.625, 11.125, 7.5], "texture": "#5"},
				"down": {"uv": [12.75, 11.125, 10.25, 11.25], "texture": "#5"}
			}
		},
		{
			"from": [-1.995, 2.71366, 17.54306],
			"to": [17.995, 4.70366, 23.53306],
			"rotation": {"angle": 0, "axis": "x", "origin": [-1.5, 5.20866, 21.53806]},
			"faces": {
				"north": {"uv": [9.5, 2, 12, 2.25], "texture": "#5"},
				"east": {"uv": [12.375, 0.5, 13.125, 0.75], "texture": "#5"},
				"south": {"uv": [9.5, 2.375, 12, 2.625], "texture": "#5"},
				"west": {"uv": [12.375, 6.125, 13.125, 6.375], "texture": "#5"},
				"up": {"uv": [7, 2.5, 4.5, 1.75], "texture": "#5"},
				"down": {"uv": [7, 2.625, 4.5, 3.375], "texture": "#5"}
			}
		},
		{
			"from": [-2, 2.9, 22.5],
			"to": [18, 4.9, 23.5],
			"rotation": {"angle": -22.5, "axis": "x", "origin": [-1.5, 4.9, 24]},
			"faces": {
				"north": {"uv": [9.5, 8.625, 12, 8.875], "texture": "#5"},
				"east": {"uv": [1.375, 13.875, 1.5, 14.125], "texture": "#5"},
				"south": {"uv": [0, 9.625, 2.5, 9.875], "texture": "#5"},
				"west": {"uv": [1.625, 13.875, 1.75, 14.125], "texture": "#5"},
				"up": {"uv": [13.625, 10.625, 11.125, 10.5], "texture": "#5"},
				"down": {"uv": [13.625, 10.75, 11.125, 10.875], "texture": "#5"}
			}
		},
		{
			"from": [1, 0, 17.5],
			"to": [15, 4, 23.5],
			"rotation": {"angle": 0, "axis": "y", "origin": [8, 2, 32.5]},
			"faces": {
				"north": {"uv": [7, 8.125, 8.75, 8.625], "texture": "#5"},
				"east": {"uv": [6.25, 10.5, 7, 11], "texture": "#5"},
				"south": {"uv": [8.25, 0, 10, 0.5], "texture": "#5"},
				"west": {"uv": [7.125, 10.5, 7.875, 11], "texture": "#5"},
				"up": {"uv": [8.125, 1.625, 6.375, 0.875], "texture": "#5"},
				"down": {"uv": [7.625, 6.375, 5.875, 7.125], "texture": "#5"}
			}
		},
		{
			"from": [-0.5, 6.52336, 2.63666],
			"to": [0.5, 12.52336, 3.63666],
			"rotation": {"angle": 22.5, "axis": "x", "origin": [8, 9.52336, 3.13666]},
			"faces": {
				"north": {"uv": [6.25, 13.125, 6.375, 13.875], "texture": "#5"},
				"east": {"uv": [6.5, 13.125, 6.625, 13.875], "texture": "#5"},
				"south": {"uv": [7.25, 13.125, 7.375, 13.875], "texture": "#5"},
				"west": {"uv": [7.5, 13.125, 7.625, 13.875], "texture": "#5"},
				"up": {"uv": [13.25, 14, 13.125, 13.875], "texture": "#5"},
				"down": {"uv": [14, 13.125, 13.875, 13.25], "texture": "#5"}
			}
		},
		{
			"from": [-0.495, 11.49134, 3.82777],
			"to": [16.495, 12.48134, 13.81777],
			"rotation": {"angle": 0, "axis": "x", "origin": [8, 11.98634, 12.32277]},
			"faces": {
				"north": {"uv": [4.75, 8.5, 6.875, 8.625], "texture": "#5"},
				"east": {"uv": [2.625, 9.625, 3.875, 9.75], "texture": "#5"},
				"south": {"uv": [0, 9.375, 2.125, 9.5], "texture": "#5"},
				"west": {"uv": [12.375, 0.875, 13.625, 1], "texture": "#5"},
				"up": {"uv": [2.125, 3.5, 0, 2.25], "texture": "#5"},
				"down": {"uv": [4.375, 2.25, 2.25, 3.5], "texture": "#5"}
			}
		},
		{
			"from": [-0.5, 6.51134, 6.82277],
			"to": [0.5, 11.51134, 7.82277],
			"rotation": {"angle": 0, "axis": "x", "origin": [8, 11.98634, 9.32277]},
			"faces": {
				"north": {"uv": [5.625, 6.5, 5.75, 7.125], "texture": "#5"},
				"east": {"uv": [4.5, 10.75, 4.625, 11.375], "texture": "#5"},
				"south": {"uv": [12.125, 13.125, 12.25, 13.75], "texture": "#5"},
				"west": {"uv": [12.375, 13.125, 12.5, 13.75], "texture": "#5"},
				"up": {"uv": [13.5, 14, 13.375, 13.875], "texture": "#5"},
				"down": {"uv": [14, 13.375, 13.875, 13.5], "texture": "#5"}
			}
		},
		{
			"from": [15.5, 6.51134, 6.82277],
			"to": [16.5, 11.51134, 7.82277],
			"rotation": {"angle": 0, "axis": "x", "origin": [8, 11.98634, 9.32277]},
			"faces": {
				"north": {"uv": [12.625, 13.125, 12.75, 13.75], "texture": "#5"},
				"east": {"uv": [0.375, 13.25, 0.5, 13.875], "texture": "#5"},
				"south": {"uv": [0.625, 13.25, 0.75, 13.875], "texture": "#5"},
				"west": {"uv": [0.875, 13.25, 1, 13.875], "texture": "#5"},
				"up": {"uv": [14, 13.75, 13.875, 13.625], "texture": "#5"},
				"down": {"uv": [14, 13.875, 13.875, 14], "texture": "#5"}
			}
		},
		{
			"from": [15.5, 6.52336, 2.63666],
			"to": [16.5, 12.52336, 3.63666],
			"rotation": {"angle": 22.5, "axis": "x", "origin": [8, 9.52336, 3.13666]},
			"faces": {
				"north": {"uv": [7.75, 13.125, 7.875, 13.875], "texture": "#5"},
				"east": {"uv": [8, 13.125, 8.125, 13.875], "texture": "#5"},
				"south": {"uv": [9.125, 13.125, 9.25, 13.875], "texture": "#5"},
				"west": {"uv": [11.875, 13.125, 12, 13.875], "texture": "#5"},
				"up": {"uv": [0.125, 14.125, 0, 14], "texture": "#5"},
				"down": {"uv": [0.375, 14, 0.25, 14.125], "texture": "#5"}
			}
		},
		{
			"from": [-0.5, 5.01147, 15.09054],
			"to": [0.5, 13.01147, 16.09054],
			"rotation": {"angle": -45, "axis": "x", "origin": [8, 10.01147, 15.59054]},
			"faces": {
				"north": {"uv": [5.5, 12.25, 5.625, 13.25], "texture": "#5"},
				"east": {"uv": [4.875, 12.875, 5, 13.875], "texture": "#5"},
				"south": {"uv": [5.125, 12.875, 5.25, 13.875], "texture": "#5"},
				"west": {"uv": [3, 13, 3.125, 14], "texture": "#5"},
				"up": {"uv": [0.625, 14.125, 0.5, 14], "texture": "#5"},
				"down": {"uv": [0.875, 14, 0.75, 14.125], "texture": "#5"}
			}
		},
		{
			"from": [15.5, 5.01147, 15.09054],
			"to": [16.5, 13.01147, 16.09054],
			"rotation": {"angle": -45, "axis": "x", "origin": [8, 10.01147, 15.59054]},
			"faces": {
				"north": {"uv": [3.25, 13, 3.375, 14], "texture": "#5"},
				"east": {"uv": [3.5, 13, 3.625, 14], "texture": "#5"},
				"south": {"uv": [6.75, 13, 6.875, 14], "texture": "#5"},
				"west": {"uv": [7, 13, 7.125, 14], "texture": "#5"},
				"up": {"uv": [14.125, 0.875, 14, 0.75], "texture": "#5"},
				"down": {"uv": [1.125, 14, 1, 14.125], "texture": "#5"}
			}
		},
		{
			"from": [14, 4, 17.5],
			"to": [17, 7, 23.5],
			"rotation": {"angle": 0, "axis": "y", "origin": [8, 5.5, 20.5]},
			"faces": {
				"north": {"uv": [1.375, 12.75, 1.75, 13.125], "texture": "#5"},
				"east": {"uv": [11.5, 6.125, 12.25, 6.5], "texture": "#5"},
				"south": {"uv": [4.375, 12.75, 4.75, 13.125], "texture": "#5"},
				"west": {"uv": [11.625, 4.625, 12.375, 5], "texture": "#5"},
				"up": {"uv": [3.125, 12.375, 2.75, 11.625], "texture": "#5"},
				"down": {"uv": [7.25, 11.625, 6.875, 12.375], "texture": "#5"}
			}
		},
		{
			"from": [2, 4, 17.5],
			"to": [14, 7, 21.5],
			"rotation": {"angle": 0, "axis": "y", "origin": [8, 5.5, 19.5]},
			"faces": {
				"north": {"uv": [5, 9.875, 6.5, 10.25], "texture": "#5"},
				"east": {"uv": [12.375, 11.875, 12.875, 12.25], "texture": "#5"},
				"south": {"uv": [0, 10, 1.5, 10.375], "texture": "#5"},
				"west": {"uv": [12.375, 12.375, 12.875, 12.75], "texture": "#5"},
				"up": {"uv": [3.875, 9.5, 2.375, 9], "texture": "#5"},
				"down": {"uv": [10.625, 4.75, 9.125, 5.25], "texture": "#5"}
			}
		},
		{
			"from": [1, 0, 16.5],
			"to": [15, 7, 17.5],
			"rotation": {"angle": 0, "axis": "y", "origin": [8, 3.5, 11.33333]},
			"faces": {
				"north": {"uv": [0, 5.875, 1.75, 6.75], "texture": "#5"},
				"east": {"uv": [9.75, 13, 9.875, 13.875], "texture": "#5"},
				"south": {"uv": [1.875, 5.875, 3.625, 6.75], "texture": "#5"},
				"west": {"uv": [13, 11.875, 13.125, 12.75], "texture": "#5"},
				"up": {"uv": [13.75, 5.5, 12, 5.375], "texture": "#5"},
				"down": {"uv": [13.75, 5.625, 12, 5.75], "texture": "#5"}
			}
		},
		{
			"from": [2, 0.5, 21.5],
			"to": [14, 6.5, 24.5],
			"rotation": {"angle": 0, "axis": "y", "origin": [8, 3.5, 24]},
			"faces": {
				"north": {"uv": [7.125, 7.25, 8.625, 8], "texture": "#5"},
				"east": {"uv": [0, 11.75, 0.375, 12.5], "texture": "#5"},
				"south": {"uv": [0, 7.5, 1.5, 8.25], "texture": "#5"},
				"west": {"uv": [0.5, 11.875, 0.875, 12.625], "texture": "#5"},
				"up": {"uv": [8.125, 10.375, 6.625, 10], "texture": "#5"},
				"down": {"uv": [9.75, 10, 8.25, 10.375], "texture": "#5"}
			}
		},
		{
			"from": [2, 0.15434, 23.23777],
			"to": [14, 6.15434, 27.23777],
			"rotation": {"angle": 22.5, "axis": "x", "origin": [8, 3.15434, 24.73777]},
			"faces": {
				"north": {"uv": [1.625, 7.5, 3.125, 8.25], "texture": "#5"},
				"east": {"uv": [8, 10.5, 8.5, 11.25], "texture": "#5"},
				"south": {"uv": [7.75, 5.375, 9.25, 6.125], "texture": "#5"},
				"west": {"uv": [8.625, 10.5, 9.125, 11.25], "texture": "#5"},
				"up": {"uv": [5.5, 9.75, 4, 9.25], "texture": "#5"},
				"down": {"uv": [7.125, 9.25, 5.625, 9.75], "texture": "#5"}
			}
		},
		{
			"from": [-4.3, 7, 2.6],
			"to": [-1.3, 9, 2.6],
			"rotation": {"angle": 22.5, "axis": "y", "origin": [-2.8, 8, 2.25]},
			"faces": {
				"north": {"uv": [4.125, 7.5, 4.5, 7.75], "texture": "#5"},
				"south": {"uv": [13.125, 2.625, 13.5, 2.875], "texture": "#5"}
			}
		},
		{
			"from": [-5.475, 7.475, 1.75],
			"to": [-3.475, 8.475, 2.75],
			"rotation": {"angle": -45, "axis": "z", "origin": [-3.9, 3.35, 3.5]},
			"faces": {
				"north": {"uv": [13.75, 8.5, 14, 8.625], "texture": "#5"},
				"east": {"uv": [4.875, 14, 5, 14.125], "texture": "#5"},
				"south": {"uv": [1.875, 13.875, 2.125, 14], "texture": "#5"},
				"west": {"uv": [14, 5, 14.125, 5.125], "texture": "#5"},
				"up": {"uv": [2.5, 14, 2.25, 13.875], "texture": "#5"},
				"down": {"uv": [2.875, 13.875, 2.625, 14], "texture": "#5"}
			}
		},
		{
			"from": [19.475, 7.475, 1.75],
			"to": [21.475, 8.475, 2.75],
			"rotation": {"angle": 45, "axis": "z", "origin": [19.9, 3.35, 3.5]},
			"faces": {
				"north": {"uv": [13.875, 2.625, 14.125, 2.75], "texture": "#5"},
				"east": {"uv": [5.125, 14, 5.25, 14.125], "texture": "#5"},
				"south": {"uv": [3.75, 13.875, 4, 14], "texture": "#5"},
				"west": {"uv": [5.625, 14, 5.75, 14.125], "texture": "#5"},
				"up": {"uv": [14.125, 3.875, 13.875, 3.75], "texture": "#5"},
				"down": {"uv": [14.125, 4, 13.875, 4.125], "texture": "#5"}
			}
		},
		{
			"from": [17.3, 7, 2.6],
			"to": [20.3, 9, 2.6],
			"rotation": {"angle": -22.5, "axis": "y", "origin": [18.8, 8, 2.25]},
			"faces": {
				"north": {"uv": [13.125, 6.5, 13.5, 6.75], "texture": "#5"},
				"south": {"uv": [13.125, 6.875, 13.5, 7.125], "texture": "#5"}
			}
		},
		{
			"from": [-1, 0, -6.5],
			"to": [17, 4, -0.5],
			"faces": {
				"east": {"uv": [10.25, 10.5, 11, 11], "texture": "#5"},
				"west": {"uv": [10.625, 0.5, 11.375, 1], "texture": "#5"}
			}
		},
		{
			"from": [-1, 0, 17.5],
			"to": [17, 4, 23.5],
			"faces": {
				"east": {"uv": [3.625, 10.75, 4.375, 11.25], "texture": "#5"},
				"west": {"uv": [10.75, 4.625, 11.5, 5.125], "texture": "#5"}
			}
		},
		{
			"from": [0.5, 6.96134, 2.82277],
			"to": [15.5, 12.96134, 3.32277],
			"rotation": {"angle": 22.5, "axis": "x", "origin": [8.5, 9.46134, 1.82277]},
			"faces": {
				"north": {"uv": [0.125, 14.5625, 2, 15.3125], "texture": "#5"},
				"south": {"uv": [2, 14.5625, 0.125, 15.3125], "texture": "#5"}
			}
		},
		{
			"from": [0.5, 4.99493, 15.83104],
			"to": [15.5, 12.99493, 16.33104],
			"rotation": {"angle": -45, "axis": "x", "origin": [8, 9.44493, 16.08104]},
			"faces": {
				"north": {"uv": [7.6875, 15, 5.8125, 16], "texture": "#5"},
				"south": {"uv": [5.8125, 15, 7.6875, 16], "texture": "#5"}
			}
		},
		{
			"from": [-0.25, 6.96134, 2.07277],
			"to": [0.25, 11.96134, 18.07277],
			"rotation": {"angle": 0, "axis": "y", "origin": [0, -0.51366, 0.32277]},
			"faces": {
				"east": {"uv": [11.75, 14.625, 9.75, 15.25], "texture": "#5"},
				"west": {"uv": [9.75, 14.625, 11.75, 15.25], "texture": "#5"}
			}
		},
		{
			"from": [15.75, 6.96134, 2.07277],
			"to": [16.25, 11.96134, 18.07277],
			"rotation": {"angle": 0, "axis": "y", "origin": [16, -0.51366, 0.32277]},
			"faces": {
				"east": {"uv": [11.75, 14.625, 9.75, 15.25], "texture": "#5"},
				"west": {"uv": [9.75, 14.625, 11.75, 15.25], "texture": "#5"}
			}
		},
		{
			"from": [9, 0.87026, 10.66151],
			"to": [14.5, 7.87026, 12.66151],
			"rotation": {"angle": 22.5, "axis": "x", "origin": [11.75, 4.37026, 11.66151]},
			"faces": {
				"north": {"uv": [3.5, 3, 4.875, 4.75], "texture": "#1"},
				"east": {"uv": [3.5, 7, 4, 8.75], "texture": "#1"},
				"south": {"uv": [0, 4, 1.375, 5.75], "texture": "#1"},
				"west": {"uv": [7, 4, 7.5, 5.75], "texture": "#1"},
				"up": {"uv": [7.625, 8, 6.25, 7.5], "texture": "#1"},
				"down": {"uv": [0, 0, 0, 0], "texture": "#1"}
			}
		},
		{
			"from": [9.004, 0.754, 6.25],
			"to": [14.5, 2.75, 11.246],
			"rotation": {"angle": 0, "axis": "y", "origin": [11.752, 3.002, 8.748]},
			"faces": {
				"north": {"uv": [7.75, 4, 9.125, 4.5], "texture": "#1"},
				"east": {"uv": [6.25, 8.25, 7.5, 8.75], "texture": "#1"},
				"south": {"uv": [0, 0, 0, 0], "texture": "#1"},
				"west": {"uv": [7.75, 8.25, 9, 8.75], "texture": "#1"},
				"up": {"uv": [6.625, 4.25, 5.25, 3], "texture": "#1"},
				"down": {"uv": [6.625, 4.5, 5.25, 5.75], "texture": "#1"}
			}
		},
		{
			"from": [1.5, 0.754, 6.25],
			"to": [6.996, 2.75, 11.246],
			"rotation": {"angle": 0, "axis": "y", "origin": [4.248, 3.002, 8.748]},
			"faces": {
				"north": {"uv": [7.75, 4.75, 9.125, 5.25], "texture": "#1"},
				"east": {"uv": [8.5, 1.5, 9.75, 2], "texture": "#1"},
				"south": {"uv": [0, 0, 0, 0], "texture": "#1"},
				"west": {"uv": [8.5, 2.25, 9.75, 2.75], "texture": "#1"},
				"up": {"uv": [1.375, 7.25, 0, 6], "texture": "#1"},
				"down": {"uv": [3.125, 6, 1.75, 7.25], "texture": "#1"}
			}
		},
		{
			"from": [1.496, 0.87026, 10.66151],
			"to": [6.996, 7.87026, 12.66151],
			"rotation": {"angle": 22.5, "axis": "x", "origin": [4.246, 4.37026, 11.66151]},
			"faces": {
				"north": {"uv": [1.75, 4, 3.125, 5.75], "texture": "#1"},
				"east": {"uv": [4.25, 7, 4.75, 8.75], "texture": "#1"},
				"south": {"uv": [3.5, 5, 4.875, 6.75], "texture": "#1"},
				"west": {"uv": [0, 7.5, 0.5, 9.25], "texture": "#1"},
				"up": {"uv": [9.375, 8, 8, 7.5], "texture": "#1"},
				"down": {"uv": [0, 0, 0, 0], "texture": "#1"}
			}
		},
		{
			"from": [2, 3.625, 2.75],
			"to": [7, 7.625, 4.25],
			"rotation": {"angle": 0, "axis": "y", "origin": [0, 1, 2.25]},
			"faces": {
				"north": {"uv": [7, 1.5, 8.25, 2.5], "texture": "#1"},
				"east": {"uv": [5, 8.75, 5.375, 9.75], "texture": "#1"},
				"south": {"uv": [7, 2.75, 8.25, 3.75], "texture": "#1"},
				"west": {"uv": [3.75, 9, 4.125, 10], "texture": "#1"},
				"up": {"uv": [10, 6.625, 8.75, 6.25], "texture": "#1"},
				"down": {"uv": [3.5, 9, 2.25, 9.375], "texture": "#1"}
			}
		},
		{
			"from": [4.25, 6.375, 3.525],
			"to": [4.75, 6.875, 5.025],
			"rotation": {"angle": -22.5, "axis": "x", "origin": [4.5, 6.25, 3.5]},
			"faces": {
				"north": {"uv": [6.25, 9, 6.375, 9.125], "texture": "#1"},
				"east": {"uv": [7.75, 5.5, 8.125, 5.625], "texture": "#1"},
				"south": {"uv": [6.75, 9, 6.875, 9.125], "texture": "#1"},
				"west": {"uv": [8.75, 7, 9.125, 7.125], "texture": "#1"},
				"up": {"uv": [5.875, 9.125, 5.75, 8.75], "texture": "#1"},
				"down": {"uv": [4.625, 9, 4.5, 9.375], "texture": "#1"}
			}
		},
		{
			"from": [2.75, 4.875, 5.075],
			"to": [6.25, 8.375, 5.075],
			"rotation": {"angle": -22.5, "axis": "x", "origin": [4.5, 6.25, 3.5]},
			"faces": {
				"north": {"uv": [2.25, 7.5, 3.125, 8.375], "texture": "#1"},
				"east": {"uv": [0, 0, 0, 0], "texture": "#1"},
				"south": {"uv": [5, 7.5, 5.875, 8.375], "texture": "#1"},
				"west": {"uv": [0, 0, 0, 0], "texture": "#1"},
				"up": {"uv": [0, 0, 0, 0], "texture": "#1"},
				"down": {"uv": [0, 0, 0, 0], "texture": "#1"}
			}
		}
	],
	"display": {
		"thirdperson_righthand": {
			"rotation": [75, 45, 0],
			"translation": [0, 2.5, 0],
			"scale": [0.375, 0.375, 0.375]
		},
		"thirdperson_lefthand": {
			"rotation": [75, 45, 0],
			"translation": [0, 2.5, 0],
			"scale": [0.375, 0.375, 0.375]
		},
		"firstperson_righthand": {
			"rotation": [0, 45, 0],
			"scale": [0.4, 0.4, 0.4]
		},
		"firstperson_lefthand": {
			"rotation": [0, 225, 0],
			"scale": [0.4, 0.4, 0.4]
		},
		"ground": {
			"translation": [0, 3, 0],
			"scale": [0.25, 0.25, 0.25]
		},
		"gui": {
			"rotation": [30, 225, 0],
			"translation": [0, 1, 0],
			"scale": [0.36, 0.36, 0.36]
		},
		"head": {
			"translation": [0, -9.25, -1],
			"scale": [3.5, 3.5, 3.5]
		}
	},
	"groups": [
		{
			"name": "group",
			"origin": [3, 6, -6.5],
			"color": 0,
			"children": [
				0,
				1,
				2,
				3,
				4,
				5,
				6,
				7,
				8,
				9,
				10,
				11,
				12,
				13,
				14,
				15,
				16,
				17,
				18,
				19,
				20,
				21,
				22,
				23,
				24,
				25,
				26,
				27,
				28,
				29,
				30,
				31,
				32,
				33,
				34,
				35,
				36,
				37,
				38,
				39,
				40,
				41,
				42,
				43,
				44,
				45,
				46,
				47,
				48,
				49,
				50,
				51,
				52,
				53,
				54,
				55,
				56,
				57,
				58,
				59,
				60,
				61
			]
		},
		{
			"name": "seats",
			"origin": [8, 8, 8],
			"color": 0,
			"children": [
				{
					"name": "group",
					"origin": [8.5, 3, -9.5],
					"color": 0,
					"children": [62, 63, 64, 65]
				}
			]
		},
		66,
		67,
		{
			"name": "group",
			"origin": [0, -0.51366, 0.32277],
			"color": 0,
			"children": [68, 69, 70, 71]
		},
		{
			"name": "lp_seats",
			"origin": [8, 8, 8],
			"color": 0,
			"children": [
				{
					"name": "group",
					"origin": [4.5, 6.25, 0.25],
					"color": 0,
					"children": [
						{
							"name": "group",
							"origin": [11.752, 3.002, 5.498],
							"color": 0,
							"children": [72, 73, 74, 75]
						},
						76,
						77,
						78
					]
				}
			]
		}
	]
}