{
	"credit": "www.sebxter.pl",
	"texture_size": [128, 128],
	"textures": {
		"1": "block/vehiles/car/seats",
		"5": "block/vehiles/car/luxury_vehicle_3",
		"particle": "sebxter:tires_pack/tire_1"
	},
	"elements": [
		{
			"from": [-1, 4, -6.5],
			"to": [17, 7, -0.5],
			"rotation": {"angle": 0, "axis": "y", "origin": [8, 4.5, -6]},
			"faces": {
				"north": {"uv": [6.25, 8.5, 8.5, 8.875], "texture": "#5"},
				"east": {"uv": [3.375, 11.125, 4.125, 11.5], "texture": "#5"},
				"south": {"uv": [8.625, 8.5, 10.875, 8.875], "texture": "#5"},
				"west": {"uv": [1, 11.25, 1.75, 11.625], "texture": "#5"},
				"up": {"uv": [2.25, 6.5, 0, 5.75], "texture": "#5"},
				"down": {"uv": [8.375, 3.75, 6.125, 4.5], "texture": "#5"}
			}
		},
		{
			"from": [1, 0, -6.5],
			"to": [15, 4, -0.5],
			"rotation": {"angle": 0, "axis": "y", "origin": [8, 2, 8.5]},
			"faces": {
				"east": {"uv": [3.75, 10.5, 4.5, 11], "texture": "#5"},
				"west": {"uv": [6.375, 10.5, 7.125, 11], "texture": "#5"},
				"down": {"uv": [7.875, 4.625, 6.125, 5.375], "texture": "#5"}
			}
		},
		{
			"from": [-1, 4, 17.5],
			"to": [2, 7, 23.5],
			"rotation": {"angle": 0, "axis": "y", "origin": [8, 5.5, 20.5]},
			"faces": {
				"north": {"uv": [12.125, 11, 12.5, 11.375], "texture": "#5"},
				"east": {"uv": [11.25, 9.125, 12, 9.5], "texture": "#5"},
				"south": {"uv": [1, 12.25, 1.375, 12.625], "texture": "#5"},
				"west": {"uv": [1.875, 11.375, 2.625, 11.75], "texture": "#5"},
				"up": {"uv": [4.625, 11.875, 4.25, 11.125], "texture": "#5"},
				"down": {"uv": [11.875, 4.125, 11.5, 4.875], "texture": "#5"}
			}
		},
		{
			"from": [-1, 0, -10.5],
			"to": [17, 7, -6.5],
			"rotation": {"angle": 0, "axis": "y", "origin": [8, 4.5, -6]},
			"faces": {
				"north": {"uv": [3.75, 2.5, 6, 3.375], "texture": "#5"},
				"east": {"uv": [1.625, 9.625, 2.125, 10.5], "texture": "#5"},
				"south": {"uv": [3.75, 3.5, 6, 4.375], "texture": "#5"},
				"west": {"uv": [0, 10.125, 0.5, 11], "texture": "#5"},
				"up": {"uv": [6.625, 7.875, 4.375, 7.375], "texture": "#5"},
				"down": {"uv": [9, 7.375, 6.75, 7.875], "texture": "#5"}
			}
		},
		{
			"from": [13.5, 4.6, -10.75],
			"to": [16.5, 5.6, -9.75],
			"rotation": {"angle": 0, "axis": "y", "origin": [8, 5.35, -10.25]},
			"faces": {
				"north": {"uv": [1.125, 9, 1.5, 9.125], "texture": "#5"},
				"east": {"uv": [4.625, 10.875, 4.75, 11], "texture": "#5"},
				"south": {"uv": [12.875, 6.25, 13.25, 6.375], "texture": "#5"},
				"west": {"uv": [10.625, 13.5, 10.75, 13.625], "texture": "#5"},
				"up": {"uv": [13.5, 11.125, 13.125, 11], "texture": "#5"},
				"down": {"uv": [13.5, 11.25, 13.125, 11.375], "texture": "#5"}
			}
		},
		{
			"from": [14, 4.58097, -11.34567],
			"to": [16, 6.58097, -9.34567],
			"rotation": {"angle": 22.5, "axis": "x", "origin": [8, 5.35, -10.25]},
			"faces": {
				"north": {"uv": [1.25, 10.125, 1.5, 10.375], "texture": "#5"},
				"east": {"uv": [8.625, 12, 8.875, 12.25], "texture": "#5"},
				"south": {"uv": [12.75, 12, 13, 12.25], "texture": "#5"},
				"west": {"uv": [1.75, 12.875, 2, 13.125], "texture": "#5"},
				"up": {"uv": [2.375, 13.125, 2.125, 12.875], "texture": "#5"},
				"down": {"uv": [4.375, 12.875, 4.125, 13.125], "texture": "#5"}
			}
		},
		{
			"from": [-0.5, 4.6, -10.75],
			"to": [2.5, 5.6, -9.75],
			"rotation": {"angle": 0, "axis": "y", "origin": [8, 5.35, -10.25]},
			"faces": {
				"north": {"uv": [13.125, 12, 13.5, 12.125], "texture": "#5"},
				"east": {"uv": [0, 13.625, 0.125, 13.75], "texture": "#5"},
				"south": {"uv": [13.125, 12.25, 13.5, 12.375], "texture": "#5"},
				"west": {"uv": [13.625, 0, 13.75, 0.125], "texture": "#5"},
				"up": {"uv": [13.5, 12.625, 13.125, 12.5], "texture": "#5"},
				"down": {"uv": [13.25, 13.125, 12.875, 13.25], "texture": "#5"}
			}
		},
		{
			"from": [0, 4.58097, -11.34567],
			"to": [2, 6.58097, -9.34567],
			"rotation": {"angle": 22.5, "axis": "x", "origin": [8, 5.35, -10.25]},
			"faces": {
				"north": {"uv": [12.875, 5.875, 13.125, 6.125], "texture": "#5"},
				"east": {"uv": [6.25, 12.875, 6.5, 13.125], "texture": "#5"},
				"south": {"uv": [8.625, 12.875, 8.875, 13.125], "texture": "#5"},
				"west": {"uv": [12.875, 12.75, 13.125, 13], "texture": "#5"},
				"up": {"uv": [13.25, 2, 13, 1.75], "texture": "#5"},
				"down": {"uv": [13.25, 2.125, 13, 2.375], "texture": "#5"}
			}
		},
		{
			"from": [3, 3.5, -11],
			"to": [13, 7.5, -5],
			"rotation": {"angle": 0, "axis": "y", "origin": [8, 5.5, -6]},
			"faces": {
				"north": {"uv": [2.375, 4.75, 3.625, 5.25], "texture": "#5"},
				"east": {"uv": [7.25, 10.5, 8, 11], "texture": "#5"},
				"south": {"uv": [8.75, 3.125, 10, 3.625], "texture": "#5"},
				"west": {"uv": [1.25, 10.625, 2, 11.125], "texture": "#5"},
				"up": {"uv": [9.25, 5.375, 8, 4.625], "texture": "#5"},
				"down": {"uv": [6.125, 8, 4.875, 8.75], "texture": "#5"}
			}
		},
		{
			"from": [4, 5.5, -11.5],
			"to": [12, 6.5, -10.5],
			"rotation": {"angle": 45, "axis": "x", "origin": [8, 6, -11]},
			"faces": {
				"north": {"uv": [0, 9, 1, 9.125], "texture": "#5"},
				"east": {"uv": [0.25, 13.625, 0.375, 13.75], "texture": "#5"},
				"south": {"uv": [12.375, 1.5, 13.375, 1.625], "texture": "#5"},
				"west": {"uv": [13.625, 0.25, 13.75, 0.375], "texture": "#5"},
				"up": {"uv": [10.125, 12.5, 9.125, 12.375], "texture": "#5"},
				"down": {"uv": [13.5, 0.5, 12.5, 0.625], "texture": "#5"}
			}
		},
		{
			"from": [10.5, 4.2294, -11.55383],
			"to": [11.5, 6.2294, -10.55383],
			"rotation": {"angle": -22.5, "axis": "x", "origin": [12, 5.7294, -11.05383]},
			"faces": {
				"north": {"uv": [4.625, 10.5, 4.75, 10.75], "texture": "#5"},
				"east": {"uv": [11.375, 0.5, 11.5, 0.75], "texture": "#5"},
				"south": {"uv": [4.5, 12.875, 4.625, 13.125], "texture": "#5"},
				"west": {"uv": [7, 13.125, 7.125, 13.375], "texture": "#5"},
				"up": {"uv": [0.625, 13.75, 0.5, 13.625], "texture": "#5"},
				"down": {"uv": [13.75, 0.5, 13.625, 0.625], "texture": "#5"}
			}
		},
		{
			"from": [8.5, 4.2294, -11.55383],
			"to": [9.5, 6.2294, -10.55383],
			"rotation": {"angle": -22.5, "axis": "x", "origin": [12, 5.7294, -11.05383]},
			"faces": {
				"north": {"uv": [2.25, 13.25, 2.375, 13.5], "texture": "#5"},
				"east": {"uv": [6.25, 13.25, 6.375, 13.5], "texture": "#5"},
				"south": {"uv": [13.25, 6.75, 13.375, 7], "texture": "#5"},
				"west": {"uv": [8.625, 13.25, 8.75, 13.5], "texture": "#5"},
				"up": {"uv": [0.875, 13.75, 0.75, 13.625], "texture": "#5"},
				"down": {"uv": [13.75, 0.75, 13.625, 0.875], "texture": "#5"}
			}
		},
		{
			"from": [6.5, 4.2294, -11.55383],
			"to": [7.5, 6.2294, -10.55383],
			"rotation": {"angle": -22.5, "axis": "x", "origin": [12, 5.7294, -11.05383]},
			"faces": {
				"north": {"uv": [8.875, 13.25, 9, 13.5], "texture": "#5"},
				"east": {"uv": [13.25, 12.75, 13.375, 13], "texture": "#5"},
				"south": {"uv": [1.5, 13.375, 1.625, 13.625], "texture": "#5"},
				"west": {"uv": [13.375, 1.75, 13.5, 2], "texture": "#5"},
				"up": {"uv": [1.125, 13.75, 1, 13.625], "texture": "#5"},
				"down": {"uv": [13.75, 1, 13.625, 1.125], "texture": "#5"}
			}
		},
		{
			"from": [4.5, 4.2294, -11.55383],
			"to": [5.5, 6.2294, -10.55383],
			"rotation": {"angle": -22.5, "axis": "x", "origin": [12, 5.7294, -11.05383]},
			"faces": {
				"north": {"uv": [13.375, 2.125, 13.5, 2.375], "texture": "#5"},
				"east": {"uv": [13.375, 6.125, 13.5, 6.375], "texture": "#5"},
				"south": {"uv": [7.5, 13.375, 7.625, 13.625], "texture": "#5"},
				"west": {"uv": [7.75, 13.375, 7.875, 13.625], "texture": "#5"},
				"up": {"uv": [1.375, 13.75, 1.25, 13.625], "texture": "#5"},
				"down": {"uv": [13.75, 1.75, 13.625, 1.875], "texture": "#5"}
			}
		},
		{
			"from": [2, 5.5, -6.75],
			"to": [14, 7.5, -3.75],
			"rotation": {"angle": -22.5, "axis": "x", "origin": [8, 7.5, -5]},
			"faces": {
				"north": {"uv": [9.875, 6.5, 11.375, 6.75], "texture": "#5"},
				"east": {"uv": [4.125, 12.5, 4.5, 12.75], "texture": "#5"},
				"south": {"uv": [10.625, 6.875, 12.125, 7.125], "texture": "#5"},
				"west": {"uv": [6.25, 12.5, 6.625, 12.75], "texture": "#5"},
				"up": {"uv": [6, 2.375, 4.5, 2], "texture": "#5"},
				"down": {"uv": [10.75, 5.5, 9.25, 5.875], "texture": "#5"}
			}
		},
		{
			"from": [0.88388, 1.17678, -12],
			"to": [2.88388, 2.17678, -10],
			"rotation": {"angle": 22.5, "axis": "z", "origin": [1.38388, 1.67678, -11]},
			"faces": {
				"north": {"uv": [13.375, 1.25, 13.625, 1.375], "texture": "#5"},
				"east": {"uv": [13.375, 9.125, 13.625, 9.25], "texture": "#5"},
				"south": {"uv": [13.375, 9.375, 13.625, 9.5], "texture": "#5"},
				"west": {"uv": [13.375, 9.875, 13.625, 10], "texture": "#5"},
				"up": {"uv": [13.25, 9.375, 13, 9.125], "texture": "#5"},
				"down": {"uv": [13.25, 10.625, 13, 10.875], "texture": "#5"}
			}
		},
		{
			"from": [0.88388, 2.17678, -12],
			"to": [1.88388, 3.17678, -10],
			"rotation": {"angle": 22.5, "axis": "z", "origin": [1.38388, 1.67678, -11]},
			"faces": {
				"north": {"uv": [13.625, 2, 13.75, 2.125], "texture": "#5"},
				"east": {"uv": [13.375, 10.125, 13.625, 10.25], "texture": "#5"},
				"south": {"uv": [2.125, 13.625, 2.25, 13.75], "texture": "#5"},
				"west": {"uv": [13.375, 10.625, 13.625, 10.75], "texture": "#5"},
				"up": {"uv": [11, 13.625, 10.875, 13.375], "texture": "#5"},
				"down": {"uv": [11.25, 13.375, 11.125, 13.625], "texture": "#5"}
			}
		},
		{
			"from": [13.11612, 1.17678, -12],
			"to": [15.11612, 2.17678, -10],
			"rotation": {"angle": -22.5, "axis": "z", "origin": [14.61612, 1.67678, -11]},
			"faces": {
				"north": {"uv": [12.875, 13.375, 13.125, 13.5], "texture": "#5"},
				"east": {"uv": [13.375, 13.125, 13.625, 13.25], "texture": "#5"},
				"south": {"uv": [13.25, 13.375, 13.5, 13.5], "texture": "#5"},
				"west": {"uv": [13.5, 1.5, 13.75, 1.625], "texture": "#5"},
				"up": {"uv": [5.75, 13.375, 5.5, 13.125], "texture": "#5"},
				"down": {"uv": [6.875, 13.125, 6.625, 13.375], "texture": "#5"}
			}
		},
		{
			"from": [14.11612, 2.17678, -12],
			"to": [15.11612, 3.17678, -10],
			"rotation": {"angle": -22.5, "axis": "z", "origin": [14.61612, 1.67678, -11]},
			"faces": {
				"north": {"uv": [13.625, 2.25, 13.75, 2.375], "texture": "#5"},
				"east": {"uv": [1.75, 13.5, 2, 13.625], "texture": "#5"},
				"south": {"uv": [2.375, 13.625, 2.5, 13.75], "texture": "#5"},
				"west": {"uv": [3.375, 13.5, 3.625, 13.625], "texture": "#5"},
				"up": {"uv": [4.25, 13.75, 4.125, 13.5], "texture": "#5"},
				"down": {"uv": [4.5, 13.5, 4.375, 13.75], "texture": "#5"}
			}
		},
		{
			"from": [-1.5, 1.5, -11.5],
			"to": [17.5, 4.5, -7.5],
			"rotation": {"angle": 0, "axis": "y", "origin": [8.5, 3, -9.5]},
			"faces": {
				"north": {"uv": [6.875, 1.5, 9.25, 1.875], "texture": "#5"},
				"east": {"uv": [2.625, 12, 3.125, 12.375], "texture": "#5"},
				"south": {"uv": [6.25, 8, 8.625, 8.375], "texture": "#5"},
				"west": {"uv": [4.125, 12, 4.625, 12.375], "texture": "#5"},
				"up": {"uv": [9.25, 1.375, 6.875, 0.875], "texture": "#5"},
				"down": {"uv": [4.25, 7.375, 1.875, 7.875], "texture": "#5"}
			}
		},
		{
			"from": [4, 2.5, 24.5],
			"to": [12, 4.5, 28.5],
			"rotation": {"angle": 0, "axis": "y", "origin": [8, 3, 26.5]},
			"faces": {
				"north": {"uv": [11.875, 1.875, 12.875, 2.125], "texture": "#5"},
				"east": {"uv": [9.25, 6, 9.75, 6.25], "texture": "#5"},
				"south": {"uv": [11.875, 2.25, 12.875, 2.5], "texture": "#5"},
				"west": {"uv": [10.25, 12.375, 10.75, 12.625], "texture": "#5"},
				"up": {"uv": [7.375, 10.375, 6.375, 9.875], "texture": "#5"},
				"down": {"uv": [8.5, 9.875, 7.5, 10.375], "texture": "#5"}
			}
		},
		{
			"from": [-2, 1.5, 24.5],
			"to": [4, 4.5, 28.5],
			"rotation": {"angle": 0, "axis": "y", "origin": [8, 3, 26.5]},
			"faces": {
				"north": {"uv": [11.5, 6, 12.25, 6.375], "texture": "#5"},
				"east": {"uv": [12, 4.625, 12.5, 5], "texture": "#5"},
				"south": {"uv": [6.375, 11.5, 7.125, 11.875], "texture": "#5"},
				"west": {"uv": [6.25, 12, 6.75, 12.375], "texture": "#5"},
				"up": {"uv": [8.875, 11.125, 8.125, 10.625], "texture": "#5"},
				"down": {"uv": [9.75, 10.625, 9, 11.125], "texture": "#5"}
			}
		},
		{
			"from": [12, 1.5, 24.5],
			"to": [18, 4.5, 28.5],
			"rotation": {"angle": 0, "axis": "y", "origin": [8, 3, 26.5]},
			"faces": {
				"north": {"uv": [7.25, 11.5, 8, 11.875], "texture": "#5"},
				"east": {"uv": [6.875, 12, 7.375, 12.375], "texture": "#5"},
				"south": {"uv": [8.125, 11.5, 8.875, 11.875], "texture": "#5"},
				"west": {"uv": [7.5, 12, 8, 12.375], "texture": "#5"},
				"up": {"uv": [10.625, 11.125, 9.875, 10.625], "texture": "#5"},
				"down": {"uv": [11.5, 0.875, 10.75, 1.375], "texture": "#5"}
			}
		},
		{
			"from": [4, 0.5, -11.5],
			"to": [12, 1.5, -7.5],
			"rotation": {"angle": 0, "axis": "y", "origin": [8, 1, -9.5]},
			"faces": {
				"north": {"uv": [12.5, 0.75, 13.5, 0.875], "texture": "#5"},
				"east": {"uv": [10.375, 4.125, 10.875, 4.25], "texture": "#5"},
				"south": {"uv": [12.5, 1, 13.5, 1.125], "texture": "#5"},
				"west": {"uv": [12.625, 4.875, 13.125, 5], "texture": "#5"},
				"up": {"uv": [9.625, 10.5, 8.625, 10], "texture": "#5"},
				"down": {"uv": [10.75, 10, 9.75, 10.5], "texture": "#5"}
			}
		},
		{
			"from": [-1, 0, 23.5],
			"to": [2, 7, 27.5],
			"rotation": {"angle": 0, "axis": "y", "origin": [8, 3.5, 25.5]},
			"faces": {
				"north": {"uv": [2.875, 11, 3.25, 11.875], "texture": "#5"},
				"east": {"uv": [0.625, 10.125, 1.125, 11], "texture": "#5"},
				"south": {"uv": [11, 4.125, 11.375, 5], "texture": "#5"},
				"west": {"uv": [10.125, 0.875, 10.625, 1.75], "texture": "#5"},
				"up": {"uv": [2.25, 7.125, 1.875, 6.625], "texture": "#5"},
				"down": {"uv": [8.5, 12, 8.125, 12.5], "texture": "#5"}
			}
		},
		{
			"from": [-0.5, 4.75, 26.85],
			"to": [0.5, 6.75, 27.85],
			"rotation": {"angle": 0, "axis": "y", "origin": [7.63043, 4.79617, 4.55404]},
			"faces": {
				"north": {"uv": [5.5, 13.5, 5.625, 13.75], "texture": "#5"},
				"east": {"uv": [5.75, 13.5, 5.875, 13.75], "texture": "#5"},
				"south": {"uv": [6, 13.5, 6.125, 13.75], "texture": "#5"},
				"west": {"uv": [6.5, 13.5, 6.625, 13.75], "texture": "#5"},
				"up": {"uv": [2.75, 13.75, 2.625, 13.625], "texture": "#5"},
				"down": {"uv": [3, 13.625, 2.875, 13.75], "texture": "#5"}
			}
		},
		{
			"from": [0.5, 5.25, 26.85],
			"to": [1.5, 6.25, 27.85],
			"rotation": {"angle": 45, "axis": "z", "origin": [1, 5.75, 27.35]},
			"faces": {
				"north": {"uv": [3.125, 13.625, 3.25, 13.75], "texture": "#5"},
				"east": {"uv": [13.625, 3.125, 13.75, 3.25], "texture": "#5"},
				"south": {"uv": [13.625, 5.125, 13.75, 5.25], "texture": "#5"},
				"west": {"uv": [13.625, 6.125, 13.75, 6.25], "texture": "#5"},
				"up": {"uv": [6.375, 13.75, 6.25, 13.625], "texture": "#5"},
				"down": {"uv": [13.75, 8, 13.625, 8.125], "texture": "#5"}
			}
		},
		{
			"from": [14.5, 5.25, 26.85],
			"to": [15.5, 6.25, 27.85],
			"rotation": {"angle": -45, "axis": "z", "origin": [15, 5.75, 27.35]},
			"faces": {
				"north": {"uv": [13.625, 8.25, 13.75, 8.375], "texture": "#5"},
				"east": {"uv": [8.5, 13.625, 8.625, 13.75], "texture": "#5"},
				"south": {"uv": [13.625, 8.5, 13.75, 8.625], "texture": "#5"},
				"west": {"uv": [8.75, 13.625, 8.875, 13.75], "texture": "#5"},
				"up": {"uv": [13.75, 11, 13.625, 10.875], "texture": "#5"},
				"down": {"uv": [13.75, 11.125, 13.625, 11.25], "texture": "#5"}
			}
		},
		{
			"from": [15.5, 4.75, 26.85],
			"to": [16.5, 6.75, 27.85],
			"rotation": {"angle": 0, "axis": "y", "origin": [8.36957, 4.79617, 4.55404]},
			"faces": {
				"north": {"uv": [6.75, 13.5, 6.875, 13.75], "texture": "#5"},
				"east": {"uv": [13.5, 6.75, 13.625, 7], "texture": "#5"},
				"south": {"uv": [7, 13.5, 7.125, 13.75], "texture": "#5"},
				"west": {"uv": [7.25, 13.5, 7.375, 13.75], "texture": "#5"},
				"up": {"uv": [13.75, 12.125, 13.625, 12], "texture": "#5"},
				"down": {"uv": [13.75, 12.25, 13.625, 12.375], "texture": "#5"}
			}
		},
		{
			"from": [1, 0, -0.5],
			"to": [15, 1, 16.5],
			"rotation": {"angle": 0, "axis": "y", "origin": [8, 3.5, 11.33333]},
			"faces": {
				"up": {"uv": [1.75, 4.625, 0, 2.5], "texture": "#5"},
				"down": {"uv": [3.625, 2.5, 1.875, 4.625], "texture": "#5"}
			}
		},
		{
			"from": [1, 0.03702, -0.31389],
			"to": [15, 7.03702, 0.68611],
			"rotation": {"angle": -22.5, "axis": "x", "origin": [8, 4.03702, 0.18611]},
			"faces": {
				"south": {"uv": [2.375, 6.375, 4.125, 7.25], "texture": "#5"}
			}
		},
		{
			"from": [-2, 2.9, -1.5],
			"to": [18, 4.9, -0.5],
			"rotation": {"angle": -22.5, "axis": "x", "origin": [-1.5, 4.9, 0]},
			"faces": {
				"north": {"uv": [8, 7, 10.5, 7.25], "texture": "#5"},
				"east": {"uv": [8, 13.5, 8.125, 13.75], "texture": "#5"},
				"south": {"uv": [8.75, 0.5, 11.25, 0.75], "texture": "#5"},
				"west": {"uv": [8.25, 13.5, 8.375, 13.75], "texture": "#5"},
				"up": {"uv": [11.625, 7.875, 9.125, 7.75], "texture": "#5"},
				"down": {"uv": [13.375, 10.375, 10.875, 10.5], "texture": "#5"}
			}
		},
		{
			"from": [-2, 1.75195, -6.65224],
			"to": [18, 3.75195, -5.65224],
			"rotation": {"angle": 22.5, "axis": "x", "origin": [-1.5, 3.75195, -4.15224]},
			"faces": {
				"north": {"uv": [8.75, 8, 11.25, 8.25], "texture": "#5"},
				"east": {"uv": [9.125, 13.5, 9.25, 13.75], "texture": "#5"},
				"south": {"uv": [1.625, 8.875, 4.125, 9.125], "texture": "#5"},
				"west": {"uv": [9.375, 13.5, 9.5, 13.75], "texture": "#5"},
				"up": {"uv": [13.5, 0.125, 11, 0], "texture": "#5"},
				"down": {"uv": [13.5, 0.25, 11, 0.375], "texture": "#5"}
			}
		},
		{
			"from": [-1.995, 3.71366, -6.45694],
			"to": [17.995, 4.70366, -0.46694],
			"rotation": {"angle": 0, "axis": "y", "origin": [-1.5, 5.20866, -2.46194]},
			"faces": {
				"north": {"uv": [11, 3.125, 13.5, 3.25], "texture": "#5"},
				"east": {"uv": [8.5, 4.375, 9.25, 4.5], "texture": "#5"},
				"south": {"uv": [11, 5.125, 13.5, 5.25], "texture": "#5"},
				"west": {"uv": [12.5, 1.25, 13.25, 1.375], "texture": "#5"},
				"up": {"uv": [4.875, 6.25, 2.375, 5.5], "texture": "#5"},
				"down": {"uv": [7.5, 5.5, 5, 6.25], "texture": "#5"}
			}
		},
		{
			"from": [-2, 1.75195, 17.34776],
			"to": [18, 3.75195, 18.34776],
			"rotation": {"angle": 22.5, "axis": "x", "origin": [-1.5, 3.75195, 19.84776]},
			"faces": {
				"north": {"uv": [4.25, 9, 6.75, 9.25], "texture": "#5"},
				"east": {"uv": [9.625, 13.5, 9.75, 13.75], "texture": "#5"},
				"south": {"uv": [6.875, 9, 9.375, 9.25], "texture": "#5"},
				"west": {"uv": [9.875, 13.5, 10, 13.75], "texture": "#5"},
				"up": {"uv": [13.5, 8.5, 11, 8.375], "texture": "#5"},
				"down": {"uv": [13.5, 8.625, 11, 8.75], "texture": "#5"}
			}
		},
		{
			"from": [-1.995, 3.71366, 17.54306],
			"to": [17.995, 4.70366, 23.53306],
			"rotation": {"angle": 0, "axis": "y", "origin": [-1.5, 5.20866, 21.53806]},
			"faces": {
				"north": {"uv": [11.25, 3.375, 13.75, 3.5], "texture": "#5"},
				"east": {"uv": [6.75, 12.5, 7.5, 12.625], "texture": "#5"},
				"south": {"uv": [11.25, 3.625, 13.75, 3.75], "texture": "#5"},
				"west": {"uv": [12.5, 9.875, 13.25, 10], "texture": "#5"},
				"up": {"uv": [8.625, 2.75, 6.125, 2], "texture": "#5"},
				"down": {"uv": [8.625, 2.875, 6.125, 3.625], "texture": "#5"}
			}
		},
		{
			"from": [-2, 2.9, 22.5],
			"to": [18, 4.9, 23.5],
			"rotation": {"angle": -22.5, "axis": "x", "origin": [-1.5, 4.9, 24]},
			"faces": {
				"north": {"uv": [9.125, 7.375, 11.625, 7.625], "texture": "#5"},
				"east": {"uv": [10.125, 13.5, 10.25, 13.75], "texture": "#5"},
				"south": {"uv": [0, 9.25, 2.5, 9.5], "texture": "#5"},
				"west": {"uv": [10.375, 13.5, 10.5, 13.75], "texture": "#5"},
				"up": {"uv": [13.75, 4, 11.25, 3.875], "texture": "#5"},
				"down": {"uv": [8.875, 11.25, 6.375, 11.375], "texture": "#5"}
			}
		},
		{
			"from": [1, 0, 17.5],
			"to": [15, 4, 23.5],
			"rotation": {"angle": 0, "axis": "y", "origin": [8, 2, 32.5]},
			"faces": {
				"north": {"uv": [8, 6.375, 9.75, 6.875], "texture": "#5"},
				"east": {"uv": [10.75, 10.625, 11.5, 11.125], "texture": "#5"},
				"south": {"uv": [8.5, 3.75, 10.25, 4.25], "texture": "#5"},
				"west": {"uv": [10.875, 5.375, 11.625, 5.875], "texture": "#5"},
				"up": {"uv": [1.75, 7.375, 0, 6.625], "texture": "#5"},
				"down": {"uv": [8.625, 0, 6.875, 0.75], "texture": "#5"}
			}
		},
		{
			"from": [-0.25, 6.52336, -0.36334],
			"to": [0.75, 12.52336, 0.63666],
			"rotation": {"angle": 22.5, "axis": "x", "origin": [8.25, 9.52336, 0.13666]},
			"faces": {
				"north": {"uv": [7.625, 12.5, 7.75, 13.25], "texture": "#5"},
				"east": {"uv": [7.875, 12.5, 8, 13.25], "texture": "#5"},
				"south": {"uv": [10.875, 12.5, 11, 13.25], "texture": "#5"},
				"west": {"uv": [11.125, 12.5, 11.25, 13.25], "texture": "#5"},
				"up": {"uv": [13.75, 12.625, 13.625, 12.5], "texture": "#5"},
				"down": {"uv": [13, 13.625, 12.875, 13.75], "texture": "#5"}
			}
		},
		{
			"from": [15.25, 11.48634, 0.82277],
			"to": [16.25, 12.48634, 17.82277],
			"rotation": {"angle": 0, "axis": "y", "origin": [8.25, 11.98634, 9.32277]},
			"faces": {
				"north": {"uv": [13.125, 13.625, 13.25, 13.75], "texture": "#5"},
				"east": {"uv": [11.25, 9.625, 13.375, 9.75], "texture": "#5"},
				"south": {"uv": [13.375, 13.625, 13.5, 13.75], "texture": "#5"},
				"west": {"uv": [11.375, 8, 13.5, 8.125], "texture": "#5"},
				"up": {"uv": [4, 13.75, 3.875, 11.625], "texture": "#5"},
				"down": {"uv": [4.875, 11.75, 4.75, 13.875], "texture": "#5"}
			}
		},
		{
			"from": [-0.25, 11.48634, 0.82277],
			"to": [0.75, 12.48634, 17.82277],
			"rotation": {"angle": 0, "axis": "y", "origin": [7.75, 11.98634, 9.32277]},
			"faces": {
				"north": {"uv": [13.625, 13.375, 13.75, 13.5], "texture": "#5"},
				"east": {"uv": [11.5, 6.5, 13.625, 6.625], "texture": "#5"},
				"south": {"uv": [13.625, 13.625, 13.75, 13.75], "texture": "#5"},
				"west": {"uv": [11.75, 5.375, 13.875, 5.5], "texture": "#5"},
				"up": {"uv": [5.125, 13.875, 5, 11.75], "texture": "#5"},
				"down": {"uv": [5.375, 11.75, 5.25, 13.875], "texture": "#5"}
			}
		},
		{
			"from": [0.5, 11.48634, 0.82277],
			"to": [15.5, 12.48634, 1.82277],
			"rotation": {"angle": 0, "axis": "y", "origin": [7.5, 11.98634, 9.32277]},
			"faces": {
				"north": {"uv": [11.875, 2.625, 13.75, 2.75], "texture": "#5"},
				"east": {"uv": [13.75, 1.25, 13.875, 1.375], "texture": "#5"},
				"south": {"uv": [11.875, 2.875, 13.75, 3], "texture": "#5"},
				"west": {"uv": [1.5, 13.75, 1.625, 13.875], "texture": "#5"},
				"up": {"uv": [13.75, 11.625, 11.875, 11.5], "texture": "#5"},
				"down": {"uv": [13.75, 11.75, 11.875, 11.875], "texture": "#5"}
			}
		},
		{
			"from": [-0.495, 12.49134, 1.82777],
			"to": [16.495, 13.48134, 20.81777],
			"rotation": {"angle": 0, "axis": "y", "origin": [7.5, 11.98634, 9.32277]},
			"faces": {
				"north": {"uv": [11.75, 5.625, 13.875, 5.75], "texture": "#5"},
				"east": {"uv": [11.25, 8.875, 13.625, 9], "texture": "#5"},
				"south": {"uv": [11.75, 7.25, 13.875, 7.375], "texture": "#5"},
				"west": {"uv": [9, 11.25, 11.375, 11.375], "texture": "#5"},
				"up": {"uv": [2.125, 2.375, 0, 0], "texture": "#5"},
				"down": {"uv": [4.375, 0, 2.25, 2.375], "texture": "#5"}
			}
		},
		{
			"from": [-0.5, 10.51147, 19.59054],
			"to": [2.5, 11.51147, 25.59054],
			"rotation": {"angle": 45, "axis": "x", "origin": [7.5, 11.01147, 22.59054]},
			"faces": {
				"north": {"uv": [1.75, 13.25, 2.125, 13.375], "texture": "#5"},
				"east": {"uv": [12.5, 10.125, 13.25, 10.25], "texture": "#5"},
				"south": {"uv": [4.125, 13.25, 4.5, 13.375], "texture": "#5"},
				"west": {"uv": [11.375, 12.5, 12.125, 12.625], "texture": "#5"},
				"up": {"uv": [9.375, 12.25, 9, 11.5], "texture": "#5"},
				"down": {"uv": [9.875, 11.5, 9.5, 12.25], "texture": "#5"}
			}
		},
		{
			"from": [13.5, 10.51147, 19.59054],
			"to": [16.5, 11.51147, 25.59054],
			"rotation": {"angle": 45, "axis": "x", "origin": [8.5, 11.01147, 22.59054]},
			"faces": {
				"north": {"uv": [13.25, 4.875, 13.625, 5], "texture": "#5"},
				"east": {"uv": [12.25, 12.5, 13, 12.625], "texture": "#5"},
				"south": {"uv": [13.25, 5.875, 13.625, 6], "texture": "#5"},
				"west": {"uv": [12.625, 4.625, 13.375, 4.75], "texture": "#5"},
				"up": {"uv": [10.375, 12.25, 10, 11.5], "texture": "#5"},
				"down": {"uv": [10.875, 11.5, 10.5, 12.25], "texture": "#5"}
			}
		},
		{
			"from": [-0.495, 6.28572, 25.25652],
			"to": [16.495, 9.27572, 26.24652],
			"rotation": {"angle": -22.5, "axis": "x", "origin": [7.5, 6.28072, 25.75152]},
			"faces": {
				"north": {"uv": [8.75, 0, 10.875, 0.375], "texture": "#5"},
				"east": {"uv": [1.625, 7.5, 1.75, 7.875], "texture": "#5"},
				"south": {"uv": [8.75, 2, 10.875, 2.375], "texture": "#5"},
				"west": {"uv": [10.125, 3.125, 10.25, 3.5], "texture": "#5"},
				"up": {"uv": [13.875, 7.625, 11.75, 7.5], "texture": "#5"},
				"down": {"uv": [13.875, 7.75, 11.75, 7.875], "texture": "#5"}
			}
		},
		{
			"from": [-0.25, 6.51134, 8.82277],
			"to": [0.75, 11.51134, 9.82277],
			"rotation": {"angle": 0, "axis": "y", "origin": [8.25, 11.98634, 9.32277]},
			"faces": {
				"north": {"uv": [2.25, 9.625, 2.375, 10.25], "texture": "#5"},
				"east": {"uv": [6, 12.75, 6.125, 13.375], "texture": "#5"},
				"south": {"uv": [7.25, 12.75, 7.375, 13.375], "texture": "#5"},
				"west": {"uv": [10.125, 12.75, 10.25, 13.375], "texture": "#5"},
				"up": {"uv": [1.875, 13.875, 1.75, 13.75], "texture": "#5"},
				"down": {"uv": [3.5, 13.75, 3.375, 13.875], "texture": "#5"}
			}
		},
		{
			"from": [15.25, 6.51134, 8.82277],
			"to": [16.25, 11.51134, 9.82277],
			"rotation": {"angle": 0, "axis": "y", "origin": [7.75, 11.98634, 9.32277]},
			"faces": {
				"north": {"uv": [10.375, 12.75, 10.5, 13.375], "texture": "#5"},
				"east": {"uv": [10.625, 12.75, 10.75, 13.375], "texture": "#5"},
				"south": {"uv": [11.375, 12.75, 11.5, 13.375], "texture": "#5"},
				"west": {"uv": [11.625, 12.75, 11.75, 13.375], "texture": "#5"},
				"up": {"uv": [3.75, 13.875, 3.625, 13.75], "texture": "#5"},
				"down": {"uv": [13.875, 4.875, 13.75, 5], "texture": "#5"}
			}
		},
		{
			"from": [15.25, 6.52336, -0.36334],
			"to": [16.25, 12.52336, 0.63666],
			"rotation": {"angle": 22.5, "axis": "x", "origin": [7.75, 9.52336, 0.13666]},
			"faces": {
				"north": {"uv": [8.125, 12.625, 8.25, 13.375], "texture": "#5"},
				"east": {"uv": [8.375, 12.625, 8.5, 13.375], "texture": "#5"},
				"south": {"uv": [9.125, 12.625, 9.25, 13.375], "texture": "#5"},
				"west": {"uv": [9.375, 12.625, 9.5, 13.375], "texture": "#5"},
				"up": {"uv": [13.875, 6, 13.75, 5.875], "texture": "#5"},
				"down": {"uv": [13.875, 6.375, 13.75, 6.5], "texture": "#5"}
			}
		},
		{
			"from": [15.25, 6.52336, 18.00888],
			"to": [16.25, 12.52336, 19.00888],
			"rotation": {"angle": -22.5, "axis": "x", "origin": [7.75, 9.52336, 18.50888]},
			"faces": {
				"north": {"uv": [9.625, 12.625, 9.75, 13.375], "texture": "#5"},
				"east": {"uv": [9.875, 12.625, 10, 13.375], "texture": "#5"},
				"south": {"uv": [0, 12.75, 0.125, 13.5], "texture": "#5"},
				"west": {"uv": [0.25, 12.75, 0.375, 13.5], "texture": "#5"},
				"up": {"uv": [13.875, 6.75, 13.75, 6.625], "texture": "#5"},
				"down": {"uv": [13.875, 6.875, 13.75, 7], "texture": "#5"}
			}
		},
		{
			"from": [15.504, 4.60802, 18.79883],
			"to": [16.496, 12.60002, 23.79083],
			"rotation": {"angle": -22.5, "axis": "x", "origin": [7.75, 8.60402, 18.29483]},
			"faces": {
				"north": {"uv": [1.5, 12.25, 1.625, 13.25], "texture": "#5"},
				"east": {"uv": [2.625, 9.25, 3.25, 10.25], "texture": "#5"},
				"south": {"uv": [2.625, 12.5, 2.75, 13.5], "texture": "#5"},
				"west": {"uv": [3.375, 9.25, 4, 10.25], "texture": "#5"},
				"up": {"uv": [12, 13.375, 11.875, 12.75], "texture": "#5"},
				"down": {"uv": [12.25, 12.75, 12.125, 13.375], "texture": "#5"}
			}
		},
		{
			"from": [-0.496, 4.60802, 18.79883],
			"to": [0.496, 12.60002, 23.79083],
			"shade": false,
			"rotation": {"angle": -22.5, "axis": "x", "origin": [8.25, 8.60402, 18.29483]},
			"faces": {
				"north": {"uv": [2.875, 12.5, 3, 13.5], "texture": "#5"},
				"east": {"uv": [9.375, 0.875, 10, 1.875], "texture": "#5"},
				"south": {"uv": [3.125, 12.5, 3.25, 13.5], "texture": "#5"},
				"west": {"uv": [4.125, 9.375, 4.75, 10.375], "texture": "#5"},
				"up": {"uv": [12.5, 13.375, 12.375, 12.75], "texture": "#5"},
				"down": {"uv": [12.75, 12.75, 12.625, 13.375], "texture": "#5"}
			}
		},
		{
			"from": [-0.25, 6.52336, 18.00888],
			"to": [0.75, 12.52336, 19.00888],
			"rotation": {"angle": -22.5, "axis": "x", "origin": [8.25, 9.52336, 18.50888]},
			"faces": {
				"north": {"uv": [0.5, 12.75, 0.625, 13.5], "texture": "#5"},
				"east": {"uv": [0.75, 12.75, 0.875, 13.5], "texture": "#5"},
				"south": {"uv": [1, 12.75, 1.125, 13.5], "texture": "#5"},
				"west": {"uv": [1.25, 12.75, 1.375, 13.5], "texture": "#5"},
				"up": {"uv": [7.625, 13.875, 7.5, 13.75], "texture": "#5"},
				"down": {"uv": [7.875, 13.75, 7.75, 13.875], "texture": "#5"}
			}
		},
		{
			"from": [15, 0, -0.5],
			"to": [17, 7, 17.5],
			"rotation": {"angle": 0, "axis": "y", "origin": [8, 3.5, 11.33333]},
			"faces": {
				"north": {"uv": [5.5, 11.75, 5.75, 12.625], "texture": "#5"},
				"east": {"uv": [4.5, 0, 6.75, 0.875], "texture": "#5"},
				"south": {"uv": [5.875, 11.75, 6.125, 12.625], "texture": "#5"},
				"west": {"uv": [4.5, 1, 6.75, 1.875], "texture": "#5"},
				"up": {"uv": [5.125, 11.625, 4.875, 9.375], "texture": "#5"},
				"down": {"uv": [5.5, 9.375, 5.25, 11.625], "texture": "#5"}
			}
		},
		{
			"from": [-1, 0, -0.5],
			"to": [1, 7, 17.5],
			"shade": false,
			"rotation": {"angle": 0, "axis": "y", "origin": [8, 3.5, 11.33333]},
			"faces": {
				"north": {"uv": [1.875, 11.875, 2.125, 12.75], "texture": "#5"},
				"east": {"uv": [3.75, 4.5, 6, 5.375], "texture": "#5"},
				"south": {"uv": [2.25, 11.875, 2.5, 12.75], "texture": "#5"},
				"west": {"uv": [0, 4.75, 2.25, 5.625], "texture": "#5"},
				"up": {"uv": [5.875, 11.625, 5.625, 9.375], "texture": "#5"},
				"down": {"uv": [6.25, 9.375, 6, 11.625], "texture": "#5"}
			}
		},
		{
			"from": [14, 4, 17.5],
			"to": [17, 7, 23.5],
			"rotation": {"angle": 0, "axis": "y", "origin": [8, 5.5, 20.5]},
			"faces": {
				"north": {"uv": [12.25, 6.75, 12.625, 7.125], "texture": "#5"},
				"east": {"uv": [11, 11.5, 11.75, 11.875], "texture": "#5"},
				"south": {"uv": [12.25, 12, 12.625, 12.375], "texture": "#5"},
				"west": {"uv": [11.625, 0.5, 12.375, 0.875], "texture": "#5"},
				"up": {"uv": [3.75, 12.375, 3.375, 11.625], "texture": "#5"},
				"down": {"uv": [12, 10.625, 11.625, 11.375], "texture": "#5"}
			}
		},
		{
			"from": [2, 4, 17.5],
			"to": [14, 7, 21.5],
			"rotation": {"angle": 0, "axis": "y", "origin": [8, 5.5, 19.5]},
			"faces": {
				"north": {"uv": [9.375, 4.375, 10.875, 4.75], "texture": "#5"},
				"east": {"uv": [11, 12, 11.5, 12.375], "texture": "#5"},
				"south": {"uv": [9.375, 4.875, 10.875, 5.25], "texture": "#5"},
				"west": {"uv": [11.625, 12, 12.125, 12.375], "texture": "#5"},
				"up": {"uv": [1.5, 8.875, 0, 8.375], "texture": "#5"},
				"down": {"uv": [10.25, 2.5, 8.75, 3], "texture": "#5"}
			}
		},
		{
			"from": [1, 0, 16.5],
			"to": [15, 7, 17.5],
			"rotation": {"angle": 0, "axis": "y", "origin": [8, 3.5, 11.33333]},
			"faces": {
				"north": {"uv": [4.25, 6.375, 6, 7.25], "texture": "#5"},
				"east": {"uv": [3.375, 12.5, 3.5, 13.375], "texture": "#5"},
				"south": {"uv": [6.125, 6.375, 7.875, 7.25], "texture": "#5"},
				"west": {"uv": [3.625, 12.5, 3.75, 13.375], "texture": "#5"},
				"up": {"uv": [13.75, 4.25, 12, 4.125], "texture": "#5"},
				"down": {"uv": [13.75, 4.375, 12, 4.5], "texture": "#5"}
			}
		},
		{
			"from": [14, 0, 23.5],
			"to": [17, 7, 27.5],
			"rotation": {"angle": 0, "axis": "y", "origin": [8, 3.5, 25.5]},
			"faces": {
				"north": {"uv": [0, 11.125, 0.375, 12], "texture": "#5"},
				"east": {"uv": [2.25, 10.375, 2.75, 11.25], "texture": "#5"},
				"south": {"uv": [0.5, 11.125, 0.875, 12], "texture": "#5"},
				"west": {"uv": [10.375, 2.5, 10.875, 3.375], "texture": "#5"},
				"up": {"uv": [0.375, 12.625, 0, 12.125], "texture": "#5"},
				"down": {"uv": [0.875, 12.125, 0.5, 12.625], "texture": "#5"}
			}
		},
		{
			"from": [2, 0.5, 21.5],
			"to": [14, 2.5, 27.5],
			"rotation": {"angle": 0, "axis": "y", "origin": [8, 3.5, 24]},
			"faces": {
				"north": {"uv": [10.75, 1.5, 12.25, 1.75], "texture": "#5"},
				"east": {"uv": [12.125, 9.125, 12.875, 9.375], "texture": "#5"},
				"south": {"uv": [10.875, 10, 12.375, 10.25], "texture": "#5"},
				"west": {"uv": [12.125, 10.625, 12.875, 10.875], "texture": "#5"},
				"up": {"uv": [1.5, 8.25, 0, 7.5], "texture": "#5"},
				"down": {"uv": [9.125, 5.5, 7.625, 6.25], "texture": "#5"}
			}
		},
		{
			"from": [2, 3.75, 21],
			"to": [14, 6.75, 27],
			"rotation": {"angle": 0, "axis": "y", "origin": [8, 5.25, 24]},
			"faces": {
				"north": {"uv": [6.375, 9.375, 7.875, 9.75], "texture": "#5"},
				"east": {"uv": [11.625, 1, 12.375, 1.375], "texture": "#5"},
				"south": {"uv": [8, 9.375, 9.5, 9.75], "texture": "#5"},
				"west": {"uv": [1, 11.75, 1.75, 12.125], "texture": "#5"},
				"up": {"uv": [3.125, 8.75, 1.625, 8], "texture": "#5"},
				"down": {"uv": [4.75, 8, 3.25, 8.75], "texture": "#5"}
			}
		},
		{
			"from": [2, 3.32822, 24.87955],
			"to": [14, 6.32822, 27.87955],
			"rotation": {"angle": -22.5, "axis": "x", "origin": [8, 4.32822, 26.37955]},
			"faces": {
				"north": {"uv": [0, 9.625, 1.5, 10], "texture": "#5"},
				"east": {"uv": [12.375, 5.875, 12.75, 6.25], "texture": "#5"},
				"south": {"uv": [9.625, 9, 11.125, 9.375], "texture": "#5"},
				"west": {"uv": [8.625, 12.375, 9, 12.75], "texture": "#5"},
				"up": {"uv": [11.125, 9.875, 9.625, 9.5], "texture": "#5"},
				"down": {"uv": [11.375, 6, 9.875, 6.375], "texture": "#5"}
			}
		},
		{
			"from": [-4.3, 7, -0.4],
			"to": [-1.3, 9, -0.4],
			"rotation": {"angle": 22.5, "axis": "y", "origin": [-2.8, 8, -0.75]},
			"faces": {
				"north": {"uv": [12.625, 11, 13, 11.25], "texture": "#5"},
				"south": {"uv": [5.5, 12.75, 5.875, 13], "texture": "#5"}
			}
		},
		{
			"from": [-5.475, 7.475, -1.25],
			"to": [-3.475, 8.475, -0.25],
			"rotation": {"angle": -45, "axis": "z", "origin": [-3.9, 3.35, 0.5]},
			"faces": {
				"north": {"uv": [13.5, 4.625, 13.75, 4.75], "texture": "#5"},
				"east": {"uv": [13.75, 8.75, 13.875, 8.875], "texture": "#5"},
				"south": {"uv": [13.5, 9.625, 13.75, 9.75], "texture": "#5"},
				"west": {"uv": [13.75, 9, 13.875, 9.125], "texture": "#5"},
				"up": {"uv": [13.75, 10.5, 13.5, 10.375], "texture": "#5"},
				"down": {"uv": [11.625, 13.5, 11.375, 13.625], "texture": "#5"}
			}
		},
		{
			"from": [19.475, 7.475, -1.25],
			"to": [21.475, 8.475, -0.25],
			"rotation": {"angle": 45, "axis": "z", "origin": [19.9, 3.35, 0.5]},
			"faces": {
				"north": {"uv": [11.75, 13.5, 12, 13.625], "texture": "#5"},
				"east": {"uv": [13.75, 9.25, 13.875, 9.375], "texture": "#5"},
				"south": {"uv": [12.125, 13.5, 12.375, 13.625], "texture": "#5"},
				"west": {"uv": [13.75, 9.875, 13.875, 10], "texture": "#5"},
				"up": {"uv": [12.75, 13.625, 12.5, 13.5], "texture": "#5"},
				"down": {"uv": [13.75, 12.75, 13.5, 12.875], "texture": "#5"}
			}
		},
		{
			"from": [17.3, 7, -0.4],
			"to": [20.3, 9, -0.4],
			"rotation": {"angle": -22.5, "axis": "y", "origin": [18.8, 8, -0.75]},
			"faces": {
				"north": {"uv": [6.75, 12.75, 7.125, 13], "texture": "#5"},
				"south": {"uv": [12.75, 6.75, 13.125, 7], "texture": "#5"}
			}
		},
		{
			"from": [-1, 0, -6.5],
			"to": [17, 4, -0.5],
			"faces": {
				"east": {"uv": [2.875, 10.375, 3.625, 10.875], "texture": "#5"},
				"west": {"uv": [10.375, 3.5, 11.125, 4], "texture": "#5"}
			}
		},
		{
			"from": [-1, 0, 17.5],
			"to": [17, 4, 23.5],
			"faces": {
				"east": {"uv": [11, 1.875, 11.75, 2.375], "texture": "#5"},
				"west": {"uv": [11, 2.5, 11.75, 3], "texture": "#5"}
			}
		},
		{
			"from": [0.5, 6.96134, -0.17723],
			"to": [15.5, 12.96134, 0.32277],
			"rotation": {"angle": 22.5, "axis": "x", "origin": [8.5, 9.46134, -1.17723]},
			"faces": {
				"north": {"uv": [0, 14.5, 1.875, 15.25], "texture": "#5"},
				"south": {"uv": [1.875, 14.5, 0, 15.25], "texture": "#5"}
			}
		},
		{
			"from": [2.5, 5.21134, 22.42723],
			"to": [13.5, 11.21134, 22.92723],
			"rotation": {"angle": -45, "axis": "x", "origin": [8.5, 9.46134, 19.67723]},
			"faces": {
				"north": {"uv": [13.875, 14.875, 15.25, 15.625], "texture": "#5"},
				"south": {"uv": [13.875, 14.875, 15.25, 15.625], "texture": "#5"}
			}
		},
		{
			"from": [0, 6.96134, -0.92723],
			"to": [0.5, 11.96134, 19.07277],
			"rotation": {"angle": 0, "axis": "y", "origin": [0, -0.51366, 0.32277]},
			"faces": {
				"east": {"uv": [7, 14.8125, 4.5, 15.4375], "texture": "#5"},
				"west": {"uv": [4.5, 14.8125, 7, 15.4375], "texture": "#5"}
			}
		},
		{
			"from": [15.5, 6.96134, -0.92723],
			"to": [16, 11.96134, 19.07277],
			"rotation": {"angle": 0, "axis": "y", "origin": [16, -0.51366, 0.32277]},
			"faces": {
				"east": {"uv": [7, 14.8125, 4.5, 15.4375], "texture": "#5"},
				"west": {"uv": [4.5, 14.8125, 7, 15.4375], "texture": "#5"}
			}
		},
		{
			"from": [9, 0.87026, 7.41151],
			"to": [14.5, 7.87026, 9.41151],
			"rotation": {"angle": 22.5, "axis": "x", "origin": [11.75, 4.37026, 8.41151]},
			"faces": {
				"north": {"uv": [3.5, 3, 4.875, 4.75], "texture": "#1"},
				"east": {"uv": [3.5, 7, 4, 8.75], "texture": "#1"},
				"south": {"uv": [0, 4, 1.375, 5.75], "texture": "#1"},
				"west": {"uv": [7, 4, 7.5, 5.75], "texture": "#1"},
				"up": {"uv": [7.625, 8, 6.25, 7.5], "texture": "#1"},
				"down": {"uv": [0, 0, 0, 0], "texture": "#1"}
			}
		},
		{
			"from": [9.004, 0.754, 3],
			"to": [14.5, 2.75, 7.996],
			"rotation": {"angle": 0, "axis": "y", "origin": [11.752, 3.002, 5.498]},
			"faces": {
				"north": {"uv": [7.75, 4, 9.125, 4.5], "texture": "#1"},
				"east": {"uv": [6.25, 8.25, 7.5, 8.75], "texture": "#1"},
				"south": {"uv": [0, 0, 0, 0], "texture": "#1"},
				"west": {"uv": [7.75, 8.25, 9, 8.75], "texture": "#1"},
				"up": {"uv": [6.625, 4.25, 5.25, 3], "texture": "#1"},
				"down": {"uv": [6.625, 4.5, 5.25, 5.75], "texture": "#1"}
			}
		},
		{
			"from": [1.5, 0.754, 3],
			"to": [6.996, 2.75, 7.996],
			"rotation": {"angle": 0, "axis": "y", "origin": [4.248, 3.002, 5.498]},
			"faces": {
				"north": {"uv": [7.75, 4.75, 9.125, 5.25], "texture": "#1"},
				"east": {"uv": [8.5, 1.5, 9.75, 2], "texture": "#1"},
				"south": {"uv": [0, 0, 0, 0], "texture": "#1"},
				"west": {"uv": [8.5, 2.25, 9.75, 2.75], "texture": "#1"},
				"up": {"uv": [1.375, 7.25, 0, 6], "texture": "#1"},
				"down": {"uv": [3.125, 6, 1.75, 7.25], "texture": "#1"}
			}
		},
		{
			"from": [1.496, 0.87026, 7.41151],
			"to": [6.996, 7.87026, 9.41151],
			"rotation": {"angle": 22.5, "axis": "x", "origin": [4.246, 4.37026, 8.41151]},
			"faces": {
				"north": {"uv": [1.75, 4, 3.125, 5.75], "texture": "#1"},
				"east": {"uv": [4.25, 7, 4.75, 8.75], "texture": "#1"},
				"south": {"uv": [3.5, 5, 4.875, 6.75], "texture": "#1"},
				"west": {"uv": [0, 7.5, 0.5, 9.25], "texture": "#1"},
				"up": {"uv": [9.375, 8, 8, 7.5], "texture": "#1"},
				"down": {"uv": [0, 0, 0, 0], "texture": "#1"}
			}
		},
		{
			"from": [1.502, 0.752, 10.502],
			"to": [14.498, 2.748, 15.498],
			"rotation": {"angle": 0, "axis": "y", "origin": [0, 1, 7.5]},
			"faces": {
				"north": {"uv": [5.25, 6, 8.5, 6.5], "texture": "#1"},
				"east": {"uv": [8.5, 3, 9.75, 3.5], "texture": "#1"},
				"south": {"uv": [5.25, 6.75, 8.5, 7.25], "texture": "#1"},
				"west": {"uv": [8.75, 5.5, 10, 6], "texture": "#1"},
				"up": {"uv": [6.75, 1.25, 3.5, 0], "texture": "#1"},
				"down": {"uv": [6.75, 1.5, 3.5, 2.75], "texture": "#1"}
			}
		},
		{
			"from": [1.498, 0.94438, 14.53083],
			"to": [14.498, 7.94438, 16.53083],
			"rotation": {"angle": 22.5, "axis": "x", "origin": [4.498, 3.44438, 15.53083]},
			"faces": {
				"north": {"uv": [0, 0, 3.25, 1.75], "texture": "#1"},
				"east": {"uv": [0.75, 7.5, 1.25, 9.25], "texture": "#1"},
				"south": {"uv": [0, 2, 3.25, 3.75], "texture": "#1"},
				"west": {"uv": [1.5, 7.5, 2, 9.25], "texture": "#1"},
				"up": {"uv": [10.25, 0.5, 7, 0], "texture": "#1"},
				"down": {"uv": [10.25, 0.75, 7, 1.25], "texture": "#1"}
			}
		},
		{
			"from": [2, 3.625, -0.5],
			"to": [7, 7.625, 1],
			"rotation": {"angle": 0, "axis": "y", "origin": [0, 1, -1]},
			"faces": {
				"north": {"uv": [7, 1.5, 8.25, 2.5], "texture": "#1"},
				"east": {"uv": [5, 8.75, 5.375, 9.75], "texture": "#1"},
				"south": {"uv": [7, 2.75, 8.25, 3.75], "texture": "#1"},
				"west": {"uv": [3.75, 9, 4.125, 10], "texture": "#1"},
				"up": {"uv": [10, 6.625, 8.75, 6.25], "texture": "#1"},
				"down": {"uv": [3.5, 9, 2.25, 9.375], "texture": "#1"}
			}
		},
		{
			"from": [4.25, 6.375, 0.275],
			"to": [4.75, 6.875, 1.775],
			"rotation": {"angle": -22.5, "axis": "x", "origin": [4.5, 6.25, 0.25]},
			"faces": {
				"north": {"uv": [6.25, 9, 6.375, 9.125], "texture": "#1"},
				"east": {"uv": [7.75, 5.5, 8.125, 5.625], "texture": "#1"},
				"south": {"uv": [6.75, 9, 6.875, 9.125], "texture": "#1"},
				"west": {"uv": [8.75, 7, 9.125, 7.125], "texture": "#1"},
				"up": {"uv": [5.875, 9.125, 5.75, 8.75], "texture": "#1"},
				"down": {"uv": [4.625, 9, 4.5, 9.375], "texture": "#1"}
			}
		},
		{
			"from": [2.75, 4.875, 1.825],
			"to": [6.25, 8.375, 1.825],
			"rotation": {"angle": -22.5, "axis": "x", "origin": [4.5, 6.25, 0.25]},
			"faces": {
				"north": {"uv": [2.25, 7.5, 3.125, 8.375], "texture": "#1"},
				"east": {"uv": [0, 0, 0, 0], "texture": "#1"},
				"south": {"uv": [5, 7.5, 5.875, 8.375], "texture": "#1"},
				"west": {"uv": [0, 0, 0, 0], "texture": "#1"},
				"up": {"uv": [0, 0, 0, 0], "texture": "#1"},
				"down": {"uv": [0, 0, 0, 0], "texture": "#1"}
			}
		}
	],
	"display": {
		"thirdperson_righthand": {
			"rotation": [75, 45, 0],
			"translation": [0, 2.5, 0],
			"scale": [0.375, 0.375, 0.375]
		},
		"thirdperson_lefthand": {
			"rotation": [75, 45, 0],
			"translation": [0, 2.5, 0],
			"scale": [0.375, 0.375, 0.375]
		},
		"firstperson_righthand": {
			"rotation": [0, 45, 0],
			"scale": [0.4, 0.4, 0.4]
		},
		"firstperson_lefthand": {
			"rotation": [0, 225, 0],
			"scale": [0.4, 0.4, 0.4]
		},
		"ground": {
			"translation": [0, 3, 0],
			"scale": [0.25, 0.25, 0.25]
		},
		"gui": {
			"rotation": [30, 225, 0],
			"translation": [0, 1, 0],
			"scale": [0.36, 0.36, 0.36]
		},
		"head": {
			"translation": [0, -9.25, 11.75],
			"scale": [3.5, 3.5, 3.5]
		}
	},
	"groups": [
		{
			"name": "group",
			"origin": [3, 6, -6.5],
			"color": 0,
			"children": [
				0,
				1,
				2,
				3,
				4,
				5,
				6,
				7,
				8,
				9,
				10,
				11,
				12,
				13,
				14,
				15,
				16,
				17,
				18,
				19,
				20,
				21,
				22,
				23,
				24,
				25,
				26,
				27,
				28,
				29,
				30,
				31,
				32,
				33,
				34,
				35,
				36,
				37,
				38,
				39,
				40,
				41,
				42,
				43,
				44,
				45,
				46,
				47,
				48,
				49,
				50,
				51,
				52,
				53,
				54,
				55,
				56,
				57,
				58,
				59,
				60,
				61
			]
		},
		{
			"name": "seats",
			"origin": [8, 8, 8],
			"color": 0,
			"children": [
				{
					"name": "group",
					"origin": [8.5, 3, -9.5],
					"color": 0,
					"children": [62, 63, 64, 65]
				}
			]
		},
		66,
		67,
		{
			"name": "group",
			"origin": [0, -0.51366, 0.32277],
			"color": 0,
			"children": [68, 69, 70, 71]
		},
		{
			"name": "lp_seats",
			"origin": [8, 8, 8],
			"color": 0,
			"children": [
				{
					"name": "group",
					"origin": [4.5, 6.25, 0.25],
					"color": 0,
					"children": [
						{
							"name": "group",
							"origin": [11.752, 3.002, 5.498],
							"color": 0,
							"children": [72, 73, 74, 75]
						},
						76,
						77,
						78,
						79,
						80
					]
				}
			]
		}
	]
}