{
	"credit": "www.sebxter.pl",
	"texture_size": [128, 128],
	"textures": {
		"1": "block/vehiles/car/seats",
		"5": "block/vehiles/car/luxury_vehicle_2",
		"particle": "sebxter:tires_pack/tire_1"
	},
	"elements": [
		{
			"from": [-1, 4, -6.5],
			"to": [17, 7, -0.5],
			"rotation": {"angle": 0, "axis": "y", "origin": [8, 4.5, -6]},
			"faces": {
				"north": {"uv": [7.5, 8, 9.75, 8.375], "texture": "#5"},
				"east": {"uv": [4.125, 11.25, 4.875, 11.625], "texture": "#5"},
				"south": {"uv": [8.5, 4.875, 10.75, 5.25], "texture": "#5"},
				"west": {"uv": [5, 11.25, 5.75, 11.625], "texture": "#5"},
				"up": {"uv": [4.625, 4.25, 2.375, 3.5], "texture": "#5"},
				"down": {"uv": [4.625, 4.375, 2.375, 5.125], "texture": "#5"}
			}
		},
		{
			"from": [13, 5.25, -9.5],
			"to": [16, 7.25, -3.5],
			"rotation": {"angle": -22.5, "axis": "z", "origin": [14.5, 6.25, -6.5]},
			"faces": {
				"north": {"uv": [10.125, 12.625, 10.5, 12.875], "texture": "#5"},
				"east": {"uv": [12.125, 1.875, 12.875, 2.125], "texture": "#5"},
				"south": {"uv": [12.625, 12.5, 13, 12.75], "texture": "#5"},
				"west": {"uv": [1, 12.25, 1.75, 12.5], "texture": "#5"},
				"up": {"uv": [1.875, 12.125, 1.5, 11.375], "texture": "#5"},
				"down": {"uv": [2.375, 11.375, 2, 12.125], "texture": "#5"}
			}
		},
		{
			"from": [1, 0, -6.5],
			"to": [15, 4, -0.5],
			"rotation": {"angle": 0, "axis": "y", "origin": [8, 2, 8.5]},
			"faces": {
				"north": {"uv": [0, 7.5, 1.75, 8], "texture": "#5"},
				"east": {"uv": [3.75, 5.25, 4.5, 5.75], "texture": "#5"},
				"south": {"uv": [1.875, 8, 3.625, 8.5], "texture": "#5"},
				"west": {"uv": [4.875, 10.125, 5.625, 10.625], "texture": "#5"},
				"up": {"uv": [6.5, 5.75, 4.75, 5], "texture": "#5"},
				"down": {"uv": [3.625, 5.25, 1.875, 6], "texture": "#5"}
			}
		},
		{
			"from": [-1, 4, 17.5],
			"to": [2, 7, 23.5],
			"rotation": {"angle": 0, "axis": "y", "origin": [8, 5.5, 20.5]},
			"faces": {
				"north": {"uv": [1.875, 4.75, 2.25, 5.125], "texture": "#5"},
				"east": {"uv": [2.5, 11.375, 3.25, 11.75], "texture": "#5"},
				"south": {"uv": [6.625, 3, 7, 3.375], "texture": "#5"},
				"west": {"uv": [11.375, 6.75, 12.125, 7.125], "texture": "#5"},
				"up": {"uv": [3.75, 12.125, 3.375, 11.375], "texture": "#5"},
				"down": {"uv": [11.125, 11.375, 10.75, 12.125], "texture": "#5"}
			}
		},
		{
			"from": [2, 5.5, 18.25],
			"to": [14, 8.5, 21.25],
			"rotation": {"angle": 45, "axis": "x", "origin": [7.5, 7, 19.75]},
			"faces": {
				"north": {"uv": [5, 3, 6.5, 3.375], "texture": "#5"},
				"east": {"uv": [12.375, 4.375, 12.75, 4.75], "texture": "#5"},
				"south": {"uv": [0, 8.125, 1.5, 8.5], "texture": "#5"},
				"west": {"uv": [5, 12.375, 5.375, 12.75], "texture": "#5"},
				"up": {"uv": [9.5, 9.75, 8, 9.375], "texture": "#5"},
				"down": {"uv": [11, 2.75, 9.5, 3.125], "texture": "#5"}
			}
		},
		{
			"from": [14, 5, 17.75],
			"to": [16, 9, 21.75],
			"rotation": {"angle": 45, "axis": "x", "origin": [7.5, 7, 19.75]},
			"faces": {
				"north": {"uv": [7.25, 12.375, 7.5, 12.875], "texture": "#5"},
				"east": {"uv": [3.875, 11.75, 4.375, 12.25], "texture": "#5"},
				"south": {"uv": [12.625, 0, 12.875, 0.5], "texture": "#5"},
				"west": {"uv": [4.5, 11.75, 5, 12.25], "texture": "#5"},
				"up": {"uv": [1.25, 13.125, 1, 12.625], "texture": "#5"},
				"down": {"uv": [1.625, 12.625, 1.375, 13.125], "texture": "#5"}
			}
		},
		{
			"from": [0, 5, 17.75],
			"to": [2, 9, 21.75],
			"rotation": {"angle": 45, "axis": "x", "origin": [8.5, 7, 19.75]},
			"faces": {
				"north": {"uv": [2.375, 12.625, 2.625, 13.125], "texture": "#5"},
				"east": {"uv": [5.125, 11.75, 5.625, 12.25], "texture": "#5"},
				"south": {"uv": [2.75, 12.625, 3, 13.125], "texture": "#5"},
				"west": {"uv": [7, 11.75, 7.5, 12.25], "texture": "#5"},
				"up": {"uv": [3.375, 13.125, 3.125, 12.625], "texture": "#5"},
				"down": {"uv": [3.75, 12.625, 3.5, 13.125], "texture": "#5"}
			}
		},
		{
			"from": [-1, 0, -10.5],
			"to": [17, 5, -6.5],
			"rotation": {"angle": 0, "axis": "y", "origin": [8, 4.5, -6]},
			"faces": {
				"north": {"uv": [4.75, 3.5, 7, 4.125], "texture": "#5"},
				"east": {"uv": [10.875, 4.75, 11.375, 5.375], "texture": "#5"},
				"south": {"uv": [4.75, 4.25, 7, 4.875], "texture": "#5"},
				"west": {"uv": [8.875, 10.875, 9.375, 11.5], "texture": "#5"},
				"up": {"uv": [9.375, 3.5, 7.125, 3], "texture": "#5"},
				"down": {"uv": [9.375, 3.625, 7.125, 4.125], "texture": "#5"}
			}
		},
		{
			"from": [-0.995, 4.58322, -9.61545],
			"to": [16.995, 6.57322, -5.62545],
			"rotation": {"angle": -22.5, "axis": "x", "origin": [8, 4.57822, -7.12045]},
			"faces": {
				"north": {"uv": [9.5, 3.25, 11.75, 3.5], "texture": "#5"},
				"east": {"uv": [12.375, 4.875, 12.875, 5.125], "texture": "#5"},
				"south": {"uv": [9.5, 3.625, 11.75, 3.875], "texture": "#5"},
				"west": {"uv": [12.375, 7.625, 12.875, 7.875], "texture": "#5"},
				"up": {"uv": [9.375, 4.75, 7.125, 4.25], "texture": "#5"},
				"down": {"uv": [9.5, 5.875, 7.25, 6.375], "texture": "#5"}
			}
		},
		{
			"from": [-0.996, 2.64484, -12.19152],
			"to": [16.996, 4.63684, -11.19952],
			"rotation": {"angle": 45, "axis": "x", "origin": [8, 2.64084, -10.19552]},
			"faces": {
				"north": {"uv": [9.5, 4, 11.75, 4.25], "texture": "#5"},
				"east": {"uv": [3.5, 6.125, 3.625, 6.375], "texture": "#5"},
				"south": {"uv": [9.5, 4.375, 11.75, 4.625], "texture": "#5"},
				"west": {"uv": [3.5, 6.5, 3.625, 6.75], "texture": "#5"},
				"up": {"uv": [11, 7.375, 8.75, 7.25], "texture": "#5"},
				"down": {"uv": [13.625, 8.5, 11.375, 8.625], "texture": "#5"}
			}
		},
		{
			"from": [13.5, 4.6, -10.25],
			"to": [15.5, 6.6, -9.25],
			"rotation": {"angle": 22.5, "axis": "x", "origin": [14.5, 5.6, -8.75]},
			"faces": {
				"north": {"uv": [7.25, 13, 7.5, 13.25], "texture": "#5"},
				"east": {"uv": [1.625, 8.125, 1.75, 8.375], "texture": "#5"},
				"south": {"uv": [13, 7.5, 13.25, 7.75], "texture": "#5"},
				"west": {"uv": [8.625, 11.125, 8.75, 11.375], "texture": "#5"},
				"up": {"uv": [10.375, 11, 10.125, 10.875], "texture": "#5"},
				"down": {"uv": [4.625, 13.125, 4.375, 13.25], "texture": "#5"}
			}
		},
		{
			"from": [0.5, 4.6, -10.25],
			"to": [2.5, 6.6, -9.25],
			"rotation": {"angle": 22.5, "axis": "x", "origin": [1.5, 5.6, -8.75]},
			"faces": {
				"north": {"uv": [7.625, 13, 7.875, 13.25], "texture": "#5"},
				"east": {"uv": [3.875, 11.375, 4, 11.625], "texture": "#5"},
				"south": {"uv": [8.625, 13, 8.875, 13.25], "texture": "#5"},
				"west": {"uv": [11.5, 12.25, 11.625, 12.5], "texture": "#5"},
				"up": {"uv": [1, 13.375, 0.75, 13.25], "texture": "#5"},
				"down": {"uv": [1.375, 13.25, 1.125, 13.375], "texture": "#5"}
			}
		},
		{
			"from": [0, 5.25, -9.5],
			"to": [3, 7.25, -3.5],
			"rotation": {"angle": 22.5, "axis": "z", "origin": [1.5, 6.25, -6.5]},
			"faces": {
				"north": {"uv": [12.75, 3.25, 13.125, 3.5], "texture": "#5"},
				"east": {"uv": [3, 12.25, 3.75, 12.5], "texture": "#5"},
				"south": {"uv": [12.75, 3.625, 13.125, 3.875], "texture": "#5"},
				"west": {"uv": [12.25, 6.75, 13, 7], "texture": "#5"},
				"up": {"uv": [11.625, 12.125, 11.25, 11.375], "texture": "#5"},
				"down": {"uv": [12, 0, 11.625, 0.75], "texture": "#5"}
			}
		},
		{
			"from": [-1.495, 1.505, -11.495],
			"to": [17.495, 4.495, -8.505],
			"rotation": {"angle": 45, "axis": "x", "origin": [8, 3, -10.25]},
			"faces": {
				"north": {"uv": [7.375, 0.75, 9.75, 1.125], "texture": "#5"},
				"east": {"uv": [12.375, 6.25, 12.75, 6.625], "texture": "#5"},
				"south": {"uv": [7.375, 1.25, 9.75, 1.625], "texture": "#5"},
				"west": {"uv": [6.75, 12.375, 7.125, 12.75], "texture": "#5"},
				"up": {"uv": [9.75, 2.125, 7.375, 1.75], "texture": "#5"},
				"down": {"uv": [9.75, 2.25, 7.375, 2.625], "texture": "#5"}
			}
		},
		{
			"from": [-1.5, 1.32322, -9.57322],
			"to": [17.5, 4.32322, -7.57322],
			"rotation": {"angle": 0, "axis": "x", "origin": [8, 2.82322, -10.07322]},
			"faces": {
				"north": {"uv": [3.5, 7.5, 5.875, 7.875], "texture": "#5"},
				"east": {"uv": [5.875, 11.25, 6.125, 11.625], "texture": "#5"},
				"south": {"uv": [6, 7.5, 8.375, 7.875], "texture": "#5"},
				"west": {"uv": [8.25, 12.625, 8.5, 13], "texture": "#5"},
				"up": {"uv": [10.25, 9.25, 7.875, 9], "texture": "#5"},
				"down": {"uv": [2.375, 9.375, 0, 9.625], "texture": "#5"}
			}
		},
		{
			"from": [-0.5, -0.35355, -11.27513],
			"to": [16.5, 0.64645, -9.27513],
			"rotation": {"angle": 45, "axis": "x", "origin": [8, 1.14645, -9.27513]},
			"faces": {
				"north": {"uv": [11.5, 0.875, 13.625, 1], "texture": "#5"},
				"east": {"uv": [2.25, 13.25, 2.5, 13.375], "texture": "#5"},
				"south": {"uv": [11.5, 2.375, 13.625, 2.5], "texture": "#5"},
				"west": {"uv": [2.625, 13.25, 2.875, 13.375], "texture": "#5"},
				"up": {"uv": [7.375, 8.875, 5.25, 8.625], "texture": "#5"},
				"down": {"uv": [12, 1.25, 9.875, 1.5], "texture": "#5"}
			}
		},
		{
			"from": [13.5, 2, -12.25],
			"to": [16.5, 3, -11.25],
			"rotation": {"angle": 0, "axis": "y", "origin": [8.5, 3, -9.5]},
			"faces": {
				"north": {"uv": [3.875, 13.125, 4.25, 13.25], "texture": "#5"},
				"east": {"uv": [7, 11.5, 7.125, 11.625], "texture": "#5"},
				"south": {"uv": [13.125, 4, 13.5, 4.125], "texture": "#5"},
				"west": {"uv": [6.75, 12.125, 6.875, 12.25], "texture": "#5"},
				"up": {"uv": [6.375, 13.25, 6, 13.125], "texture": "#5"},
				"down": {"uv": [13.5, 6.75, 13.125, 6.875], "texture": "#5"}
			}
		},
		{
			"from": [-0.5, 2, -12.25],
			"to": [2.5, 3, -11.25],
			"rotation": {"angle": 0, "axis": "y", "origin": [7.5, 3, -9.5]},
			"faces": {
				"north": {"uv": [8, 13.125, 8.375, 13.25], "texture": "#5"},
				"east": {"uv": [6, 12.5, 6.125, 12.625], "texture": "#5"},
				"south": {"uv": [11.5, 13.125, 11.875, 13.25], "texture": "#5"},
				"west": {"uv": [6.25, 13.375, 6.375, 13.5], "texture": "#5"},
				"up": {"uv": [12.375, 13.25, 12, 13.125], "texture": "#5"},
				"down": {"uv": [13.5, 12.5, 13.125, 12.625], "texture": "#5"}
			}
		},
		{
			"from": [-2, 1.5, 24.5],
			"to": [18, 3.5, 28.5],
			"rotation": {"angle": 0, "axis": "y", "origin": [8, 3, 26.5]},
			"faces": {
				"north": {"uv": [7.25, 6.5, 9.75, 6.75], "texture": "#5"},
				"east": {"uv": [7.625, 12.625, 8.125, 12.875], "texture": "#5"},
				"south": {"uv": [8.5, 7.5, 11, 7.75], "texture": "#5"},
				"west": {"uv": [12.625, 11.875, 13.125, 12.125], "texture": "#5"},
				"up": {"uv": [6, 7.375, 3.5, 6.875], "texture": "#5"},
				"down": {"uv": [8.625, 6.875, 6.125, 7.375], "texture": "#5"}
			}
		},
		{
			"from": [4, 0.5, -11.75],
			"to": [12, 1.5, -7.75],
			"rotation": {"angle": 0, "axis": "y", "origin": [8, 1, -9.5]},
			"faces": {
				"north": {"uv": [12.625, 0.625, 13.625, 0.75], "texture": "#5"},
				"east": {"uv": [12.875, 6.5, 13.375, 6.625], "texture": "#5"},
				"south": {"uv": [12.625, 12.25, 13.625, 12.375], "texture": "#5"},
				"west": {"uv": [13, 0.375, 13.5, 0.5], "texture": "#5"},
				"up": {"uv": [10.875, 8.375, 9.875, 7.875], "texture": "#5"},
				"down": {"uv": [9, 9.875, 8, 10.375], "texture": "#5"}
			}
		},
		{
			"from": [-1, 0, 23.5],
			"to": [2, 5, 27.5],
			"rotation": {"angle": 0, "axis": "y", "origin": [8, 3.5, 25.5]},
			"faces": {
				"north": {"uv": [9.625, 11.625, 10, 12.25], "texture": "#5"},
				"east": {"uv": [9.5, 10.875, 10, 11.5], "texture": "#5"},
				"south": {"uv": [5.75, 11.75, 6.125, 12.375], "texture": "#5"},
				"west": {"uv": [11.125, 7.25, 11.625, 7.875], "texture": "#5"},
				"up": {"uv": [6.125, 10.625, 5.75, 10.125], "texture": "#5"},
				"down": {"uv": [6.625, 12.125, 6.25, 12.625], "texture": "#5"}
			}
		},
		{
			"from": [-0.995, 2.85855, 23.32302],
			"to": [1.995, 7.84855, 26.31302],
			"rotation": {"angle": -45, "axis": "x", "origin": [0.5, 5.35355, 24.31802]},
			"faces": {
				"north": {"uv": [2.5, 11.875, 2.875, 12.5], "texture": "#5"},
				"east": {"uv": [11.875, 3.25, 12.25, 3.875], "texture": "#5"},
				"south": {"uv": [11.875, 4, 12.25, 4.625], "texture": "#5"},
				"west": {"uv": [7.625, 11.875, 8, 12.5], "texture": "#5"},
				"up": {"uv": [12.75, 7.5, 12.375, 7.125], "texture": "#5"},
				"down": {"uv": [10, 12.375, 9.625, 12.75], "texture": "#5"}
			}
		},
		{
			"from": [-0.5, 5.95711, 25.17157],
			"to": [1.5, 7.95711, 26.17157],
			"rotation": {"angle": -22.5, "axis": "x", "origin": [0.5, 5.70711, 24.67157]},
			"faces": {
				"north": {"uv": [9, 13, 9.25, 13.25], "texture": "#5"},
				"east": {"uv": [9.375, 13, 9.5, 13.25], "texture": "#5"},
				"south": {"uv": [10.125, 13, 10.375, 13.25], "texture": "#5"},
				"west": {"uv": [1.5, 13.25, 1.625, 13.5], "texture": "#5"},
				"up": {"uv": [3.25, 13.375, 3, 13.25], "texture": "#5"},
				"down": {"uv": [13.5, 3.25, 13.25, 3.375], "texture": "#5"}
			}
		},
		{
			"from": [14.5, 5.95711, 25.17157],
			"to": [16.5, 7.95711, 26.17157],
			"rotation": {"angle": -22.5, "axis": "x", "origin": [15.5, 5.70711, 24.67157]},
			"faces": {
				"north": {"uv": [11.125, 13, 11.375, 13.25], "texture": "#5"},
				"east": {"uv": [3.375, 13.25, 3.5, 13.5], "texture": "#5"},
				"south": {"uv": [13, 12.875, 13.25, 13.125], "texture": "#5"},
				"west": {"uv": [13.25, 3.5, 13.375, 3.75], "texture": "#5"},
				"up": {"uv": [13.5, 11.875, 13.25, 11.75], "texture": "#5"},
				"down": {"uv": [13.5, 12, 13.25, 12.125], "texture": "#5"}
			}
		},
		{
			"from": [14.005, 2.85855, 23.32302],
			"to": [16.995, 7.84855, 26.31302],
			"rotation": {"angle": -45, "axis": "x", "origin": [15.5, 5.35355, 24.31802]},
			"faces": {
				"north": {"uv": [8.125, 11.875, 8.5, 12.5], "texture": "#5"},
				"east": {"uv": [10.125, 11.875, 10.5, 12.5], "texture": "#5"},
				"south": {"uv": [11.75, 12, 12.125, 12.625], "texture": "#5"},
				"west": {"uv": [0, 12.125, 0.375, 12.75], "texture": "#5"},
				"up": {"uv": [12.75, 11.75, 12.375, 11.375], "texture": "#5"},
				"down": {"uv": [5.875, 12.5, 5.5, 12.875], "texture": "#5"}
			}
		},
		{
			"from": [-0.5, 6.53553, 20.96447],
			"to": [16.5, 8.53553, 23.96447],
			"rotation": {"angle": 0, "axis": "x", "origin": [15.5, 6.03553, 22.46447]},
			"faces": {
				"north": {"uv": [9.875, 1.625, 12, 1.875], "texture": "#5"},
				"east": {"uv": [4.25, 12.75, 4.625, 13], "texture": "#5"},
				"south": {"uv": [9.875, 2, 12, 2.25], "texture": "#5"},
				"west": {"uv": [6, 12.75, 6.375, 13], "texture": "#5"},
				"up": {"uv": [10.625, 5.75, 8.5, 5.375], "texture": "#5"},
				"down": {"uv": [9.625, 8.5, 7.5, 8.875], "texture": "#5"}
			}
		},
		{
			"from": [14, 0, 23.5],
			"to": [17, 5, 27.5],
			"rotation": {"angle": 0, "axis": "y", "origin": [8, 3.5, 25.5]},
			"faces": {
				"north": {"uv": [12.125, 0, 12.5, 0.625], "texture": "#5"},
				"east": {"uv": [8, 11.125, 8.5, 11.75], "texture": "#5"},
				"south": {"uv": [0.5, 12.125, 0.875, 12.75], "texture": "#5"},
				"west": {"uv": [10.125, 11.125, 10.625, 11.75], "texture": "#5"},
				"up": {"uv": [2.25, 12.75, 1.875, 12.25], "texture": "#5"},
				"down": {"uv": [11, 12.25, 10.625, 12.75], "texture": "#5"}
			}
		},
		{
			"from": [2, 0, 23.5],
			"to": [14, 2, 26.5],
			"rotation": {"angle": 0, "axis": "y", "origin": [8, 3.5, 25.5]},
			"faces": {
				"north": {"uv": [9.875, 2.375, 11.375, 2.625], "texture": "#5"},
				"east": {"uv": [11.5, 12.75, 11.875, 13], "texture": "#5"},
				"south": {"uv": [9.875, 6.375, 11.375, 6.625], "texture": "#5"},
				"west": {"uv": [12, 12.75, 12.375, 13], "texture": "#5"},
				"up": {"uv": [11.125, 6.25, 9.625, 5.875], "texture": "#5"},
				"down": {"uv": [11.125, 9.375, 9.625, 9.75], "texture": "#5"}
			}
		},
		{
			"from": [0.07193, 5.61104, -0.5],
			"to": [2.07193, 7.61104, 17.5],
			"rotation": {"angle": 22.5, "axis": "z", "origin": [1.07193, 4.61104, 8.5]},
			"faces": {
				"north": {"uv": [3, 11.875, 3.25, 12.125], "texture": "#5"},
				"east": {"uv": [2.5, 9.375, 4.75, 9.625], "texture": "#5"},
				"south": {"uv": [13, 4.875, 13.25, 5.125], "texture": "#5"},
				"west": {"uv": [4.875, 9.375, 7.125, 9.625], "texture": "#5"},
				"up": {"uv": [7.5, 11.625, 7.25, 9.375], "texture": "#5"},
				"down": {"uv": [7.875, 9.375, 7.625, 11.625], "texture": "#5"}
			}
		},
		{
			"from": [-0.38687, 0.91761, -0.5],
			"to": [1.61313, 5.91761, 17.5],
			"rotation": {"angle": 0, "axis": "z", "origin": [0.61313, 2.91761, 8.5]},
			"faces": {
				"north": {"uv": [11.125, 12.25, 11.375, 12.875], "texture": "#5"},
				"east": {"uv": [5, 0, 7.25, 0.625], "texture": "#5"},
				"south": {"uv": [12.25, 12, 12.5, 12.625], "texture": "#5"},
				"west": {"uv": [5, 0.75, 7.25, 1.375], "texture": "#5"},
				"up": {"uv": [0.25, 12, 0, 9.75], "texture": "#5"},
				"down": {"uv": [0.625, 9.75, 0.375, 12], "texture": "#5"}
			}
		},
		{
			"from": [14.38687, 0.91761, -0.5],
			"to": [16.38687, 5.91761, 17.5],
			"rotation": {"angle": 0, "axis": "z", "origin": [15.38687, 2.91761, 8.5]},
			"faces": {
				"north": {"uv": [12.375, 3.25, 12.625, 3.875], "texture": "#5"},
				"east": {"uv": [5, 1.5, 7.25, 2.125], "texture": "#5"},
				"south": {"uv": [3.875, 12.375, 4.125, 13], "texture": "#5"},
				"west": {"uv": [5, 2.25, 7.25, 2.875], "texture": "#5"},
				"up": {"uv": [1, 12, 0.75, 9.75], "texture": "#5"},
				"down": {"uv": [1.375, 9.75, 1.125, 12], "texture": "#5"}
			}
		},
		{
			"from": [13.92807, 5.61104, -0.5],
			"to": [15.92807, 7.61104, 17.5],
			"rotation": {"angle": -22.5, "axis": "z", "origin": [14.92807, 4.61104, 8.5]},
			"faces": {
				"north": {"uv": [0, 13.125, 0.25, 13.375], "texture": "#5"},
				"east": {"uv": [1.5, 9.75, 3.75, 10], "texture": "#5"},
				"south": {"uv": [0.375, 13.125, 0.625, 13.375], "texture": "#5"},
				"west": {"uv": [3.875, 9.75, 6.125, 10], "texture": "#5"},
				"up": {"uv": [6.5, 12, 6.25, 9.75], "texture": "#5"},
				"down": {"uv": [6.875, 9.75, 6.625, 12], "texture": "#5"}
			}
		},
		{
			"from": [-1, -0.075, -0.5],
			"to": [17, 0.925, 17.5],
			"rotation": {"angle": 0, "axis": "y", "origin": [7, 3.5, 11.33333]},
			"faces": {
				"north": {"uv": [11.375, 8.75, 13.625, 8.875], "texture": "#5"},
				"east": {"uv": [11.375, 10.375, 13.625, 10.5], "texture": "#5"},
				"south": {"uv": [11.375, 10.625, 13.625, 10.75], "texture": "#5"},
				"west": {"uv": [11.375, 10.875, 13.625, 11], "texture": "#5"},
				"up": {"uv": [2.25, 2.25, 0, 0], "texture": "#5"},
				"down": {"uv": [2.25, 2.375, 0, 4.625], "texture": "#5"}
			}
		},
		{
			"from": [1, 0.03702, -0.31389],
			"to": [15, 7.03702, 0.68611],
			"rotation": {"angle": -22.5, "axis": "x", "origin": [8, 4.03702, 0.18611]},
			"faces": {
				"south": {"uv": [0, 4.75, 1.75, 5.625], "texture": "#5"}
			}
		},
		{
			"from": [-2, 2.9, -1.5],
			"to": [18, 4.9, -0.5],
			"rotation": {"angle": -22.5, "axis": "x", "origin": [-1.5, 4.9, 0]},
			"faces": {
				"north": {"uv": [0, 8.625, 2.5, 8.875], "texture": "#5"},
				"east": {"uv": [3.625, 13.25, 3.75, 13.5], "texture": "#5"},
				"south": {"uv": [2.625, 8.625, 5.125, 8.875], "texture": "#5"},
				"west": {"uv": [13, 13.25, 13.125, 13.5], "texture": "#5"},
				"up": {"uv": [13.25, 5.625, 10.75, 5.5], "texture": "#5"},
				"down": {"uv": [13.5, 8, 11, 8.125], "texture": "#5"}
			}
		},
		{
			"from": [-2, 1.75195, -6.65224],
			"to": [18, 3.75195, -5.65224],
			"rotation": {"angle": 22.5, "axis": "x", "origin": [-1.5, 3.75195, -4.15224]},
			"faces": {
				"north": {"uv": [8.75, 6.875, 11.25, 7.125], "texture": "#5"},
				"east": {"uv": [13.25, 13.25, 13.375, 13.5], "texture": "#5"},
				"south": {"uv": [0, 9, 2.5, 9.25], "texture": "#5"},
				"west": {"uv": [3.875, 13.375, 4, 13.625], "texture": "#5"},
				"up": {"uv": [13.5, 8.375, 11, 8.25], "texture": "#5"},
				"down": {"uv": [13.625, 2.75, 11.125, 2.875], "texture": "#5"}
			}
		},
		{
			"from": [-1.995, 3.71366, -6.45694],
			"to": [17.995, 4.70366, -0.46694],
			"rotation": {"angle": 0, "axis": "y", "origin": [-1.5, 5.20866, -2.46194]},
			"faces": {
				"north": {"uv": [11.125, 3, 13.625, 3.125], "texture": "#5"},
				"east": {"uv": [0, 12.875, 0.75, 13], "texture": "#5"},
				"south": {"uv": [11.125, 9.875, 13.625, 10], "texture": "#5"},
				"west": {"uv": [12.875, 4.375, 13.625, 4.5], "texture": "#5"},
				"up": {"uv": [4.875, 0.75, 2.375, 0], "texture": "#5"},
				"down": {"uv": [4.875, 0.875, 2.375, 1.625], "texture": "#5"}
			}
		},
		{
			"from": [-2, 1.75195, 17.34776],
			"to": [18, 3.75195, 18.34776],
			"rotation": {"angle": 22.5, "axis": "x", "origin": [-1.5, 3.75195, 19.84776]},
			"faces": {
				"north": {"uv": [9, 0, 11.5, 0.25], "texture": "#5"},
				"east": {"uv": [4.125, 13.375, 4.25, 13.625], "texture": "#5"},
				"south": {"uv": [9, 0.375, 11.5, 0.625], "texture": "#5"},
				"west": {"uv": [4.375, 13.375, 4.5, 13.625], "texture": "#5"},
				"up": {"uv": [13.625, 10.25, 11.125, 10.125], "texture": "#5"},
				"down": {"uv": [13.25, 11.125, 10.75, 11.25], "texture": "#5"}
			}
		},
		{
			"from": [-1.995, 3.71366, 17.54306],
			"to": [17.995, 4.70366, 23.53306],
			"rotation": {"angle": 0, "axis": "y", "origin": [-1.5, 5.20866, 21.53806]},
			"faces": {
				"north": {"uv": [11.25, 5.75, 13.75, 5.875], "texture": "#5"},
				"east": {"uv": [12.875, 4.625, 13.625, 4.75], "texture": "#5"},
				"south": {"uv": [11.25, 6, 13.75, 6.125], "texture": "#5"},
				"west": {"uv": [12.875, 6.25, 13.625, 6.375], "texture": "#5"},
				"up": {"uv": [4.875, 2.5, 2.375, 1.75], "texture": "#5"},
				"down": {"uv": [4.875, 2.625, 2.375, 3.375], "texture": "#5"}
			}
		},
		{
			"from": [-2, 2.9, 22.5],
			"to": [18, 4.9, 23.5],
			"rotation": {"angle": -22.5, "axis": "x", "origin": [-1.5, 4.9, 24]},
			"faces": {
				"north": {"uv": [2.625, 9, 5.125, 9.25], "texture": "#5"},
				"east": {"uv": [13.375, 4.875, 13.5, 5.125], "texture": "#5"},
				"south": {"uv": [5.25, 9, 7.75, 9.25], "texture": "#5"},
				"west": {"uv": [6, 13.375, 6.125, 13.625], "texture": "#5"},
				"up": {"uv": [13.75, 9.5, 11.25, 9.375], "texture": "#5"},
				"down": {"uv": [13.75, 9.625, 11.25, 9.75], "texture": "#5"}
			}
		},
		{
			"from": [1, 0, 17.5],
			"to": [15, 4, 23.5],
			"rotation": {"angle": 0, "axis": "y", "origin": [8, 2, 32.5]},
			"faces": {
				"north": {"uv": [3.75, 8, 5.5, 8.5], "texture": "#5"},
				"east": {"uv": [10.25, 9.875, 11, 10.375], "texture": "#5"},
				"south": {"uv": [5.625, 8, 7.375, 8.5], "texture": "#5"},
				"west": {"uv": [8, 10.5, 8.75, 11], "texture": "#5"},
				"up": {"uv": [1.75, 6.5, 0, 5.75], "texture": "#5"},
				"down": {"uv": [5.5, 5.875, 3.75, 6.625], "texture": "#5"}
			}
		},
		{
			"from": [-0.495, 6.52836, -0.35834],
			"to": [0.495, 12.51836, 0.63166],
			"rotation": {"angle": 22.5, "axis": "x", "origin": [8, 9.52336, 0.13666]},
			"faces": {
				"north": {"uv": [7, 9.75, 7.125, 10.5], "texture": "#5"},
				"east": {"uv": [7, 10.625, 7.125, 11.375], "texture": "#5"},
				"south": {"uv": [4.75, 12.75, 4.875, 13.5], "texture": "#5"},
				"west": {"uv": [6.5, 12.75, 6.625, 13.5], "texture": "#5"},
				"up": {"uv": [8.5, 13.5, 8.375, 13.375], "texture": "#5"},
				"down": {"uv": [8.75, 13.375, 8.625, 13.5], "texture": "#5"}
			}
		},
		{
			"from": [15.505, 6.52836, -0.35834],
			"to": [16.495, 12.51836, 0.63166],
			"rotation": {"angle": 22.5, "axis": "x", "origin": [8, 9.52336, 0.13666]},
			"faces": {
				"north": {"uv": [1.75, 12.875, 1.875, 13.625], "texture": "#5"},
				"east": {"uv": [2, 12.875, 2.125, 13.625], "texture": "#5"},
				"south": {"uv": [5, 12.875, 5.125, 13.625], "texture": "#5"},
				"west": {"uv": [5.25, 12.875, 5.375, 13.625], "texture": "#5"},
				"up": {"uv": [9, 13.5, 8.875, 13.375], "texture": "#5"},
				"down": {"uv": [9.25, 13.375, 9.125, 13.5], "texture": "#5"}
			}
		},
		{
			"from": [15.5, 6.14068, 1.93276],
			"to": [16.5, 12.14068, 2.93276],
			"rotation": {"angle": -22.5, "axis": "x", "origin": [16, 9.14068, 2.43276]},
			"faces": {
				"north": {"uv": [6.75, 12.875, 6.875, 13.625], "texture": "#5"},
				"east": {"uv": [7, 12.875, 7.125, 13.625], "texture": "#5"},
				"south": {"uv": [9.625, 12.875, 9.75, 13.625], "texture": "#5"},
				"west": {"uv": [9.875, 12.875, 10, 13.625], "texture": "#5"},
				"up": {"uv": [9.5, 13.5, 9.375, 13.375], "texture": "#5"},
				"down": {"uv": [10.25, 13.375, 10.125, 13.5], "texture": "#5"}
			}
		},
		{
			"from": [-0.5, 6.14068, 1.93276],
			"to": [0.5, 12.14068, 2.93276],
			"rotation": {"angle": -22.5, "axis": "x", "origin": [0, 9.14068, 2.43276]},
			"faces": {
				"north": {"uv": [10.625, 12.875, 10.75, 13.625], "texture": "#5"},
				"east": {"uv": [10.875, 12.875, 11, 13.625], "texture": "#5"},
				"south": {"uv": [12.5, 12.875, 12.625, 13.625], "texture": "#5"},
				"west": {"uv": [12.75, 12.875, 12.875, 13.625], "texture": "#5"},
				"up": {"uv": [10.5, 13.5, 10.375, 13.375], "texture": "#5"},
				"down": {"uv": [11.25, 13.375, 11.125, 13.5], "texture": "#5"}
			}
		},
		{
			"from": [0.5, 11.52336, -0.36334],
			"to": [15.5, 12.52336, 0.63666],
			"rotation": {"angle": 22.5, "axis": "x", "origin": [8, 9.52336, 0.13666]},
			"faces": {
				"north": {"uv": [7.375, 2.75, 9.25, 2.875], "texture": "#5"},
				"east": {"uv": [13.375, 11.125, 13.5, 11.25], "texture": "#5"},
				"south": {"uv": [11.5, 5.25, 13.375, 5.375], "texture": "#5"},
				"west": {"uv": [11.375, 13.375, 11.5, 13.5], "texture": "#5"},
				"up": {"uv": [13.875, 9.125, 12, 9], "texture": "#5"},
				"down": {"uv": [14, 1.125, 12.125, 1.25], "texture": "#5"}
			}
		},
		{
			"from": [14, 4, 17.5],
			"to": [17, 7, 23.5],
			"rotation": {"angle": 0, "axis": "y", "origin": [8, 5.5, 20.5]},
			"faces": {
				"north": {"uv": [8.625, 12.5, 9, 12.875], "texture": "#5"},
				"east": {"uv": [11.5, 4.75, 12.25, 5.125], "texture": "#5"},
				"south": {"uv": [9.125, 12.5, 9.5, 12.875], "texture": "#5"},
				"west": {"uv": [11.5, 6.25, 12.25, 6.625], "texture": "#5"},
				"up": {"uv": [9, 12.375, 8.625, 11.625], "texture": "#5"},
				"down": {"uv": [9.5, 11.625, 9.125, 12.375], "texture": "#5"}
			}
		},
		{
			"from": [2, 4, 17.5],
			"to": [14, 7, 24.5],
			"rotation": {"angle": 0, "axis": "y", "origin": [8, 5.5, 19.5]},
			"faces": {
				"north": {"uv": [9.75, 8.5, 11.25, 8.875], "texture": "#5"},
				"east": {"uv": [4.125, 10.75, 5, 11.125], "texture": "#5"},
				"south": {"uv": [9.875, 0.75, 11.375, 1.125], "texture": "#5"},
				"west": {"uv": [5.125, 10.75, 6, 11.125], "texture": "#5"},
				"up": {"uv": [7.125, 6.75, 5.625, 5.875], "texture": "#5"},
				"down": {"uv": [3.375, 6.125, 1.875, 7], "texture": "#5"}
			}
		},
		{
			"from": [4, 4, 23.5],
			"to": [12, 8, 27.5],
			"rotation": {"angle": 0, "axis": "y", "origin": [8, 5.5, 19.5]},
			"faces": {
				"north": {"uv": [9.125, 9.875, 10.125, 10.375], "texture": "#5"},
				"east": {"uv": [11.75, 7.25, 12.25, 7.75], "texture": "#5"},
				"south": {"uv": [1.5, 10.125, 2.5, 10.625], "texture": "#5"},
				"west": {"uv": [11.75, 11.375, 12.25, 11.875], "texture": "#5"},
				"up": {"uv": [3.625, 10.625, 2.625, 10.125], "texture": "#5"},
				"down": {"uv": [4.75, 10.125, 3.75, 10.625], "texture": "#5"}
			}
		},
		{
			"from": [1, 1, 16.5],
			"to": [15, 7, 17.5],
			"rotation": {"angle": 0, "axis": "y", "origin": [8, 3.5, 11.33333]},
			"faces": {
				"north": {"uv": [0, 6.625, 1.75, 7.375], "texture": "#5"},
				"east": {"uv": [5.5, 13, 5.625, 13.75], "texture": "#5"},
				"south": {"uv": [6.625, 5, 8.375, 5.75], "texture": "#5"},
				"west": {"uv": [5.75, 13, 5.875, 13.75], "texture": "#5"},
				"up": {"uv": [13.875, 1.5, 12.125, 1.375], "texture": "#5"},
				"down": {"uv": [13.875, 1.625, 12.125, 1.75], "texture": "#5"}
			}
		},
		{
			"from": [2, 4.08579, 23.70711],
			"to": [14, 6.08579, 28.70711],
			"rotation": {"angle": 45, "axis": "x", "origin": [8, 5.58579, 25.20711]},
			"faces": {
				"north": {"uv": [10.375, 9, 11.875, 9.25], "texture": "#5"},
				"east": {"uv": [12.375, 4, 13, 4.25], "texture": "#5"},
				"south": {"uv": [8.875, 10.5, 10.375, 10.75], "texture": "#5"},
				"west": {"uv": [4.25, 12.375, 4.875, 12.625], "texture": "#5"},
				"up": {"uv": [3.375, 7.75, 1.875, 7.125], "texture": "#5"},
				"down": {"uv": [8.875, 0, 7.375, 0.625], "texture": "#5"}
			}
		},
		{
			"from": [-4.3, 7, -0.4],
			"to": [-1.3, 9, -0.4],
			"rotation": {"angle": 22.5, "axis": "y", "origin": [-2.8, 8, -0.75]},
			"faces": {
				"north": {"uv": [12.875, 7.125, 13.25, 7.375], "texture": "#5"},
				"south": {"uv": [12.875, 11.375, 13.25, 11.625], "texture": "#5"}
			}
		},
		{
			"from": [-5.475, 7.475, -1.25],
			"to": [-3.475, 8.475, -0.25],
			"rotation": {"angle": -45, "axis": "z", "origin": [-3.9, 3.35, 0.5]},
			"faces": {
				"north": {"uv": [13.375, 5.5, 13.625, 5.625], "texture": "#5"},
				"east": {"uv": [13.375, 11.375, 13.5, 11.5], "texture": "#5"},
				"south": {"uv": [13.375, 7, 13.625, 7.125], "texture": "#5"},
				"west": {"uv": [11.625, 13.375, 11.75, 13.5], "texture": "#5"},
				"up": {"uv": [7.5, 13.5, 7.25, 13.375], "texture": "#5"},
				"down": {"uv": [13.625, 7.25, 13.375, 7.375], "texture": "#5"}
			}
		},
		{
			"from": [19.475, 7.475, -1.25],
			"to": [21.475, 8.475, -0.25],
			"rotation": {"angle": 45, "axis": "z", "origin": [19.9, 3.35, 0.5]},
			"faces": {
				"north": {"uv": [13.375, 7.5, 13.625, 7.625], "texture": "#5"},
				"east": {"uv": [11.875, 13.375, 12, 13.5], "texture": "#5"},
				"south": {"uv": [7.625, 13.375, 7.875, 13.5], "texture": "#5"},
				"west": {"uv": [12.125, 13.375, 12.25, 13.5], "texture": "#5"},
				"up": {"uv": [13.625, 7.875, 13.375, 7.75], "texture": "#5"},
				"down": {"uv": [8.25, 13.375, 8, 13.5], "texture": "#5"}
			}
		},
		{
			"from": [17.3, 7, -0.4],
			"to": [20.3, 9, -0.4],
			"rotation": {"angle": -22.5, "axis": "y", "origin": [18.8, 8, -0.75]},
			"faces": {
				"north": {"uv": [13, 0, 13.375, 0.25], "texture": "#5"},
				"south": {"uv": [13, 1.875, 13.375, 2.125], "texture": "#5"}
			}
		},
		{
			"from": [-0.375, 0, -6.5],
			"to": [16.375, 4, -0.5],
			"rotation": {"angle": 0, "axis": "y", "origin": [-0.625, 0, 0]},
			"faces": {
				"east": {"uv": [10.5, 10.5, 11.25, 11], "texture": "#5"},
				"west": {"uv": [1.5, 10.75, 2.25, 11.25], "texture": "#5"}
			}
		},
		{
			"from": [-0.375, 0, 17.5],
			"to": [16.375, 4, 23.5],
			"rotation": {"angle": 0, "axis": "y", "origin": [-0.625, 0, 16]},
			"faces": {
				"east": {"uv": [2.375, 10.75, 3.125, 11.25], "texture": "#5"},
				"west": {"uv": [3.25, 10.75, 4, 11.25], "texture": "#5"}
			}
		},
		{
			"from": [0.5, 6.96134, -0.17723],
			"to": [15.5, 12.96134, 0.32277],
			"rotation": {"angle": 22.5, "axis": "x", "origin": [8.5, 9.46134, -1.17723]},
			"faces": {
				"north": {"uv": [0, 14.3125, 1.875, 15.0625], "texture": "#5"},
				"south": {"uv": [1.875, 14.3125, 0, 15.0625], "texture": "#5"}
			}
		},
		{
			"from": [-0.25, 6.96134, -0.92723],
			"to": [0.25, 11.96134, 17.07277],
			"rotation": {"angle": 0, "axis": "y", "origin": [0, -0.51366, 0.32277]},
			"faces": {
				"east": {"uv": [11.1875, 14.875, 8.9375, 15.5], "texture": "#5"},
				"west": {"uv": [8.9375, 14.875, 11.1875, 15.5], "texture": "#5"}
			}
		},
		{
			"from": [15.75, 6.96134, -0.92723],
			"to": [16.25, 11.96134, 17.07277],
			"rotation": {"angle": 0, "axis": "y", "origin": [16, -0.51366, 0.32277]},
			"faces": {
				"east": {"uv": [11.1875, 14.875, 8.9375, 15.5], "texture": "#5"},
				"west": {"uv": [8.9375, 14.875, 11.1875, 15.5], "texture": "#5"}
			}
		},
		{
			"from": [9, 0.87026, 7.41151],
			"to": [14.5, 7.87026, 9.41151],
			"rotation": {"angle": 22.5, "axis": "x", "origin": [11.75, 4.37026, 8.41151]},
			"faces": {
				"north": {"uv": [3.5, 3, 4.875, 4.75], "texture": "#1"},
				"east": {"uv": [3.5, 7, 4, 8.75], "texture": "#1"},
				"south": {"uv": [0, 4, 1.375, 5.75], "texture": "#1"},
				"west": {"uv": [7, 4, 7.5, 5.75], "texture": "#1"},
				"up": {"uv": [7.625, 8, 6.25, 7.5], "texture": "#1"},
				"down": {"uv": [0, 0, 0, 0], "texture": "#1"}
			}
		},
		{
			"from": [9.004, 0.754, 3],
			"to": [14.5, 2.75, 7.996],
			"rotation": {"angle": 0, "axis": "y", "origin": [11.752, 3.002, 5.498]},
			"faces": {
				"north": {"uv": [7.75, 4, 9.125, 4.5], "texture": "#1"},
				"east": {"uv": [6.25, 8.25, 7.5, 8.75], "texture": "#1"},
				"south": {"uv": [0, 0, 0, 0], "texture": "#1"},
				"west": {"uv": [7.75, 8.25, 9, 8.75], "texture": "#1"},
				"up": {"uv": [6.625, 4.25, 5.25, 3], "texture": "#1"},
				"down": {"uv": [6.625, 4.5, 5.25, 5.75], "texture": "#1"}
			}
		},
		{
			"from": [1.5, 0.754, 3],
			"to": [6.996, 2.75, 7.996],
			"rotation": {"angle": 0, "axis": "y", "origin": [4.248, 3.002, 5.498]},
			"faces": {
				"north": {"uv": [7.75, 4.75, 9.125, 5.25], "texture": "#1"},
				"east": {"uv": [8.5, 1.5, 9.75, 2], "texture": "#1"},
				"south": {"uv": [0, 0, 0, 0], "texture": "#1"},
				"west": {"uv": [8.5, 2.25, 9.75, 2.75], "texture": "#1"},
				"up": {"uv": [1.375, 7.25, 0, 6], "texture": "#1"},
				"down": {"uv": [3.125, 6, 1.75, 7.25], "texture": "#1"}
			}
		},
		{
			"from": [1.496, 0.87026, 7.41151],
			"to": [6.996, 7.87026, 9.41151],
			"rotation": {"angle": 22.5, "axis": "x", "origin": [4.246, 4.37026, 8.41151]},
			"faces": {
				"north": {"uv": [1.75, 4, 3.125, 5.75], "texture": "#1"},
				"east": {"uv": [4.25, 7, 4.75, 8.75], "texture": "#1"},
				"south": {"uv": [3.5, 5, 4.875, 6.75], "texture": "#1"},
				"west": {"uv": [0, 7.5, 0.5, 9.25], "texture": "#1"},
				"up": {"uv": [9.375, 8, 8, 7.5], "texture": "#1"},
				"down": {"uv": [0, 0, 0, 0], "texture": "#1"}
			}
		},
		{
			"from": [1.502, 0.752, 10.502],
			"to": [14.498, 2.748, 15.498],
			"rotation": {"angle": 0, "axis": "y", "origin": [0, 1, 7.5]},
			"faces": {
				"north": {"uv": [5.25, 6, 8.5, 6.5], "texture": "#1"},
				"east": {"uv": [8.5, 3, 9.75, 3.5], "texture": "#1"},
				"south": {"uv": [5.25, 6.75, 8.5, 7.25], "texture": "#1"},
				"west": {"uv": [8.75, 5.5, 10, 6], "texture": "#1"},
				"up": {"uv": [6.75, 1.25, 3.5, 0], "texture": "#1"},
				"down": {"uv": [6.75, 1.5, 3.5, 2.75], "texture": "#1"}
			}
		},
		{
			"from": [1.498, 0.94438, 14.53083],
			"to": [14.498, 7.94438, 16.53083],
			"rotation": {"angle": 22.5, "axis": "x", "origin": [4.498, 3.44438, 15.53083]},
			"faces": {
				"north": {"uv": [0, 0, 3.25, 1.75], "texture": "#1"},
				"east": {"uv": [0.75, 7.5, 1.25, 9.25], "texture": "#1"},
				"south": {"uv": [0, 2, 3.25, 3.75], "texture": "#1"},
				"west": {"uv": [1.5, 7.5, 2, 9.25], "texture": "#1"},
				"up": {"uv": [10.25, 0.5, 7, 0], "texture": "#1"},
				"down": {"uv": [10.25, 0.75, 7, 1.25], "texture": "#1"}
			}
		},
		{
			"from": [2, 3.625, -0.5],
			"to": [7, 7.625, 1],
			"rotation": {"angle": 0, "axis": "y", "origin": [0, 1, -1]},
			"faces": {
				"north": {"uv": [7, 1.5, 8.25, 2.5], "texture": "#1"},
				"east": {"uv": [5, 8.75, 5.375, 9.75], "texture": "#1"},
				"south": {"uv": [7, 2.75, 8.25, 3.75], "texture": "#1"},
				"west": {"uv": [3.75, 9, 4.125, 10], "texture": "#1"},
				"up": {"uv": [10, 6.625, 8.75, 6.25], "texture": "#1"},
				"down": {"uv": [3.5, 9, 2.25, 9.375], "texture": "#1"}
			}
		},
		{
			"from": [4.25, 6.375, 0.275],
			"to": [4.75, 6.875, 1.775],
			"rotation": {"angle": -22.5, "axis": "x", "origin": [4.5, 6.25, 0.25]},
			"faces": {
				"north": {"uv": [6.25, 9, 6.375, 9.125], "texture": "#1"},
				"east": {"uv": [7.75, 5.5, 8.125, 5.625], "texture": "#1"},
				"south": {"uv": [6.75, 9, 6.875, 9.125], "texture": "#1"},
				"west": {"uv": [8.75, 7, 9.125, 7.125], "texture": "#1"},
				"up": {"uv": [5.875, 9.125, 5.75, 8.75], "texture": "#1"},
				"down": {"uv": [4.625, 9, 4.5, 9.375], "texture": "#1"}
			}
		},
		{
			"from": [2.75, 4.875, 1.825],
			"to": [6.25, 8.375, 1.825],
			"rotation": {"angle": -22.5, "axis": "x", "origin": [4.5, 6.25, 0.25]},
			"faces": {
				"north": {"uv": [2.25, 7.5, 3.125, 8.375], "texture": "#1"},
				"east": {"uv": [0, 0, 0, 0], "texture": "#1"},
				"south": {"uv": [5, 7.5, 5.875, 8.375], "texture": "#1"},
				"west": {"uv": [0, 0, 0, 0], "texture": "#1"},
				"up": {"uv": [0, 0, 0, 0], "texture": "#1"},
				"down": {"uv": [0, 0, 0, 0], "texture": "#1"}
			}
		}
	],
	"display": {
		"thirdperson_righthand": {
			"rotation": [75, 45, 0],
			"translation": [0, 2.5, 0],
			"scale": [0.375, 0.375, 0.375]
		},
		"thirdperson_lefthand": {
			"rotation": [75, 45, 0],
			"translation": [0, 2.5, 0],
			"scale": [0.375, 0.375, 0.375]
		},
		"firstperson_righthand": {
			"rotation": [0, 45, 0],
			"scale": [0.4, 0.4, 0.4]
		},
		"firstperson_lefthand": {
			"rotation": [0, 225, 0],
			"scale": [0.4, 0.4, 0.4]
		},
		"ground": {
			"translation": [0, 3, 0],
			"scale": [0.25, 0.25, 0.25]
		},
		"gui": {
			"rotation": [30, 225, 0],
			"translation": [0, 1, 0],
			"scale": [0.36, 0.36, 0.36]
		},
		"head": {
			"translation": [0, -9.25, 11.75],
			"scale": [3.5, 3.5, 3.5]
		}
	},
	"groups": [
		{
			"name": "group",
			"origin": [3, 6, -6.5],
			"color": 0,
			"children": [
				0,
				1,
				2,
				3,
				4,
				5,
				6,
				7,
				8,
				9,
				10,
				11,
				12,
				13,
				14,
				15,
				16,
				17,
				18,
				19,
				20,
				21,
				22,
				23,
				24,
				25,
				26,
				27,
				28,
				29,
				30,
				31,
				32,
				33,
				34,
				35,
				36,
				37,
				38,
				39,
				40,
				41,
				42,
				43,
				44,
				45,
				46,
				47,
				48,
				49,
				50
			]
		},
		{
			"name": "seats",
			"origin": [8, 8, 8],
			"color": 0,
			"children": [
				{
					"name": "group",
					"origin": [8.5, 3, -9.5],
					"color": 0,
					"children": [51, 52, 53, 54]
				}
			]
		},
		55,
		56,
		{
			"name": "group",
			"origin": [0, -0.51366, 0.32277],
			"color": 0,
			"children": [57, 58, 59]
		},
		{
			"name": "lp_seats",
			"origin": [8, 8, 8],
			"color": 0,
			"children": [
				{
					"name": "group",
					"origin": [4.5, 6.25, 0.25],
					"color": 0,
					"children": [
						{
							"name": "group",
							"origin": [11.752, 3.002, 5.498],
							"color": 0,
							"children": [60, 61, 62, 63]
						},
						64,
						65,
						66,
						67,
						68
					]
				}
			]
		}
	]
}