{
	"credit": "www.sebxter.pl",
	"texture_size": [128, 128],
	"textures": {
		"1": "block/vehiles/car/luxury_vehicle_1",
		"1_1": "block/vehiles/car/seats",
		"particle": "sebxter:tires_pack/tire_1"
	},
	"elements": [
		{
			"from": [-1, 4, -6.5],
			"to": [17, 7, -0.5],
			"rotation": {"angle": 0, "axis": "x", "origin": [8, 5.5, -3.5]},
			"faces": {
				"north": {"uv": [1.875, 8.25, 4.125, 8.625], "texture": "#1"},
				"east": {"uv": [6.125, 1.5, 6.875, 1.875], "texture": "#1"},
				"south": {"uv": [8.25, 6.375, 10.5, 6.75], "texture": "#1"},
				"west": {"uv": [2.625, 11.875, 3.375, 12.25], "texture": "#1"},
				"up": {"uv": [7, 4.5, 4.75, 3.75], "texture": "#1"},
				"down": {"uv": [7.5, 4.625, 5.25, 5.375], "texture": "#1"}
			}
		},
		{
			"from": [1, 0, -6.5],
			"to": [15, 4, -0.5],
			"rotation": {"angle": 0, "axis": "y", "origin": [8, 2, 8.5]},
			"faces": {
				"east": {"uv": [1.5, 10.875, 2.25, 11.375], "texture": "#1"},
				"west": {"uv": [10.875, 2.75, 11.625, 3.25], "texture": "#1"},
				"down": {"uv": [5.75, 7.25, 4, 8], "texture": "#1"}
			}
		},
		{
			"from": [-1, 0, -7.5],
			"to": [17, 7, -6.5],
			"rotation": {"angle": 0, "axis": "y", "origin": [8, 4.5, -6]},
			"faces": {
				"north": {"uv": [0, 3.75, 2.25, 4.625], "texture": "#1"},
				"east": {"uv": [3.5, 12.75, 3.625, 13.625], "texture": "#1"},
				"south": {"uv": [3.75, 0, 6, 0.875], "texture": "#1"},
				"west": {"uv": [3.75, 12.75, 3.875, 13.625], "texture": "#1"},
				"up": {"uv": [14.125, 5.375, 11.875, 5.25], "texture": "#1"},
				"down": {"uv": [14.125, 10.125, 11.875, 10.25], "texture": "#1"}
			}
		},
		{
			"from": [2, 0.69867, -13.19224],
			"to": [14, 5.69867, -12.19224],
			"rotation": {"angle": -22.5, "axis": "x", "origin": [8, 5.19867, -10.54224]},
			"faces": {
				"north": {"uv": [2.375, 7.5, 3.875, 8.125], "texture": "#1"},
				"east": {"uv": [2.25, 13, 2.375, 13.625], "texture": "#1"},
				"south": {"uv": [5.875, 7.875, 7.375, 8.5], "texture": "#1"},
				"west": {"uv": [4.875, 13.125, 5, 13.75], "texture": "#1"},
				"up": {"uv": [13.875, 11.625, 12.375, 11.5], "texture": "#1"},
				"down": {"uv": [2.75, 12.5, 1.25, 12.625], "texture": "#1"}
			}
		},
		{
			"from": [-0.996, 0.70267, -12.03824],
			"to": [2.996, 5.69467, -7.04624],
			"rotation": {"angle": -22.5, "axis": "x", "origin": [8, 5.19867, -10.54224]},
			"faces": {
				"north": {"uv": [0, 11.125, 0.5, 11.75], "texture": "#1"},
				"east": {"uv": [9.5, 10.125, 10.125, 10.75], "texture": "#1"},
				"south": {"uv": [0.625, 11.125, 1.125, 11.75], "texture": "#1"},
				"west": {"uv": [2.5, 10.25, 3.125, 10.875], "texture": "#1"},
				"up": {"uv": [6.875, 11.75, 6.375, 11.125], "texture": "#1"},
				"down": {"uv": [7.5, 11.125, 7, 11.75], "texture": "#1"}
			}
		},
		{
			"from": [13.004, 0.70267, -12.03824],
			"to": [16.996, 5.69467, -7.04624],
			"rotation": {"angle": -22.5, "axis": "x", "origin": [8, 5.19867, -10.54224]},
			"faces": {
				"north": {"uv": [11.25, 0.5, 11.75, 1.125], "texture": "#1"},
				"east": {"uv": [10.25, 10.125, 10.875, 10.75], "texture": "#1"},
				"south": {"uv": [11.25, 4.875, 11.75, 5.5], "texture": "#1"},
				"west": {"uv": [0, 10.375, 0.625, 11], "texture": "#1"},
				"up": {"uv": [11.875, 6.25, 11.375, 5.625], "texture": "#1"},
				"down": {"uv": [11.875, 6.375, 11.375, 7], "texture": "#1"}
			}
		},
		{
			"from": [-1, 0, -11.5],
			"to": [0, 2, -7.5],
			"rotation": {"angle": 0, "axis": "x", "origin": [8, 3.6627, -10.23671]},
			"faces": {
				"north": {"uv": [1.25, 11.125, 1.375, 11.375], "texture": "#1"},
				"east": {"uv": [6.875, 8.625, 7.375, 8.875], "texture": "#1"},
				"south": {"uv": [10.375, 13.875, 10.5, 14.125], "texture": "#1"},
				"west": {"uv": [12.625, 12.625, 13.125, 12.875], "texture": "#1"},
				"up": {"uv": [4.125, 7.125, 4, 6.625], "texture": "#1"},
				"down": {"uv": [5.125, 11, 5, 11.5], "texture": "#1"}
			}
		},
		{
			"from": [16, 0, -11.5],
			"to": [17, 2, -7.5],
			"rotation": {"angle": 0, "axis": "x", "origin": [8, 3.6627, -10.23671]},
			"faces": {
				"north": {"uv": [3.625, 14, 3.75, 14.25], "texture": "#1"},
				"east": {"uv": [0.75, 12.75, 1.25, 13], "texture": "#1"},
				"south": {"uv": [6.75, 14, 6.875, 14.25], "texture": "#1"},
				"west": {"uv": [12.75, 1, 13.25, 1.25], "texture": "#1"},
				"up": {"uv": [1.375, 14.125, 1.25, 13.625], "texture": "#1"},
				"down": {"uv": [4.125, 13.625, 4, 14.125], "texture": "#1"}
			}
		},
		{
			"from": [16, 2.25, -11],
			"to": [17, 5.25, -10],
			"rotation": {"angle": -22.5, "axis": "x", "origin": [16.5, 1, -9.5]},
			"faces": {
				"north": {"uv": [5.625, 8.125, 5.75, 8.5], "texture": "#1"},
				"east": {"uv": [1.5, 10.375, 1.625, 10.75], "texture": "#1"},
				"south": {"uv": [13.875, 1.5, 14, 1.875], "texture": "#1"},
				"west": {"uv": [2.375, 13.875, 2.5, 14.25], "texture": "#1"},
				"up": {"uv": [14.25, 1.875, 14.125, 1.75], "texture": "#1"},
				"down": {"uv": [5.375, 14.125, 5.25, 14.25], "texture": "#1"}
			}
		},
		{
			"from": [-1, 2.25, -11],
			"to": [0, 5.25, -10],
			"rotation": {"angle": -22.5, "axis": "x", "origin": [-0.5, 1, -9.5]},
			"faces": {
				"north": {"uv": [4.25, 13.875, 4.375, 14.25], "texture": "#1"},
				"east": {"uv": [4.5, 13.875, 4.625, 14.25], "texture": "#1"},
				"south": {"uv": [4.75, 13.875, 4.875, 14.25], "texture": "#1"},
				"west": {"uv": [5, 13.875, 5.125, 14.25], "texture": "#1"},
				"up": {"uv": [5.625, 14.25, 5.5, 14.125], "texture": "#1"},
				"down": {"uv": [14.25, 5.5, 14.125, 5.625], "texture": "#1"}
			}
		},
		{
			"from": [12.12045, 4.08658, -13.22835],
			"to": [16.12045, 5.08658, -9.22835],
			"rotation": {"angle": -22.5, "axis": "y", "origin": [13.62045, 4.58658, -11.22835]},
			"faces": {
				"north": {"uv": [1.25, 12.25, 1.75, 12.375], "texture": "#1"},
				"east": {"uv": [13.625, 2.125, 14.125, 2.25], "texture": "#1"},
				"south": {"uv": [4.25, 13.625, 4.75, 13.75], "texture": "#1"},
				"west": {"uv": [5.125, 13.625, 5.625, 13.75], "texture": "#1"},
				"up": {"uv": [10.5, 6.25, 10, 5.75], "texture": "#1"},
				"down": {"uv": [9, 11.875, 8.5, 12.375], "texture": "#1"}
			}
		},
		{
			"from": [-0.12045, 4.08658, -13.22835],
			"to": [3.87955, 5.08658, -9.22835],
			"rotation": {"angle": 22.5, "axis": "y", "origin": [2.37955, 4.58658, -11.22835]},
			"faces": {
				"north": {"uv": [5.75, 13.625, 6.25, 13.75], "texture": "#1"},
				"east": {"uv": [13.625, 8.125, 14.125, 8.25], "texture": "#1"},
				"south": {"uv": [13.625, 8.375, 14.125, 8.5], "texture": "#1"},
				"west": {"uv": [9.375, 13.625, 9.875, 13.75], "texture": "#1"},
				"up": {"uv": [5.75, 12.5, 5.25, 12], "texture": "#1"},
				"down": {"uv": [12.5, 5.5, 12, 6], "texture": "#1"}
			}
		},
		{
			"from": [3.005, 4.09158, -13.64513],
			"to": [12.995, 5.08158, -9.65513],
			"rotation": {"angle": 0, "axis": "y", "origin": [5.5, 4.58658, -11.65013]},
			"faces": {
				"north": {"uv": [9.5, 2.75, 10.75, 2.875], "texture": "#1"},
				"east": {"uv": [10, 13.625, 10.5, 13.75], "texture": "#1"},
				"south": {"uv": [12.625, 6, 13.875, 6.125], "texture": "#1"},
				"west": {"uv": [13.75, 0, 14.25, 0.125], "texture": "#1"},
				"up": {"uv": [8.125, 9.5, 6.875, 9], "texture": "#1"},
				"down": {"uv": [9.5, 9, 8.25, 9.5], "texture": "#1"}
			}
		},
		{
			"from": [12.12445, 0.09058, -13.22435],
			"to": [16.11645, 1.08258, -9.23235],
			"rotation": {"angle": -22.5, "axis": "y", "origin": [13.62045, 0.58658, -11.22835]},
			"faces": {
				"north": {"uv": [13.75, 0.25, 14.25, 0.375], "texture": "#1"},
				"east": {"uv": [2.75, 13.75, 3.25, 13.875], "texture": "#1"},
				"south": {"uv": [3.375, 13.75, 3.875, 13.875], "texture": "#1"},
				"west": {"uv": [6.375, 13.75, 6.875, 13.875], "texture": "#1"},
				"up": {"uv": [12.5, 6.625, 12, 6.125], "texture": "#1"},
				"down": {"uv": [12.5, 8.875, 12, 9.375], "texture": "#1"}
			}
		},
		{
			"from": [12.69552, 0.08658, -12.1194],
			"to": [16.69552, 1.08658, -7.1194],
			"rotation": {"angle": 0, "axis": "y", "origin": [14.19552, 0.58658, -10.1194]},
			"faces": {
				"north": {"uv": [7.625, 13.75, 8.125, 13.875], "texture": "#1"},
				"east": {"uv": [3.75, 2, 4.375, 2.125], "texture": "#1"},
				"south": {"uv": [8.25, 13.75, 8.75, 13.875], "texture": "#1"},
				"west": {"uv": [8, 13.25, 8.625, 13.375], "texture": "#1"},
				"up": {"uv": [11.875, 9.5, 11.375, 8.875], "texture": "#1"},
				"down": {"uv": [10.875, 11.375, 10.375, 12], "texture": "#1"}
			}
		},
		{
			"from": [-0.69552, 0.08658, -12.1194],
			"to": [3.30448, 1.08658, -7.1194],
			"rotation": {"angle": 0, "axis": "y", "origin": [1.80448, 0.58658, -10.1194]},
			"faces": {
				"north": {"uv": [13.75, 9.625, 14.25, 9.75], "texture": "#1"},
				"east": {"uv": [12.5, 13.25, 13.125, 13.375], "texture": "#1"},
				"south": {"uv": [13.75, 9.875, 14.25, 10], "texture": "#1"},
				"west": {"uv": [13.25, 12.625, 13.875, 12.75], "texture": "#1"},
				"up": {"uv": [11.5, 12, 11, 11.375], "texture": "#1"},
				"down": {"uv": [1.75, 11.5, 1.25, 12.125], "texture": "#1"}
			}
		},
		{
			"from": [3.005, 0.09158, -13.64513],
			"to": [12.995, 1.08158, -9.65513],
			"rotation": {"angle": 0, "axis": "y", "origin": [5.5, 0.58658, -11.65013]},
			"faces": {
				"north": {"uv": [12.625, 6.25, 13.875, 6.375], "texture": "#1"},
				"east": {"uv": [10.625, 13.75, 11.125, 13.875], "texture": "#1"},
				"south": {"uv": [12.625, 6.5, 13.875, 6.625], "texture": "#1"},
				"west": {"uv": [11.25, 13.75, 11.75, 13.875], "texture": "#1"},
				"up": {"uv": [5, 9.875, 3.75, 9.375], "texture": "#1"},
				"down": {"uv": [6.375, 9.375, 5.125, 9.875], "texture": "#1"}
			}
		},
		{
			"from": [10.5, -0.61342, -13.15013],
			"to": [11.5, 3.38658, -12.15013],
			"rotation": {"angle": 22.5, "axis": "z", "origin": [8, 1.38658, -11.15013]},
			"faces": {
				"north": {"uv": [8.875, 13.625, 9, 14.125], "texture": "#1"},
				"east": {"uv": [2.125, 13.75, 2.25, 14.25], "texture": "#1"},
				"south": {"uv": [7, 13.75, 7.125, 14.25], "texture": "#1"},
				"west": {"uv": [11.875, 13.75, 12, 14.25], "texture": "#1"},
				"up": {"uv": [5.875, 14.25, 5.75, 14.125], "texture": "#1"},
				"down": {"uv": [14.25, 5.75, 14.125, 5.875], "texture": "#1"}
			}
		},
		{
			"from": [3.3603, -0.9961, -13.15013],
			"to": [4.3603, 3.0039, -12.15013],
			"rotation": {"angle": -22.5, "axis": "z", "origin": [7.8603, 1.0039, -11.15013]},
			"faces": {
				"north": {"uv": [12.125, 13.75, 12.25, 14.25], "texture": "#1"},
				"east": {"uv": [12.375, 13.75, 12.5, 14.25], "texture": "#1"},
				"south": {"uv": [12.625, 13.75, 12.75, 14.25], "texture": "#1"},
				"west": {"uv": [12.875, 13.75, 13, 14.25], "texture": "#1"},
				"up": {"uv": [6.125, 14.25, 6, 14.125], "texture": "#1"},
				"down": {"uv": [14.25, 7, 14.125, 7.125], "texture": "#1"}
			}
		},
		{
			"from": [4.47321, 3.57873, -13.14513],
			"to": [10.46321, 4.56873, -12.15513],
			"rotation": {"angle": 0, "axis": "z", "origin": [9.46821, 1.07373, -11.15013]},
			"faces": {
				"north": {"uv": [8.625, 1.25, 9.375, 1.375], "texture": "#1"},
				"east": {"uv": [14.125, 7.25, 14.25, 7.375], "texture": "#1"},
				"south": {"uv": [12.75, 2.125, 13.5, 2.25], "texture": "#1"},
				"west": {"uv": [14.125, 7.5, 14.25, 7.625], "texture": "#1"},
				"up": {"uv": [13.625, 0.125, 12.875, 0], "texture": "#1"},
				"down": {"uv": [13.625, 0.25, 12.875, 0.375], "texture": "#1"}
			}
		},
		{
			"from": [-0.11645, 0.09058, -13.22435],
			"to": [3.87555, 1.08258, -9.23235],
			"rotation": {"angle": 22.5, "axis": "y", "origin": [2.37955, 0.58658, -11.22835]},
			"faces": {
				"north": {"uv": [13.75, 13.5, 14.25, 13.625], "texture": "#1"},
				"east": {"uv": [13.75, 13.75, 14.25, 13.875], "texture": "#1"},
				"south": {"uv": [0.5, 13.875, 1, 14], "texture": "#1"},
				"west": {"uv": [13.875, 1.25, 14.375, 1.375], "texture": "#1"},
				"up": {"uv": [12.625, 1.625, 12.125, 1.125], "texture": "#1"},
				"down": {"uv": [12.625, 1.75, 12.125, 2.25], "texture": "#1"}
			}
		},
		{
			"from": [6.5, 4.69867, -12.04224],
			"to": [9.5, 5.69867, -7.04224],
			"rotation": {"angle": -22.5, "axis": "x", "origin": [7.5, 5.19867, -10.54224]},
			"faces": {
				"north": {"uv": [14, 6.5, 14.375, 6.625], "texture": "#1"},
				"east": {"uv": [13.5, 12.875, 14.125, 13], "texture": "#1"},
				"south": {"uv": [7.625, 14, 8, 14.125], "texture": "#1"},
				"west": {"uv": [0.5, 13.625, 1.125, 13.75], "texture": "#1"},
				"up": {"uv": [6.25, 12.625, 5.875, 12], "texture": "#1"},
				"down": {"uv": [9.5, 12.125, 9.125, 12.75], "texture": "#1"}
			}
		},
		{
			"from": [3, 4.19867, -12.04224],
			"to": [13, 5.19867, -7.04224],
			"rotation": {"angle": -22.5, "axis": "x", "origin": [8, 5.19867, -10.54224]},
			"faces": {
				"north": {"uv": [12.625, 8.875, 13.875, 9], "texture": "#1"},
				"east": {"uv": [13.25, 13.25, 13.875, 13.375], "texture": "#1"},
				"south": {"uv": [12.625, 9.125, 13.875, 9.25], "texture": "#1"},
				"west": {"uv": [0, 13.375, 0.625, 13.5], "texture": "#1"},
				"up": {"uv": [5.5, 8.75, 4.25, 8.125], "texture": "#1"},
				"down": {"uv": [9.875, 0.5, 8.625, 1.125], "texture": "#1"}
			}
		},
		{
			"from": [1, 0, -0.5],
			"to": [15, 1, 16.5],
			"rotation": {"angle": 0, "axis": "y", "origin": [8, 3.5, 11.33333]},
			"faces": {
				"south": {"uv": [12, 6.75, 13.75, 6.875], "texture": "#1"},
				"up": {"uv": [1.75, 2.125, 0, 0], "texture": "#1"},
				"down": {"uv": [3.625, 0, 1.875, 2.125], "texture": "#1"}
			}
		},
		{
			"from": [1, 0.03702, -0.31389],
			"to": [15, 7.03702, 0.68611],
			"rotation": {"angle": -22.5, "axis": "x", "origin": [8, 4.03702, 0.18611]},
			"faces": {
				"south": {"uv": [2.375, 5.625, 4.125, 6.5], "texture": "#1"}
			}
		},
		{
			"from": [-2, 2.9, -1.5],
			"to": [18, 4.9, -0.5],
			"rotation": {"angle": -22.5, "axis": "x", "origin": [-1.5, 4.9, 0]},
			"faces": {
				"north": {"uv": [9, 3.5, 11.5, 3.75], "texture": "#1"},
				"east": {"uv": [8.125, 14, 8.25, 14.25], "texture": "#1"},
				"south": {"uv": [9.375, 7.875, 11.875, 8.125], "texture": "#1"},
				"west": {"uv": [8.375, 14, 8.5, 14.25], "texture": "#1"},
				"up": {"uv": [13.625, 9.75, 11.125, 9.625], "texture": "#1"},
				"down": {"uv": [13.625, 9.875, 11.125, 10], "texture": "#1"}
			}
		},
		{
			"from": [-2, 1.75195, -6.65224],
			"to": [18, 3.75195, -5.65224],
			"rotation": {"angle": 22.5, "axis": "x", "origin": [-1.5, 3.75195, -4.15224]},
			"faces": {
				"north": {"uv": [0, 9.5, 2.5, 9.75], "texture": "#1"},
				"east": {"uv": [8.625, 14, 8.75, 14.25], "texture": "#1"},
				"south": {"uv": [9.5, 1.25, 12, 1.5], "texture": "#1"},
				"west": {"uv": [14, 8.625, 14.125, 8.875], "texture": "#1"},
				"up": {"uv": [14, 7.25, 11.5, 7.125], "texture": "#1"},
				"down": {"uv": [14, 7.375, 11.5, 7.5], "texture": "#1"}
			}
		},
		{
			"from": [-1.995, 3.71366, -6.45694],
			"to": [17.995, 4.70366, -0.46694],
			"rotation": {"angle": 0, "axis": "y", "origin": [-1.5, 5.20866, -2.46194]},
			"faces": {
				"north": {"uv": [11.5, 7.625, 14, 7.75], "texture": "#1"},
				"east": {"uv": [1.375, 13, 2.125, 13.125], "texture": "#1"},
				"south": {"uv": [11.5, 10.75, 14, 10.875], "texture": "#1"},
				"west": {"uv": [13, 12.125, 13.75, 12.25], "texture": "#1"},
				"up": {"uv": [7, 2.75, 4.5, 2], "texture": "#1"},
				"down": {"uv": [7, 2.875, 4.5, 3.625], "texture": "#1"}
			}
		},
		{
			"from": [-2, 1.75195, 17.34776],
			"to": [18, 3.75195, 18.34776],
			"rotation": {"angle": 22.5, "axis": "x", "origin": [-1.5, 3.75195, 19.84776]},
			"faces": {
				"north": {"uv": [9.5, 1.625, 12, 1.875], "texture": "#1"},
				"east": {"uv": [14, 9, 14.125, 9.25], "texture": "#1"},
				"south": {"uv": [9.5, 2, 12, 2.25], "texture": "#1"},
				"west": {"uv": [10.625, 14, 10.75, 14.25], "texture": "#1"},
				"up": {"uv": [14, 11.125, 11.5, 11], "texture": "#1"},
				"down": {"uv": [4.375, 11.625, 1.875, 11.75], "texture": "#1"}
			}
		},
		{
			"from": [-1.995, 3.71366, 17.54306],
			"to": [17.995, 4.70366, 23.53306],
			"rotation": {"angle": 0, "axis": "y", "origin": [-1.5, 5.20866, 21.53806]},
			"faces": {
				"north": {"uv": [11.625, 3.375, 14.125, 3.5], "texture": "#1"},
				"east": {"uv": [13, 12.375, 13.75, 12.5], "texture": "#1"},
				"south": {"uv": [11.625, 3.625, 14.125, 3.75], "texture": "#1"},
				"west": {"uv": [12.625, 13, 13.375, 13.125], "texture": "#1"},
				"up": {"uv": [2.5, 5.5, 0, 4.75], "texture": "#1"},
				"down": {"uv": [5.125, 4.75, 2.625, 5.5], "texture": "#1"}
			}
		},
		{
			"from": [-2, 2.9, 22.5],
			"to": [18, 4.9, 23.5],
			"rotation": {"angle": -22.5, "axis": "x", "origin": [-1.5, 4.9, 24]},
			"faces": {
				"north": {"uv": [9.5, 2.375, 12, 2.625], "texture": "#1"},
				"east": {"uv": [10.875, 14, 11, 14.25], "texture": "#1"},
				"south": {"uv": [9.5, 3.875, 12, 4.125], "texture": "#1"},
				"west": {"uv": [11.125, 14, 11.25, 14.25], "texture": "#1"},
				"up": {"uv": [14.125, 4.375, 11.625, 4.25], "texture": "#1"},
				"down": {"uv": [14.125, 4.5, 11.625, 4.625], "texture": "#1"}
			}
		},
		{
			"from": [1, 0, 17.5],
			"to": [15, 4, 23.5],
			"rotation": {"angle": 0, "axis": "y", "origin": [8, 2, 32.5]},
			"faces": {
				"north": {"uv": [7.5, 7.875, 9.25, 8.375], "texture": "#1"},
				"east": {"uv": [10.625, 7.25, 11.375, 7.75], "texture": "#1"},
				"south": {"uv": [0, 8.125, 1.75, 8.625], "texture": "#1"},
				"west": {"uv": [10.75, 4.25, 11.5, 4.75], "texture": "#1"},
				"down": {"uv": [8.875, 3, 7.125, 3.75], "texture": "#1"}
			}
		},
		{
			"from": [-0.5, 6.37563, -2.08858],
			"to": [0.5, 7.37563, 5.91142],
			"rotation": {"angle": -45, "axis": "x", "origin": [8, 6.87563, -1.08858]},
			"faces": {
				"north": {"uv": [9.125, 14.125, 9.25, 14.25], "texture": "#1"},
				"east": {"uv": [1.375, 12.75, 2.375, 12.875], "texture": "#1"},
				"south": {"uv": [9.375, 14.125, 9.5, 14.25], "texture": "#1"},
				"west": {"uv": [12.75, 1.375, 13.75, 1.5], "texture": "#1"},
				"up": {"uv": [3.375, 13.375, 3.25, 12.375], "texture": "#1"},
				"down": {"uv": [9, 12.5, 8.875, 13.5], "texture": "#1"}
			}
		},
		{
			"from": [-0.495, 11.18393, 3.51262],
			"to": [16.495, 12.17393, 14.50262],
			"rotation": {"angle": 0, "axis": "y", "origin": [8, 11.67893, 3.00762]},
			"faces": {
				"north": {"uv": [11.875, 10.375, 14, 10.5], "texture": "#1"},
				"east": {"uv": [12.5, 3.125, 13.875, 3.25], "texture": "#1"},
				"south": {"uv": [11.625, 11.875, 13.75, 12], "texture": "#1"},
				"west": {"uv": [12.5, 8.625, 13.875, 8.75], "texture": "#1"},
				"up": {"uv": [2.125, 3.625, 0, 2.25], "texture": "#1"},
				"down": {"uv": [4.375, 2.25, 2.25, 3.625], "texture": "#1"}
			}
		},
		{
			"from": [15.5, 6.37563, -2.08858],
			"to": [16.5, 7.37563, 5.91142],
			"rotation": {"angle": -45, "axis": "x", "origin": [8, 6.87563, -1.08858]},
			"faces": {
				"north": {"uv": [9.625, 14.125, 9.75, 14.25], "texture": "#1"},
				"east": {"uv": [12.75, 1.625, 13.75, 1.75], "texture": "#1"},
				"south": {"uv": [9.875, 14.125, 10, 14.25], "texture": "#1"},
				"west": {"uv": [12.75, 1.875, 13.75, 2], "texture": "#1"},
				"up": {"uv": [7.875, 13.625, 7.75, 12.625], "texture": "#1"},
				"down": {"uv": [2.625, 12.75, 2.5, 13.75], "texture": "#1"}
			}
		},
		{
			"from": [13.5, 10.13272, 14.1006],
			"to": [16.5, 11.13272, 20.1006],
			"rotation": {"angle": 22.5, "axis": "x", "origin": [8, 10.63272, 16.93394]},
			"faces": {
				"north": {"uv": [9.375, 8.25, 9.75, 8.375], "texture": "#1"},
				"east": {"uv": [13.125, 2.625, 13.875, 2.75], "texture": "#1"},
				"south": {"uv": [9.5, 4.25, 9.875, 4.375], "texture": "#1"},
				"west": {"uv": [13.125, 2.875, 13.875, 3], "texture": "#1"},
				"up": {"uv": [1.125, 12.625, 0.75, 11.875], "texture": "#1"},
				"down": {"uv": [3.875, 11.875, 3.5, 12.625], "texture": "#1"}
			}
		},
		{
			"from": [14, 7.13272, 12.6506],
			"to": [16, 12.13272, 21.6506],
			"rotation": {"angle": 45, "axis": "x", "origin": [8, 10.63272, 16.93394]},
			"faces": {
				"east": {"uv": [5.625, 8.625, 6.75, 9.25], "texture": "#1"},
				"west": {"uv": [0, 8.75, 1.125, 9.375], "texture": "#1"},
				"down": {"uv": [4.25, 11.875, 4, 13], "texture": "#1"}
			}
		},
		{
			"from": [0, 7.13272, 12.6506],
			"to": [2, 12.13272, 21.6506],
			"rotation": {"angle": 45, "axis": "x", "origin": [8, 10.63272, 16.93394]},
			"faces": {
				"east": {"uv": [1.25, 8.75, 2.375, 9.375], "texture": "#1"},
				"west": {"uv": [2.5, 8.75, 3.625, 9.375], "texture": "#1"},
				"down": {"uv": [6.625, 11.875, 6.375, 13], "texture": "#1"}
			}
		},
		{
			"from": [13.505, 7.03081, 18.87248],
			"to": [16.495, 8.02081, 21.86248],
			"rotation": {"angle": 45, "axis": "x", "origin": [8, 7.52581, 21.70081]},
			"faces": {
				"north": {"uv": [2.75, 13.25, 3.125, 13.375], "texture": "#1"},
				"east": {"uv": [5.25, 13.875, 5.625, 14], "texture": "#1"},
				"south": {"uv": [5.75, 13.875, 6.125, 14], "texture": "#1"},
				"west": {"uv": [13.875, 6.75, 14.25, 6.875], "texture": "#1"},
				"up": {"uv": [7.625, 13, 7.25, 12.625], "texture": "#1"},
				"down": {"uv": [11.5, 12.625, 11.125, 13], "texture": "#1"}
			}
		},
		{
			"from": [-0.495, 7.03081, 18.87248],
			"to": [2.495, 8.02081, 21.86248],
			"rotation": {"angle": 45, "axis": "x", "origin": [8, 7.52581, 21.70081]},
			"faces": {
				"north": {"uv": [13.875, 7.875, 14.25, 8], "texture": "#1"},
				"east": {"uv": [9.375, 13.875, 9.75, 14], "texture": "#1"},
				"south": {"uv": [13.875, 9.375, 14.25, 9.5], "texture": "#1"},
				"west": {"uv": [9.875, 13.875, 10.25, 14], "texture": "#1"},
				"up": {"uv": [12, 13, 11.625, 12.625], "texture": "#1"},
				"down": {"uv": [12.5, 12.625, 12.125, 13], "texture": "#1"}
			}
		},
		{
			"from": [-0.5, 10.13272, 14.1006],
			"to": [2.5, 11.13272, 20.1006],
			"rotation": {"angle": 22.5, "axis": "x", "origin": [8, 10.63272, 16.93394]},
			"faces": {
				"north": {"uv": [13.875, 11.75, 14.25, 11.875], "texture": "#1"},
				"east": {"uv": [4, 13.125, 4.75, 13.25], "texture": "#1"},
				"south": {"uv": [13.875, 12, 14.25, 12.125], "texture": "#1"},
				"west": {"uv": [5.875, 13.125, 6.625, 13.25], "texture": "#1"},
				"up": {"uv": [7.125, 12.625, 6.75, 11.875], "texture": "#1"},
				"down": {"uv": [8.375, 11.875, 8, 12.625], "texture": "#1"}
			}
		},
		{
			"from": [2.5, 10.13272, 14.1006],
			"to": [13.5, 11.13272, 15.1006],
			"rotation": {"angle": 22.5, "axis": "x", "origin": [8, 10.63272, 16.93394]},
			"faces": {
				"north": {"uv": [12.625, 0.5, 14, 0.625], "texture": "#1"},
				"east": {"uv": [10.125, 14.125, 10.25, 14.25], "texture": "#1"},
				"south": {"uv": [12.625, 0.75, 14, 0.875], "texture": "#1"},
				"west": {"uv": [14.125, 10.375, 14.25, 10.5], "texture": "#1"},
				"up": {"uv": [14, 5.625, 12.625, 5.5], "texture": "#1"},
				"down": {"uv": [14, 5.75, 12.625, 5.875], "texture": "#1"}
			}
		},
		{
			"from": [12.21099, 1.005, 3.55141],
			"to": [14.20099, 6.995, 18.54141],
			"rotation": {"angle": -22.5, "axis": "y", "origin": [13.20599, 5.5, 11.04641]},
			"faces": {
				"north": {"uv": [4.375, 12.25, 4.625, 13], "texture": "#1"},
				"east": {"uv": [4.25, 6.375, 6.125, 7.125], "texture": "#1"},
				"south": {"uv": [4.75, 12.25, 5, 13], "texture": "#1"},
				"west": {"uv": [6.25, 6.375, 8.125, 7.125], "texture": "#1"},
				"up": {"uv": [5.5, 11.875, 5.25, 10], "texture": "#1"},
				"down": {"uv": [5.875, 10, 5.625, 11.875], "texture": "#1"}
			}
		},
		{
			"from": [1.79901, 1.005, 3.55141],
			"to": [3.78901, 6.995, 18.54141],
			"rotation": {"angle": 22.5, "axis": "y", "origin": [2.79401, 5.5, 11.04641]},
			"faces": {
				"north": {"uv": [2.875, 12.375, 3.125, 13.125], "texture": "#1"},
				"east": {"uv": [0, 6.5, 1.875, 7.25], "texture": "#1"},
				"south": {"uv": [0, 12.5, 0.25, 13.25], "texture": "#1"},
				"west": {"uv": [2, 6.625, 3.875, 7.375], "texture": "#1"},
				"up": {"uv": [6.25, 11.875, 6, 10], "texture": "#1"},
				"down": {"uv": [7.875, 10.125, 7.625, 12], "texture": "#1"}
			}
		},
		{
			"from": [-1, 0, -0.5],
			"to": [1, 7, 4.5],
			"rotation": {"angle": 0, "axis": "y", "origin": [8, 3.5, 15.33333]},
			"faces": {
				"north": {"uv": [9.625, 12.125, 9.875, 13], "texture": "#1"},
				"east": {"uv": [1.75, 9.875, 2.375, 10.75], "texture": "#1"},
				"south": {"uv": [10, 12.125, 10.25, 13], "texture": "#1"},
				"west": {"uv": [3.75, 10, 4.375, 10.875], "texture": "#1"},
				"up": {"uv": [0.625, 13.125, 0.375, 12.5], "texture": "#1"},
				"down": {"uv": [8.75, 12.5, 8.5, 13.125], "texture": "#1"}
			}
		},
		{
			"from": [15, 0, -0.5],
			"to": [17, 7, 4.5],
			"rotation": {"angle": 0, "axis": "y", "origin": [8, 3.5, 15.33333]},
			"faces": {
				"north": {"uv": [10.375, 12.125, 10.625, 13], "texture": "#1"},
				"east": {"uv": [10, 4.25, 10.625, 5.125], "texture": "#1"},
				"south": {"uv": [10.75, 12.125, 11, 13], "texture": "#1"},
				"west": {"uv": [4.5, 10, 5.125, 10.875], "texture": "#1"},
				"up": {"uv": [5.375, 13.25, 5.125, 12.625], "texture": "#1"},
				"down": {"uv": [5.75, 12.625, 5.5, 13.25], "texture": "#1"}
			}
		},
		{
			"from": [15, 0, 4.5],
			"to": [17, 3, 17.5],
			"rotation": {"angle": 0, "axis": "y", "origin": [8, 3.5, 11.33333]},
			"faces": {
				"north": {"uv": [6.75, 12.75, 7, 13.125], "texture": "#1"},
				"east": {"uv": [7.625, 9.625, 9.25, 10], "texture": "#1"},
				"south": {"uv": [8, 12.75, 8.25, 13.125], "texture": "#1"},
				"west": {"uv": [9.625, 9, 11.25, 9.375], "texture": "#1"},
				"up": {"uv": [8.25, 11.75, 8, 10.125], "texture": "#1"},
				"down": {"uv": [8.625, 10.125, 8.375, 11.75], "texture": "#1"}
			}
		},
		{
			"from": [-1, 0, 4.5],
			"to": [1, 3, 17.5],
			"rotation": {"angle": 0, "axis": "y", "origin": [8, 3.5, 11.33333]},
			"faces": {
				"north": {"uv": [9.125, 12.875, 9.375, 13.25], "texture": "#1"},
				"east": {"uv": [9.375, 9.625, 11, 10], "texture": "#1"},
				"south": {"uv": [0.75, 13.125, 1, 13.5], "texture": "#1"},
				"west": {"uv": [0, 9.875, 1.625, 10.25], "texture": "#1"},
				"up": {"uv": [9, 11.75, 8.75, 10.125], "texture": "#1"},
				"down": {"uv": [9.375, 10.125, 9.125, 11.75], "texture": "#1"}
			}
		},
		{
			"from": [-0.995, -1.79107, 11.09079],
			"to": [16.995, 2.19893, 18.08079],
			"rotation": {"angle": -45, "axis": "x", "origin": [8, 0.70393, 9.58579]},
			"faces": {
				"north": {"uv": [7.125, 3.875, 9.375, 4.375], "texture": "#1"},
				"east": {"uv": [4.25, 5.625, 5.125, 6.125], "texture": "#1"},
				"south": {"uv": [5.875, 7.25, 8.125, 7.75], "texture": "#1"},
				"west": {"uv": [9.875, 8.25, 10.75, 8.75], "texture": "#1"},
				"up": {"uv": [6, 1.875, 3.75, 1], "texture": "#1"},
				"down": {"uv": [4.625, 3.75, 2.375, 4.625], "texture": "#1"}
			}
		},
		{
			"from": [-1, 1.17157, 23.36396],
			"to": [17, 4.17157, 27.36396],
			"rotation": {"angle": 0, "axis": "x", "origin": [8, 8.67157, 26.02082]},
			"faces": {
				"north": {"uv": [8.25, 6.875, 10.5, 7.25], "texture": "#1"},
				"east": {"uv": [12.5, 2.625, 13, 3], "texture": "#1"},
				"south": {"uv": [8.25, 7.375, 10.5, 7.75], "texture": "#1"},
				"west": {"uv": [12.5, 8.125, 13, 8.5], "texture": "#1"},
				"up": {"uv": [2.25, 8, 0, 7.5], "texture": "#1"},
				"down": {"uv": [9.875, 4.5, 7.625, 5], "texture": "#1"}
			}
		},
		{
			"from": [0, 1.17157, 26.86396],
			"to": [5, 2.17157, 27.86396],
			"rotation": {"angle": 45, "axis": "x", "origin": [8, 1.67157, 27.36396]},
			"faces": {
				"north": {"uv": [13.375, 1, 14, 1.125], "texture": "#1"},
				"east": {"uv": [14.125, 10.625, 14.25, 10.75], "texture": "#1"},
				"south": {"uv": [4, 13.375, 4.625, 13.5], "texture": "#1"},
				"west": {"uv": [14.125, 10.875, 14.25, 11], "texture": "#1"},
				"up": {"uv": [5.75, 13.5, 5.125, 13.375], "texture": "#1"},
				"down": {"uv": [6.5, 13.375, 5.875, 13.5], "texture": "#1"}
			}
		},
		{
			"from": [11, 1.17157, 26.86396],
			"to": [16, 2.17157, 27.86396],
			"rotation": {"angle": 45, "axis": "x", "origin": [8, 1.67157, 27.36396]},
			"faces": {
				"north": {"uv": [2.75, 13.5, 3.375, 13.625], "texture": "#1"},
				"east": {"uv": [14.125, 14, 14.25, 14.125], "texture": "#1"},
				"south": {"uv": [6.625, 13.5, 7.25, 13.625], "texture": "#1"},
				"west": {"uv": [1.25, 14.25, 1.375, 14.375], "texture": "#1"},
				"up": {"uv": [8.625, 13.625, 8, 13.5], "texture": "#1"},
				"down": {"uv": [11.625, 13.5, 11, 13.625], "texture": "#1"}
			}
		},
		{
			"from": [-1.5, 0.17157, 23.36396],
			"to": [17.5, 1.17157, 28.36396],
			"rotation": {"angle": 0, "axis": "x", "origin": [7.5, -0.32843, 24.36396]},
			"faces": {
				"north": {"uv": [11.875, 4.75, 14.25, 4.875], "texture": "#1"},
				"east": {"uv": [11.75, 13.5, 12.375, 13.625], "texture": "#1"},
				"south": {"uv": [11.875, 5, 14.25, 5.125], "texture": "#1"},
				"west": {"uv": [12.5, 13.5, 13.125, 13.625], "texture": "#1"},
				"up": {"uv": [8.5, 0.625, 6.125, 0], "texture": "#1"},
				"down": {"uv": [8.5, 0.75, 6.125, 1.375], "texture": "#1"}
			}
		},
		{
			"from": [-0.996, 2.779, 14.53953],
			"to": [16.996, 7.771, 17.53153],
			"rotation": {"angle": 0, "axis": "x", "origin": [8, 5.43185, 13.03553]},
			"faces": {
				"north": {"uv": [7.125, 1.5, 9.375, 2.125], "texture": "#1"},
				"east": {"uv": [3.25, 10.25, 3.625, 10.875], "texture": "#1"},
				"south": {"uv": [7.125, 2.25, 9.375, 2.875], "texture": "#1"},
				"west": {"uv": [7.125, 10.375, 7.5, 11], "texture": "#1"},
				"up": {"uv": [9.75, 8.875, 7.5, 8.5], "texture": "#1"},
				"down": {"uv": [10.875, 0, 8.625, 0.375], "texture": "#1"}
			}
		},
		{
			"from": [-1, 3.775, 17.53553],
			"to": [17, 7.775, 23.53553],
			"rotation": {"angle": 0, "axis": "x", "origin": [8, 5.43185, 13.03553]},
			"faces": {
				"north": {"uv": [7.625, 5.125, 9.875, 5.625], "texture": "#1"},
				"east": {"uv": [10.875, 8.25, 11.625, 8.75], "texture": "#1"},
				"south": {"uv": [7.625, 5.75, 9.875, 6.25], "texture": "#1"},
				"west": {"uv": [9.5, 10.875, 10.25, 11.375], "texture": "#1"},
				"up": {"uv": [7.5, 6.25, 5.25, 5.5], "texture": "#1"},
				"down": {"uv": [2.25, 5.625, 0, 6.375], "texture": "#1"}
			}
		},
		{
			"from": [-0.995, 2.78419, 22.54681],
			"to": [3.995, 6.77419, 27.53681],
			"rotation": {"angle": 22.5, "axis": "x", "origin": [8, 4.77919, 25.54181]},
			"faces": {
				"north": {"uv": [9.5, 11.5, 10.125, 12], "texture": "#1"},
				"east": {"uv": [4.5, 11.625, 5.125, 12.125], "texture": "#1"},
				"south": {"uv": [11.625, 11.25, 12.25, 11.75], "texture": "#1"},
				"west": {"uv": [11.75, 2.75, 12.375, 3.25], "texture": "#1"},
				"up": {"uv": [1.375, 11, 0.75, 10.375], "texture": "#1"},
				"down": {"uv": [7, 10.375, 6.375, 11], "texture": "#1"}
			}
		},
		{
			"from": [0, 5.02919, 26.49181],
			"to": [3, 7.02919, 27.49181],
			"rotation": {"angle": 45, "axis": "x", "origin": [8, 4.77919, 25.54181]},
			"faces": {
				"north": {"uv": [10.75, 4.875, 11.125, 5.125], "texture": "#1"},
				"east": {"uv": [11.375, 14, 11.5, 14.25], "texture": "#1"},
				"south": {"uv": [5.875, 12.75, 6.25, 13], "texture": "#1"},
				"west": {"uv": [11.625, 14, 11.75, 14.25], "texture": "#1"},
				"up": {"uv": [14.25, 12.375, 13.875, 12.25], "texture": "#1"},
				"down": {"uv": [1.875, 14, 1.5, 14.125], "texture": "#1"}
			}
		},
		{
			"from": [13, 5.02919, 26.49181],
			"to": [16, 7.02919, 27.49181],
			"rotation": {"angle": 45, "axis": "x", "origin": [8, 4.77919, 25.54181]},
			"faces": {
				"north": {"uv": [7.125, 13.125, 7.5, 13.375], "texture": "#1"},
				"east": {"uv": [14, 12.5, 14.125, 12.75], "texture": "#1"},
				"south": {"uv": [13.125, 8.125, 13.5, 8.375], "texture": "#1"},
				"west": {"uv": [14, 13.125, 14.125, 13.375], "texture": "#1"},
				"up": {"uv": [14.375, 2.5, 14, 2.375], "texture": "#1"},
				"down": {"uv": [3, 14, 2.625, 14.125], "texture": "#1"}
			}
		},
		{
			"from": [12.005, 2.78419, 22.54681],
			"to": [16.995, 6.77419, 27.53681],
			"rotation": {"angle": 22.5, "axis": "x", "origin": [8, 4.77919, 25.54181]},
			"faces": {
				"north": {"uv": [11.75, 8.25, 12.375, 8.75], "texture": "#1"},
				"east": {"uv": [0, 11.875, 0.625, 12.375], "texture": "#1"},
				"south": {"uv": [11.875, 0.5, 12.5, 1], "texture": "#1"},
				"west": {"uv": [1.875, 11.875, 2.5, 12.375], "texture": "#1"},
				"up": {"uv": [11.25, 6.375, 10.625, 5.75], "texture": "#1"},
				"down": {"uv": [11.25, 6.5, 10.625, 7.125], "texture": "#1"}
			}
		},
		{
			"from": [6, 5.32919, 25.29181],
			"to": [7, 10.32919, 26.29181],
			"rotation": {"angle": 22.5, "axis": "z", "origin": [8, 5.32919, 26.29181]},
			"faces": {
				"north": {"uv": [1.625, 13.25, 1.75, 13.875], "texture": "#1"},
				"east": {"uv": [1.875, 13.25, 2, 13.875], "texture": "#1"},
				"south": {"uv": [9.125, 13.375, 9.25, 14], "texture": "#1"},
				"west": {"uv": [7.375, 13.5, 7.5, 14.125], "texture": "#1"},
				"up": {"uv": [1.625, 14.375, 1.5, 14.25], "texture": "#1"},
				"down": {"uv": [1.875, 14.25, 1.75, 14.375], "texture": "#1"}
			}
		},
		{
			"from": [9, 5.32919, 25.29181],
			"to": [10, 10.32919, 26.29181],
			"rotation": {"angle": -22.5, "axis": "z", "origin": [8, 5.32919, 26.29181]},
			"faces": {
				"north": {"uv": [13.25, 13.5, 13.375, 14.125], "texture": "#1"},
				"east": {"uv": [13.5, 13.5, 13.625, 14.125], "texture": "#1"},
				"south": {"uv": [0, 13.625, 0.125, 14.25], "texture": "#1"},
				"west": {"uv": [0.25, 13.625, 0.375, 14.25], "texture": "#1"},
				"up": {"uv": [14.375, 2.125, 14.25, 2], "texture": "#1"},
				"down": {"uv": [2.75, 14.25, 2.625, 14.375], "texture": "#1"}
			}
		},
		{
			"from": [1.005, 8.72732, 24.29681],
			"to": [14.995, 9.71732, 27.28681],
			"rotation": {"angle": 0, "axis": "z", "origin": [10, 11.22232, 25.79181]},
			"faces": {
				"north": {"uv": [12, 7.875, 13.75, 8], "texture": "#1"},
				"east": {"uv": [14, 2.625, 14.375, 2.75], "texture": "#1"},
				"south": {"uv": [12.125, 2.375, 13.875, 2.5], "texture": "#1"},
				"west": {"uv": [14, 2.875, 14.375, 3], "texture": "#1"},
				"up": {"uv": [5.5, 9.25, 3.75, 8.875], "texture": "#1"},
				"down": {"uv": [10.75, 3, 9, 3.375], "texture": "#1"}
			}
		},
		{
			"from": [1, 9.63654, 26.49891],
			"to": [15, 10.63654, 27.49891],
			"rotation": {"angle": -45, "axis": "x", "origin": [8, 10.13654, 27.99891]},
			"faces": {
				"north": {"uv": [12.125, 3.875, 13.875, 4], "texture": "#1"},
				"east": {"uv": [2.875, 14.25, 3, 14.375], "texture": "#1"},
				"south": {"uv": [11.125, 12.125, 12.875, 12.25], "texture": "#1"},
				"west": {"uv": [3.125, 14.25, 3.25, 14.375], "texture": "#1"},
				"up": {"uv": [12.875, 12.5, 11.125, 12.375], "texture": "#1"},
				"down": {"uv": [14.125, 11.25, 12.375, 11.375], "texture": "#1"}
			}
		},
		{
			"from": [12.15685, 2.85836, 24.29181],
			"to": [14.15685, 3.85836, 27.29181],
			"rotation": {"angle": -45, "axis": "z", "origin": [20.65685, 3.35836, 25.79181]},
			"faces": {
				"north": {"uv": [6.5, 9.375, 6.75, 9.5], "texture": "#1"},
				"east": {"uv": [3.125, 14, 3.5, 14.125], "texture": "#1"},
				"south": {"uv": [7.25, 11.875, 7.5, 12], "texture": "#1"},
				"west": {"uv": [14, 3.125, 14.375, 3.25], "texture": "#1"},
				"up": {"uv": [9.75, 13.5, 9.5, 13.125], "texture": "#1"},
				"down": {"uv": [10.125, 13.125, 9.875, 13.5], "texture": "#1"}
			}
		},
		{
			"from": [1.84315, 2.85836, 24.29181],
			"to": [3.84315, 3.85836, 27.29181],
			"rotation": {"angle": 45, "axis": "z", "origin": [-4.65685, 3.35836, 25.79181]},
			"faces": {
				"north": {"uv": [9.125, 11.875, 9.375, 12], "texture": "#1"},
				"east": {"uv": [14, 3.875, 14.375, 4], "texture": "#1"},
				"south": {"uv": [6.75, 13.25, 7, 13.375], "texture": "#1"},
				"west": {"uv": [14, 6, 14.375, 6.125], "texture": "#1"},
				"up": {"uv": [10.5, 13.5, 10.25, 13.125], "texture": "#1"},
				"down": {"uv": [10.875, 13.125, 10.625, 13.5], "texture": "#1"}
			}
		},
		{
			"from": [4, 2.94657, 21.94975],
			"to": [12, 5.94657, 26.94975],
			"rotation": {"angle": 45, "axis": "x", "origin": [9, 4.94657, 24.94975]},
			"faces": {
				"north": {"uv": [10.375, 10.875, 11.375, 11.25], "texture": "#1"},
				"east": {"uv": [12.125, 0, 12.75, 0.375], "texture": "#1"},
				"south": {"uv": [11, 0, 12, 0.375], "texture": "#1"},
				"west": {"uv": [7.25, 12.125, 7.875, 12.5], "texture": "#1"},
				"up": {"uv": [3.625, 10.125, 2.625, 9.5], "texture": "#1"},
				"down": {"uv": [7.5, 9.625, 6.5, 10.25], "texture": "#1"}
			}
		},
		{
			"from": [3.5, 3.03236, 24.90685],
			"to": [12.5, 4.03236, 27.90685],
			"rotation": {"angle": -22.5, "axis": "x", "origin": [7.5, 3.53236, 25.65685]},
			"faces": {
				"north": {"uv": [10, 1, 11.125, 1.125], "texture": "#1"},
				"east": {"uv": [6.25, 14, 6.625, 14.125], "texture": "#1"},
				"south": {"uv": [12.625, 9.375, 13.75, 9.5], "texture": "#1"},
				"west": {"uv": [14, 6.25, 14.375, 6.375], "texture": "#1"},
				"up": {"uv": [11.125, 0.875, 10, 0.5], "texture": "#1"},
				"down": {"uv": [11.125, 5.25, 10, 5.625], "texture": "#1"}
			}
		},
		{
			"from": [-4.3, 7, -0.4],
			"to": [-1.3, 9, -0.4],
			"rotation": {"angle": 22.5, "axis": "y", "origin": [-2.8, 8, -0.75]},
			"faces": {
				"north": {"uv": [11, 13.125, 11.375, 13.375], "texture": "#1"},
				"south": {"uv": [11.5, 13.125, 11.875, 13.375], "texture": "#1"}
			}
		},
		{
			"from": [-5.475, 7.475, -1.25],
			"to": [-3.475, 8.475, -0.25],
			"rotation": {"angle": -45, "axis": "z", "origin": [-3.9, 3.35, 0.5]},
			"faces": {
				"north": {"uv": [14, 11.5, 14.25, 11.625], "texture": "#1"},
				"east": {"uv": [3.375, 14.25, 3.5, 14.375], "texture": "#1"},
				"south": {"uv": [13.75, 14, 14, 14.125], "texture": "#1"},
				"west": {"uv": [14.25, 3.375, 14.375, 3.5], "texture": "#1"},
				"up": {"uv": [0.75, 14.25, 0.5, 14.125], "texture": "#1"},
				"down": {"uv": [14.375, 0.5, 14.125, 0.625], "texture": "#1"}
			}
		},
		{
			"from": [19.475, 7.475, -1.25],
			"to": [21.475, 8.475, -0.25],
			"rotation": {"angle": 45, "axis": "z", "origin": [19.9, 3.35, 0.5]},
			"faces": {
				"north": {"uv": [14.125, 0.75, 14.375, 0.875], "texture": "#1"},
				"east": {"uv": [14.25, 3.625, 14.375, 3.75], "texture": "#1"},
				"south": {"uv": [0.875, 14.125, 1.125, 14.25], "texture": "#1"},
				"west": {"uv": [3.875, 14.25, 4, 14.375], "texture": "#1"},
				"up": {"uv": [14.375, 1.125, 14.125, 1], "texture": "#1"},
				"down": {"uv": [14.375, 1.5, 14.125, 1.625], "texture": "#1"}
			}
		},
		{
			"from": [17.3, 7, -0.4],
			"to": [20.3, 9, -0.4],
			"rotation": {"angle": -22.5, "axis": "y", "origin": [18.8, 8, -0.75]},
			"faces": {
				"north": {"uv": [12, 13.125, 12.375, 13.375], "texture": "#1"},
				"south": {"uv": [1.125, 13.25, 1.5, 13.5], "texture": "#1"}
			}
		},
		{
			"from": [-1, 0, -6.5],
			"to": [17, 4, -0.5],
			"faces": {
				"east": {"uv": [2.375, 11, 3.125, 11.5], "texture": "#1"},
				"west": {"uv": [3.25, 11, 4, 11.5], "texture": "#1"}
			}
		},
		{
			"from": [-1, 0, 17.5],
			"to": [17, 4, 23.5],
			"faces": {
				"east": {"uv": [4.125, 11, 4.875, 11.5], "texture": "#1"},
				"west": {"uv": [11, 10.125, 11.75, 10.625], "texture": "#1"}
			}
		},
		{
			"from": [0.5, 7.46134, 0.57277],
			"to": [15.5, 14.46134, 1.07277],
			"rotation": {"angle": 45, "axis": "x", "origin": [8.5, 9.46134, -1.17723]},
			"faces": {
				"north": {"uv": [0, 14.9375, 1.875, 15.8125], "texture": "#1"},
				"south": {"uv": [1.875, 14.9375, 0, 15.8125], "texture": "#1"}
			}
		},
		{
			"from": [2.5, 9.21134, 14.92723],
			"to": [13.5, 9.71134, 19.92723],
			"rotation": {"angle": 22.5, "axis": "x", "origin": [8.5, 9.46134, 19.67723]},
			"faces": {
				"up": {"uv": [4.5, 15.0625, 5.875, 15.6875], "texture": "#1"},
				"down": {"uv": [4.5, 15.6875, 5.875, 15.0625], "texture": "#1"}
			}
		},
		{
			"from": [2.5, 5.81111, 18.43585],
			"to": [13.5, 6.31111, 21.43585],
			"rotation": {"angle": 45, "axis": "x", "origin": [8.5, 6.06111, 23.18585]},
			"faces": {
				"up": {"uv": [14.4375, 15, 15.8125, 15.375], "texture": "#1"},
				"down": {"uv": [14.4375, 15.375, 15.8125, 15], "texture": "#1"}
			}
		},
		{
			"from": [0.25, 6.96134, -0.92723],
			"to": [0.25, 11.96134, 6.07277],
			"rotation": {"angle": 0, "axis": "z", "origin": [0, -0.51366, 0.32277]},
			"faces": {
				"east": {"uv": [7.5625, 14.6875, 6.6875, 15.3125], "texture": "#1"},
				"west": {"uv": [6.6875, 14.6875, 7.5625, 15.3125], "texture": "#1"}
			}
		},
		{
			"from": [2.16342, 6.96134, 5.69217],
			"to": [2.16342, 11.96134, 12.69217],
			"rotation": {"angle": 22.5, "axis": "y", "origin": [2.16342, 9.46134, 10.69217]},
			"faces": {
				"east": {"uv": [9.875, 14.875, 9, 15.5], "texture": "#1"},
				"west": {"uv": [9, 14.875, 9.875, 15.5], "texture": "#1"}
			}
		},
		{
			"from": [3.86561, 6.96134, 11.47823],
			"to": [3.86561, 11.96134, 15.47823],
			"rotation": {"angle": -45, "axis": "y", "origin": [2.11561, 9.46134, 10.87823]},
			"faces": {
				"east": {"uv": [12.3125, 14.5625, 11.8125, 15.1875], "texture": "#1"},
				"west": {"uv": [11.8125, 14.5625, 12.3125, 15.1875], "texture": "#1"}
			}
		},
		{
			"from": [12.13439, 6.96134, 11.47823],
			"to": [12.13439, 11.96134, 15.47823],
			"rotation": {"angle": 45, "axis": "y", "origin": [13.88439, 9.46134, 10.87823]},
			"faces": {
				"east": {"uv": [12.3125, 14.5625, 11.8125, 15.1875], "texture": "#1"},
				"west": {"uv": [11.8125, 14.5625, 12.3125, 15.1875], "texture": "#1"}
			}
		},
		{
			"from": [13.83658, 6.96134, 5.69217],
			"to": [13.83658, 11.96134, 12.69217],
			"rotation": {"angle": -22.5, "axis": "y", "origin": [13.83658, 9.46134, 10.69217]},
			"faces": {
				"east": {"uv": [9.875, 14.875, 9, 15.5], "texture": "#1"},
				"west": {"uv": [9, 14.875, 9.875, 15.5], "texture": "#1"}
			}
		},
		{
			"from": [15.75, 6.96134, -0.92723],
			"to": [15.75, 11.96134, 6.07277],
			"rotation": {"angle": 0, "axis": "z", "origin": [16, -0.51366, 0.32277]},
			"faces": {
				"east": {"uv": [7.5625, 14.6875, 6.6875, 15.3125], "texture": "#1"},
				"west": {"uv": [6.6875, 14.6875, 7.5625, 15.3125], "texture": "#1"}
			}
		},
		{
			"from": [9, 0.87026, 7.41151],
			"to": [14.5, 7.87026, 9.41151],
			"rotation": {"angle": 22.5, "axis": "x", "origin": [11.75, 4.37026, 8.41151]},
			"faces": {
				"north": {"uv": [3.5, 3, 4.875, 4.75], "texture": "#1_1"},
				"east": {"uv": [3.5, 7, 4, 8.75], "texture": "#1_1"},
				"south": {"uv": [0, 4, 1.375, 5.75], "texture": "#1_1"},
				"west": {"uv": [7, 4, 7.5, 5.75], "texture": "#1_1"},
				"up": {"uv": [7.625, 8, 6.25, 7.5], "texture": "#1_1"},
				"down": {"uv": [0, 0, 0, 0], "texture": "#1_1"}
			}
		},
		{
			"from": [9.004, 0.754, 3],
			"to": [14.5, 2.75, 7.996],
			"rotation": {"angle": 0, "axis": "y", "origin": [11.752, 3.002, 5.498]},
			"faces": {
				"north": {"uv": [7.75, 4, 9.125, 4.5], "texture": "#1_1"},
				"east": {"uv": [6.25, 8.25, 7.5, 8.75], "texture": "#1_1"},
				"south": {"uv": [0, 0, 0, 0], "texture": "#1_1"},
				"west": {"uv": [7.75, 8.25, 9, 8.75], "texture": "#1_1"},
				"up": {"uv": [6.625, 4.25, 5.25, 3], "texture": "#1_1"},
				"down": {"uv": [6.625, 4.5, 5.25, 5.75], "texture": "#1_1"}
			}
		},
		{
			"from": [1.5, 0.754, 3],
			"to": [6.996, 2.75, 7.996],
			"rotation": {"angle": 0, "axis": "y", "origin": [4.248, 3.002, 5.498]},
			"faces": {
				"north": {"uv": [7.75, 4.75, 9.125, 5.25], "texture": "#1_1"},
				"east": {"uv": [8.5, 1.5, 9.75, 2], "texture": "#1_1"},
				"south": {"uv": [0, 0, 0, 0], "texture": "#1_1"},
				"west": {"uv": [8.5, 2.25, 9.75, 2.75], "texture": "#1_1"},
				"up": {"uv": [1.375, 7.25, 0, 6], "texture": "#1_1"},
				"down": {"uv": [3.125, 6, 1.75, 7.25], "texture": "#1_1"}
			}
		},
		{
			"from": [1.496, 0.87026, 7.41151],
			"to": [6.996, 7.87026, 9.41151],
			"rotation": {"angle": 22.5, "axis": "x", "origin": [4.246, 4.37026, 8.41151]},
			"faces": {
				"north": {"uv": [1.75, 4, 3.125, 5.75], "texture": "#1_1"},
				"east": {"uv": [4.25, 7, 4.75, 8.75], "texture": "#1_1"},
				"south": {"uv": [3.5, 5, 4.875, 6.75], "texture": "#1_1"},
				"west": {"uv": [0, 7.5, 0.5, 9.25], "texture": "#1_1"},
				"up": {"uv": [9.375, 8, 8, 7.5], "texture": "#1_1"},
				"down": {"uv": [0, 0, 0, 0], "texture": "#1_1"}
			}
		},
		{
			"from": [2, 3.625, -0.5],
			"to": [7, 7.625, 1],
			"rotation": {"angle": 0, "axis": "y", "origin": [0, 1, -1]},
			"faces": {
				"north": {"uv": [7, 1.5, 8.25, 2.5], "texture": "#1_1"},
				"east": {"uv": [5, 8.75, 5.375, 9.75], "texture": "#1_1"},
				"south": {"uv": [7, 2.75, 8.25, 3.75], "texture": "#1_1"},
				"west": {"uv": [3.75, 9, 4.125, 10], "texture": "#1_1"},
				"up": {"uv": [10, 6.625, 8.75, 6.25], "texture": "#1_1"},
				"down": {"uv": [3.5, 9, 2.25, 9.375], "texture": "#1_1"}
			}
		},
		{
			"from": [4.25, 6.375, 0.275],
			"to": [4.75, 6.875, 1.775],
			"rotation": {"angle": -22.5, "axis": "x", "origin": [4.5, 6.25, 0.25]},
			"faces": {
				"north": {"uv": [6.25, 9, 6.375, 9.125], "texture": "#1_1"},
				"east": {"uv": [7.75, 5.5, 8.125, 5.625], "texture": "#1_1"},
				"south": {"uv": [6.75, 9, 6.875, 9.125], "texture": "#1_1"},
				"west": {"uv": [8.75, 7, 9.125, 7.125], "texture": "#1_1"},
				"up": {"uv": [5.875, 9.125, 5.75, 8.75], "texture": "#1_1"},
				"down": {"uv": [4.625, 9, 4.5, 9.375], "texture": "#1_1"}
			}
		},
		{
			"from": [2.75, 4.875, 1.825],
			"to": [6.25, 8.375, 1.825],
			"rotation": {"angle": -22.5, "axis": "x", "origin": [4.5, 6.25, 0.25]},
			"faces": {
				"north": {"uv": [2.25, 7.5, 3.125, 8.375], "texture": "#1_1"},
				"east": {"uv": [0, 0, 0, 0], "texture": "#1_1"},
				"south": {"uv": [5, 7.5, 5.875, 8.375], "texture": "#1_1"},
				"west": {"uv": [0, 0, 0, 0], "texture": "#1_1"},
				"up": {"uv": [0, 0, 0, 0], "texture": "#1_1"},
				"down": {"uv": [0, 0, 0, 0], "texture": "#1_1"}
			}
		}
	],
	"display": {
		"thirdperson_righthand": {
			"rotation": [75, 45, 0],
			"translation": [0, 2.5, 0],
			"scale": [0.375, 0.375, 0.375]
		},
		"thirdperson_lefthand": {
			"rotation": [75, 45, 0],
			"translation": [0, 2.5, 0],
			"scale": [0.375, 0.375, 0.375]
		},
		"firstperson_righthand": {
			"rotation": [0, 45, 0],
			"scale": [0.4, 0.4, 0.4]
		},
		"firstperson_lefthand": {
			"rotation": [0, 225, 0],
			"scale": [0.4, 0.4, 0.4]
		},
		"ground": {
			"translation": [0, 3, 0],
			"scale": [0.25, 0.25, 0.25]
		},
		"gui": {
			"rotation": [30, 225, 0],
			"translation": [-0.25, 1, 0],
			"scale": [0.37, 0.37, 0.37]
		},
		"head": {
			"translation": [0, -9.25, 11.75],
			"scale": [3.5, 3.5, 3.5]
		}
	},
	"groups": [
		{
			"name": "group",
			"origin": [3, 6, -6.5],
			"color": 0,
			"children": [
				0,
				1,
				2,
				3,
				4,
				5,
				6,
				7,
				8,
				9,
				10,
				11,
				12,
				13,
				14,
				15,
				16,
				17,
				18,
				19,
				20,
				21,
				22,
				23,
				24,
				25,
				26,
				27,
				28,
				29,
				30,
				31,
				32,
				33,
				34,
				35,
				36,
				37,
				38,
				39,
				40,
				41,
				42,
				43,
				44,
				45,
				46,
				47,
				48,
				49,
				50,
				51,
				52,
				53,
				54,
				55,
				56,
				57,
				58,
				59,
				60,
				61,
				62,
				63,
				64
			]
		},
		65,
		66,
		{
			"name": "seats",
			"origin": [8, 8, 8],
			"color": 0,
			"children": [
				{
					"name": "group",
					"origin": [8.5, 3, -9.5],
					"color": 0,
					"children": [67, 68, 69, 70]
				}
			]
		},
		{
			"name": "tires2",
			"origin": [8, 8, 8],
			"color": 0,
			"children": []
		},
		71,
		72,
		{
			"name": "group",
			"origin": [0, -0.51366, 0.32277],
			"color": 0,
			"children": [73, 74, 75, 76, 77, 78, 79, 80, 81]
		},
		{
			"name": "lp_seats",
			"origin": [8, 8, 8],
			"color": 0,
			"children": [
				{
					"name": "group",
					"origin": [4.5, 6.25, 0.25],
					"color": 0,
					"children": [
						{
							"name": "group",
							"origin": [11.752, 3.002, 5.498],
							"color": 0,
							"children": [82, 83, 84, 85]
						},
						86,
						87,
						88
					]
				}
			]
		}
	]
}