{
	"credit": "www.sebxter.pl",
	"texture_size": [128, 128],
	"textures": {
		"1": "block/vehiles/car/motorcyle_tire",
		"2": "block/vehiles/car/motorcycle_2"
	},
	"elements": [
		{
			"from": [5.5, 0, -5.25],
			"to": [10.5, 2, -3.25],
			"rotation": {"angle": 45, "axis": "x", "origin": [8.5, 1, -5]},
			"faces": {
				"north": {"uv": [4, 2.375, 4.625, 2.625], "texture": "#2"},
				"east": {"uv": [6.875, 4.125, 7.125, 4.375], "texture": "#2"},
				"south": {"uv": [4.125, 0, 4.75, 0.25], "texture": "#2"},
				"west": {"uv": [6.875, 4.5, 7.125, 4.75], "texture": "#2"},
				"up": {"uv": [4.75, 0.625, 4.125, 0.375], "texture": "#2"},
				"down": {"uv": [4.75, 0.75, 4.125, 1], "texture": "#2"}
			}
		},
		{
			"from": [9.25, -1.01992, -1.78426],
			"to": [10.25, 8.98008, -0.78426],
			"rotation": {"angle": 22.5, "axis": "x", "origin": [8, 6.48008, 1.54074]},
			"faces": {
				"north": {"uv": [0.5, 4, 0.625, 5.25], "texture": "#2"},
				"east": {"uv": [0.75, 4, 0.875, 5.25], "texture": "#2"},
				"south": {"uv": [2, 4.125, 2.125, 5.375], "texture": "#2"},
				"west": {"uv": [2.25, 4.125, 2.375, 5.375], "texture": "#2"},
				"up": {"uv": [3.625, 2.875, 3.5, 2.75], "texture": "#2"},
				"down": {"uv": [5.125, 3.25, 5, 3.375], "texture": "#2"}
			}
		},
		{
			"from": [5, 8.01916, -0.64517],
			"to": [11, 10.01916, 1.35483],
			"rotation": {"angle": -22.5, "axis": "x", "origin": [8, 8.51916, -1.64517]},
			"faces": {
				"north": {"uv": [2.625, 0.5, 3.375, 0.75], "texture": "#2"},
				"east": {"uv": [4.875, 6.875, 5.125, 7.125], "texture": "#2"},
				"south": {"uv": [0, 3.625, 0.75, 3.875], "texture": "#2"},
				"west": {"uv": [6.875, 6.125, 7.125, 6.375], "texture": "#2"},
				"up": {"uv": [4.375, 3.75, 3.625, 3.5], "texture": "#2"},
				"down": {"uv": [4.5, 1.25, 3.75, 1.5], "texture": "#2"}
			}
		},
		{
			"from": [-1.75, 9.32782, 1.39289],
			"to": [4.25, 10.32782, 2.39289],
			"rotation": {"angle": 45, "axis": "y", "origin": [2, 9.82782, -0.60711]},
			"faces": {
				"north": {"uv": [5.75, 3.875, 6.5, 4], "texture": "#2"},
				"east": {"uv": [1.375, 8, 1.5, 8.125], "texture": "#2"},
				"south": {"uv": [6, 1.125, 6.75, 1.25], "texture": "#2"},
				"west": {"uv": [7.875, 8, 8, 8.125], "texture": "#2"},
				"up": {"uv": [6.75, 1.5, 6, 1.375], "texture": "#2"},
				"down": {"uv": [6.75, 1.625, 6, 1.75], "texture": "#2"}
			}
		},
		{
			"from": [11.75, 9.32782, 1.39289],
			"to": [17.75, 10.32782, 2.39289],
			"rotation": {"angle": -45, "axis": "y", "origin": [14, 9.82782, -0.60711]},
			"faces": {
				"north": {"uv": [6, 1.875, 6.75, 2], "texture": "#2"},
				"east": {"uv": [0, 8.125, 0.125, 8.25], "texture": "#2"},
				"south": {"uv": [6, 4.125, 6.75, 4.25], "texture": "#2"},
				"west": {"uv": [0.25, 8.125, 0.375, 8.25], "texture": "#2"},
				"up": {"uv": [6.75, 4.5, 6, 4.375], "texture": "#2"},
				"down": {"uv": [6.75, 4.625, 6, 4.75], "texture": "#2"}
			}
		},
		{
			"from": [6.505, 3.15297, -4.33637],
			"to": [9.495, 4.14297, 0.65363],
			"rotation": {"angle": 22.5, "axis": "x", "origin": [9.75, 5.39797, -0.84137]},
			"faces": {
				"north": {"uv": [7.25, 5.625, 7.625, 5.75], "texture": "#2"},
				"east": {"uv": [6.5, 2.625, 7.125, 2.75], "texture": "#2"},
				"south": {"uv": [7.25, 5.875, 7.625, 6], "texture": "#2"},
				"west": {"uv": [6.625, 3.875, 7.25, 4], "texture": "#2"},
				"up": {"uv": [1.375, 4.125, 1, 3.5], "texture": "#2"},
				"down": {"uv": [3.875, 2, 3.5, 2.625], "texture": "#2"}
			}
		},
		{
			"from": [6.5, 3.53065, -7.84135],
			"to": [9.5, 4.53065, -4.84135],
			"rotation": {"angle": -22.5, "axis": "x", "origin": [9.75, 5.78065, -7.34135]},
			"faces": {
				"north": {"uv": [7.25, 6.125, 7.625, 6.25], "texture": "#2"},
				"east": {"uv": [7.25, 7, 7.625, 7.125], "texture": "#2"},
				"south": {"uv": [7.25, 7.25, 7.625, 7.375], "texture": "#2"},
				"west": {"uv": [0, 7.375, 0.375, 7.5], "texture": "#2"},
				"up": {"uv": [5.125, 4.25, 4.75, 3.875], "texture": "#2"},
				"down": {"uv": [5.25, 0, 4.875, 0.375], "texture": "#2"}
			}
		},
		{
			"from": [6.5, 0.59194, -0.32182],
			"to": [9.5, 3.59194, 0.67818],
			"rotation": {"angle": -22.5, "axis": "x", "origin": [8.5, 2.09194, 0.17818]},
			"faces": {
				"north": {"uv": [4.875, 0.5, 5.25, 0.875], "texture": "#2"},
				"east": {"uv": [0.5, 7.375, 0.625, 7.75], "texture": "#2"},
				"south": {"uv": [4.875, 1.875, 5.25, 2.25], "texture": "#2"},
				"west": {"uv": [0.75, 7.375, 0.875, 7.75], "texture": "#2"},
				"up": {"uv": [7.75, 0.125, 7.375, 0], "texture": "#2"},
				"down": {"uv": [2, 7.375, 1.625, 7.5], "texture": "#2"}
			}
		},
		{
			"from": [6.5, 0.00072, 13.5718],
			"to": [9.5, 3.00072, 14.5718],
			"rotation": {"angle": 22.5, "axis": "x", "origin": [8, 2.3894, 16.41985]},
			"faces": {
				"north": {"uv": [5, 2.75, 5.375, 3.125], "texture": "#2"},
				"east": {"uv": [3.875, 7.375, 4, 7.75], "texture": "#2"},
				"south": {"uv": [4.375, 5, 4.75, 5.375], "texture": "#2"},
				"west": {"uv": [7.375, 6.375, 7.5, 6.75], "texture": "#2"},
				"up": {"uv": [7.75, 2.375, 7.375, 2.25], "texture": "#2"},
				"down": {"uv": [7.75, 3.875, 7.375, 4], "texture": "#2"}
			}
		},
		{
			"from": [6.505, 3.84055, 14.84325],
			"to": [9.495, 4.83055, 19.83325],
			"rotation": {"angle": -22.5, "axis": "x", "origin": [8, 2.3894, 16.41985]},
			"faces": {
				"north": {"uv": [6.75, 7.375, 7.125, 7.5], "texture": "#2"},
				"east": {"uv": [6.875, 1.5, 7.5, 1.625], "texture": "#2"},
				"south": {"uv": [7.5, 4.125, 7.875, 4.25], "texture": "#2"},
				"west": {"uv": [6.875, 1.75, 7.5, 1.875], "texture": "#2"},
				"up": {"uv": [3, 4.125, 2.625, 3.5], "texture": "#2"},
				"down": {"uv": [3.5, 3.5, 3.125, 4.125], "texture": "#2"}
			}
		},
		{
			"from": [6.5, 5.53626, 17.10734],
			"to": [9.5, 6.53626, 20.10734],
			"rotation": {"angle": 22.5, "axis": "x", "origin": [8, 2.3894, 16.41985]},
			"faces": {
				"north": {"uv": [7.5, 4.375, 7.875, 4.5], "texture": "#2"},
				"east": {"uv": [4.625, 7.5, 5, 7.625], "texture": "#2"},
				"south": {"uv": [7.5, 4.625, 7.875, 4.75], "texture": "#2"},
				"west": {"uv": [7.5, 4.875, 7.875, 5], "texture": "#2"},
				"up": {"uv": [5.25, 5.375, 4.875, 5], "texture": "#2"},
				"down": {"uv": [5.5, 4.375, 5.125, 4.75], "texture": "#2"}
			}
		},
		{
			"from": [5.75, -1.01992, -1.78426],
			"to": [6.75, 8.98008, -0.78426],
			"rotation": {"angle": 22.5, "axis": "x", "origin": [8, 6.48008, 1.54074]},
			"faces": {
				"north": {"uv": [4.125, 3.875, 4.25, 5.125], "texture": "#2"},
				"east": {"uv": [1, 4.25, 1.125, 5.5], "texture": "#2"},
				"south": {"uv": [1.25, 4.25, 1.375, 5.5], "texture": "#2"},
				"west": {"uv": [2.5, 4.25, 2.625, 5.5], "texture": "#2"},
				"up": {"uv": [0.625, 8.25, 0.5, 8.125], "texture": "#2"},
				"down": {"uv": [1.75, 8.125, 1.625, 8.25], "texture": "#2"}
			}
		},
		{
			"from": [6.5, 4.56586, -2.62348],
			"to": [9.5, 6.56586, -1.62348],
			"rotation": {"angle": 0, "axis": "x", "origin": [8, 5.06586, 0.12652]},
			"faces": {
				"north": {"uv": [2.5, 1.375, 2.875, 1.625], "texture": "#2"},
				"east": {"uv": [5.5, 2.875, 5.625, 3.125], "texture": "#2"},
				"south": {"uv": [4.625, 6, 5, 6.25], "texture": "#2"},
				"west": {"uv": [1.75, 6.625, 1.875, 6.875], "texture": "#2"},
				"up": {"uv": [7.875, 5.25, 7.5, 5.125], "texture": "#2"},
				"down": {"uv": [7.875, 5.375, 7.5, 5.5], "texture": "#2"}
			}
		},
		{
			"from": [7.5, 4.56587, -1.62348],
			"to": [8.5, 5.56587, 5.37652],
			"rotation": {"angle": 45, "axis": "x", "origin": [8, 5.06587, -1.87348]},
			"faces": {
				"north": {"uv": [1.875, 8.125, 2, 8.25], "texture": "#2"},
				"east": {"uv": [5.375, 0.625, 6.25, 0.75], "texture": "#2"},
				"south": {"uv": [2.125, 8.125, 2.25, 8.25], "texture": "#2"},
				"west": {"uv": [5.375, 0.875, 6.25, 1], "texture": "#2"},
				"up": {"uv": [0.875, 6.25, 0.75, 5.375], "texture": "#2"},
				"down": {"uv": [5.5, 1.125, 5.375, 2], "texture": "#2"}
			}
		},
		{
			"from": [7.505, -0.40921, 2.90449],
			"to": [8.495, 0.58079, 9.89449],
			"rotation": {"angle": 0, "axis": "x", "origin": [8, 0.08579, 1.64949]},
			"faces": {
				"north": {"uv": [2.375, 8.125, 2.5, 8.25], "texture": "#2"},
				"east": {"uv": [5.375, 2.125, 6.25, 2.25], "texture": "#2"},
				"south": {"uv": [8.125, 2.75, 8.25, 2.875], "texture": "#2"},
				"west": {"uv": [5.375, 4.875, 6.25, 5], "texture": "#2"},
				"up": {"uv": [2.875, 6.25, 2.75, 5.375], "texture": "#2"},
				"down": {"uv": [3.125, 5.375, 3, 6.25], "texture": "#2"}
			}
		},
		{
			"from": [6.5, 0.33579, 3.89949],
			"to": [9.5, 3.33579, 9.89949],
			"rotation": {"angle": 45, "axis": "z", "origin": [8, 1.83579, 7.39949]},
			"faces": {
				"north": {"uv": [1.5, 5.25, 1.875, 5.625], "texture": "#2"},
				"east": {"uv": [2.625, 0, 3.375, 0.375], "texture": "#2"},
				"south": {"uv": [5.25, 3.25, 5.625, 3.625], "texture": "#2"},
				"west": {"uv": [2.625, 2.5, 3.375, 2.875], "texture": "#2"},
				"up": {"uv": [1.375, 3.375, 1, 2.625], "texture": "#2"},
				"down": {"uv": [1.875, 3, 1.5, 3.75], "texture": "#2"}
			}
		},
		{
			"from": [6, 0.33579, 2.39949],
			"to": [7, 1.33579, 8.39949],
			"rotation": {"angle": -22.5, "axis": "y", "origin": [7, 0.83579, 4.89949]},
			"faces": {
				"north": {"uv": [8.125, 3, 8.25, 3.125], "texture": "#2"},
				"east": {"uv": [6.125, 0, 6.875, 0.125], "texture": "#2"},
				"south": {"uv": [8.125, 3.25, 8.25, 3.375], "texture": "#2"},
				"west": {"uv": [6.125, 0.25, 6.875, 0.375], "texture": "#2"},
				"up": {"uv": [2.625, 6.375, 2.5, 5.625], "texture": "#2"},
				"down": {"uv": [1.875, 5.75, 1.75, 6.5], "texture": "#2"}
			}
		},
		{
			"from": [4.73673, 0.33579, 7.75039],
			"to": [5.73673, 1.33579, 9.75039],
			"rotation": {"angle": 0, "axis": "y", "origin": [5.73673, 0.83579, 10.25039]},
			"faces": {
				"north": {"uv": [8.125, 3.5, 8.25, 3.625], "texture": "#2"},
				"east": {"uv": [3.625, 7.875, 3.875, 8], "texture": "#2"},
				"south": {"uv": [3.625, 8.125, 3.75, 8.25], "texture": "#2"},
				"west": {"uv": [7.875, 3.875, 8.125, 4], "texture": "#2"},
				"up": {"uv": [6.625, 8, 6.5, 7.75], "texture": "#2"},
				"down": {"uv": [0.875, 7.875, 0.75, 8.125], "texture": "#2"}
			}
		},
		{
			"from": [4.23673, -0.16421, 9.75039],
			"to": [6.23673, 1.83579, 14.75039],
			"rotation": {"angle": 45, "axis": "z", "origin": [5.23673, 0.83579, 12.25039]},
			"faces": {
				"north": {"uv": [0, 7, 0.25, 7.25], "texture": "#2"},
				"east": {"uv": [2.75, 4.25, 3.375, 4.5], "texture": "#2"},
				"south": {"uv": [7, 0, 7.25, 0.25], "texture": "#2"},
				"west": {"uv": [4.25, 2.75, 4.875, 3], "texture": "#2"},
				"up": {"uv": [4.625, 4.5, 4.375, 3.875], "texture": "#2"},
				"down": {"uv": [1.75, 4.5, 1.5, 5.125], "texture": "#2"}
			}
		},
		{
			"from": [7, 1.08579, 1.64949],
			"to": [9, 5.08579, 5.64949],
			"rotation": {"angle": 22.5, "axis": "x", "origin": [8, 3.58579, 4.89949]},
			"faces": {
				"north": {"uv": [4, 5.25, 4.25, 5.75], "texture": "#2"},
				"east": {"uv": [3.125, 1.375, 3.625, 1.875], "texture": "#2"},
				"south": {"uv": [0, 5.375, 0.25, 5.875], "texture": "#2"},
				"west": {"uv": [3.5, 0, 4, 0.5], "texture": "#2"},
				"up": {"uv": [5.625, 0.5, 5.375, 0], "texture": "#2"},
				"down": {"uv": [0.625, 5.375, 0.375, 5.875], "texture": "#2"}
			}
		},
		{
			"from": [6.5, 1.90281, 4.61038],
			"to": [9.5, 5.90281, 8.61038],
			"rotation": {"angle": -22.5, "axis": "x", "origin": [7.5, 3.90281, 9.36038]},
			"faces": {
				"north": {"uv": [3.75, 2.75, 4.125, 3.25], "texture": "#2"},
				"east": {"uv": [3.5, 0.625, 4, 1.125], "texture": "#2"},
				"south": {"uv": [1.5, 3.875, 1.875, 4.375], "texture": "#2"},
				"west": {"uv": [2, 3.5, 2.5, 4], "texture": "#2"},
				"up": {"uv": [4, 4.375, 3.625, 3.875], "texture": "#2"},
				"down": {"uv": [0.375, 4, 0, 4.5], "texture": "#2"}
			}
		},
		{
			"from": [7, 3.05086, 8.13202],
			"to": [9, 5.05086, 13.13202],
			"rotation": {"angle": 45, "axis": "z", "origin": [8, 4.05086, 13.63202]},
			"faces": {
				"north": {"uv": [0.75, 7, 1, 7.25], "texture": "#2"},
				"east": {"uv": [4.25, 3.125, 4.875, 3.375], "texture": "#2"},
				"south": {"uv": [1.75, 7, 2, 7.25], "texture": "#2"},
				"west": {"uv": [4.5, 3.5, 5.125, 3.75], "texture": "#2"},
				"up": {"uv": [3.75, 5.125, 3.5, 4.5], "texture": "#2"},
				"down": {"uv": [0.25, 4.625, 0, 5.25], "texture": "#2"}
			}
		},
		{
			"from": [7.5, -0.56541, 10.65963],
			"to": [8.5, 3.43459, 11.65963],
			"rotation": {"angle": 22.5, "axis": "x", "origin": [8, 3.93459, 11.15963]},
			"faces": {
				"north": {"uv": [3.875, 4.5, 4, 5], "texture": "#2"},
				"east": {"uv": [3.875, 6.75, 4, 7.25], "texture": "#2"},
				"south": {"uv": [2.125, 7, 2.25, 7.5], "texture": "#2"},
				"west": {"uv": [2.375, 7, 2.5, 7.5], "texture": "#2"},
				"up": {"uv": [4, 8.25, 3.875, 8.125], "texture": "#2"},
				"down": {"uv": [4.25, 8.125, 4.125, 8.25], "texture": "#2"}
			}
		},
		{
			"from": [7.5, 4.08441, 11.99934],
			"to": [8.5, 5.08441, 15.99934],
			"rotation": {"angle": 22.5, "axis": "x", "origin": [8, 2.3894, 16.41985]},
			"faces": {
				"north": {"uv": [5.125, 8.125, 5.25, 8.25], "texture": "#2"},
				"east": {"uv": [7, 2.875, 7.5, 3], "texture": "#2"},
				"south": {"uv": [8.125, 5.625, 8.25, 5.75], "texture": "#2"},
				"west": {"uv": [7, 3.125, 7.5, 3.25], "texture": "#2"},
				"up": {"uv": [4.25, 7.5, 4.125, 7], "texture": "#2"},
				"down": {"uv": [5.375, 7, 5.25, 7.5], "texture": "#2"}
			}
		},
		{
			"from": [7.5, 6.34362, 13.02359],
			"to": [8.5, 7.34362, 19.02359],
			"rotation": {"angle": 45, "axis": "z", "origin": [8, 6.84362, 15.02359]},
			"faces": {
				"north": {"uv": [8.125, 5.875, 8.25, 6], "texture": "#2"},
				"east": {"uv": [6.125, 2.875, 6.875, 3], "texture": "#2"},
				"south": {"uv": [8.125, 6.125, 8.25, 6.25], "texture": "#2"},
				"west": {"uv": [6.125, 3.125, 6.875, 3.25], "texture": "#2"},
				"up": {"uv": [0.5, 6.75, 0.375, 6], "texture": "#2"},
				"down": {"uv": [5.25, 6, 5.125, 6.75], "texture": "#2"}
			}
		},
		{
			"from": [3, 6.34362, 13.02359],
			"to": [4, 7.34362, 19.02359],
			"rotation": {"angle": -45, "axis": "y", "origin": [8, 6.84362, 16.02359]},
			"faces": {
				"north": {"uv": [8.125, 6.375, 8.25, 6.5], "texture": "#2"},
				"east": {"uv": [6.125, 3.375, 6.875, 3.5], "texture": "#2"},
				"south": {"uv": [6.5, 8.125, 6.625, 8.25], "texture": "#2"},
				"west": {"uv": [6.125, 3.625, 6.875, 3.75], "texture": "#2"},
				"up": {"uv": [1.125, 6.875, 1, 6.125], "texture": "#2"},
				"down": {"uv": [5.5, 6.125, 5.375, 6.875], "texture": "#2"}
			}
		},
		{
			"from": [5.70711, 6.34362, 17.90227],
			"to": [11.70711, 7.34362, 18.90227],
			"rotation": {"angle": -45, "axis": "y", "origin": [8.70711, 6.84362, 13.90227]},
			"faces": {
				"north": {"uv": [5.625, 6.125, 6.375, 6.25], "texture": "#2"},
				"east": {"uv": [8.125, 6.625, 8.25, 6.75], "texture": "#2"},
				"south": {"uv": [6.125, 5.625, 6.875, 5.75], "texture": "#2"},
				"west": {"uv": [6.75, 8.125, 6.875, 8.25], "texture": "#2"},
				"up": {"uv": [6.875, 6, 6.125, 5.875], "texture": "#2"},
				"down": {"uv": [7.125, 0.5, 6.375, 0.625], "texture": "#2"}
			}
		},
		{
			"from": [5.02513, 7.34362, 14.83425],
			"to": [11.02513, 13.34362, 20.83425],
			"rotation": {"angle": -45, "axis": "z", "origin": [8.02513, 10.34362, 17.83425]},
			"faces": {
				"north": {"uv": [0, 0, 0.75, 0.75], "texture": "#2"},
				"east": {"uv": [0, 0.875, 0.75, 1.625], "texture": "#2"},
				"south": {"uv": [0.875, 0, 1.625, 0.75], "texture": "#2"},
				"west": {"uv": [0.875, 0.875, 1.625, 1.625], "texture": "#2"},
				"up": {"uv": [0.75, 2.5, 0, 1.75], "texture": "#2"},
				"down": {"uv": [2.5, 0, 1.75, 0.75], "texture": "#2"}
			}
		},
		{
			"from": [12, 6.34362, 13.02359],
			"to": [13, 7.34362, 19.02359],
			"rotation": {"angle": 45, "axis": "y", "origin": [8, 6.84362, 16.02359]},
			"faces": {
				"north": {"uv": [8.125, 6.875, 8.25, 7], "texture": "#2"},
				"east": {"uv": [6.375, 0.75, 7.125, 0.875], "texture": "#2"},
				"south": {"uv": [8.125, 7.125, 8.25, 7.25], "texture": "#2"},
				"west": {"uv": [6.375, 2.125, 7.125, 2.25], "texture": "#2"},
				"up": {"uv": [1.375, 7, 1.25, 6.25], "texture": "#2"},
				"down": {"uv": [1.625, 6.25, 1.5, 7], "texture": "#2"}
			}
		},
		{
			"from": [4.29289, 6.34362, 17.90227],
			"to": [10.29289, 7.34362, 18.90227],
			"rotation": {"angle": 45, "axis": "y", "origin": [7.29289, 6.84362, 13.90227]},
			"faces": {
				"north": {"uv": [2.75, 6.375, 3.5, 6.5], "texture": "#2"},
				"east": {"uv": [8.125, 7.375, 8.25, 7.5], "texture": "#2"},
				"south": {"uv": [6.375, 4.875, 7.125, 5], "texture": "#2"},
				"west": {"uv": [8.125, 7.875, 8.25, 8], "texture": "#2"},
				"up": {"uv": [7.125, 5.25, 6.375, 5.125], "texture": "#2"},
				"down": {"uv": [7.125, 5.375, 6.375, 5.5], "texture": "#2"}
			}
		},
		{
			"from": [7.54289, 4.87585, 17.78425],
			"to": [8.54289, 5.87585, 20.78425],
			"rotation": {"angle": 45, "axis": "x", "origin": [7.79289, 5.07585, 20.08425]},
			"faces": {
				"north": {"uv": [8.125, 8.125, 8.25, 8.25], "texture": "#2"},
				"east": {"uv": [7.25, 7.5, 7.625, 7.625], "texture": "#2"},
				"south": {"uv": [8.25, 0, 8.375, 0.125], "texture": "#2"},
				"west": {"uv": [0, 7.625, 0.375, 7.75], "texture": "#2"},
				"up": {"uv": [7.75, 1.75, 7.625, 1.375], "texture": "#2"},
				"down": {"uv": [1.75, 7.625, 1.625, 8], "texture": "#2"}
			}
		},
		{
			"from": [3.97827, 1.91112, 12.71756],
			"to": [4.97827, 5.91112, 13.71756],
			"rotation": {"angle": -45, "axis": "z", "origin": [8, 2.3894, 16.41985]},
			"faces": {
				"north": {"uv": [1.125, 7.125, 1.25, 7.625], "texture": "#2"},
				"east": {"uv": [1.375, 7.125, 1.5, 7.625], "texture": "#2"},
				"south": {"uv": [2.625, 7.125, 2.75, 7.625], "texture": "#2"},
				"west": {"uv": [2.875, 7.125, 3, 7.625], "texture": "#2"},
				"up": {"uv": [8.375, 0.375, 8.25, 0.25], "texture": "#2"},
				"down": {"uv": [0.875, 8.25, 0.75, 8.375], "texture": "#2"}
			}
		},
		{
			"from": [4.81802, 1.49508, 12.23836],
			"to": [5.81802, 2.49508, 19.23836],
			"rotation": {"angle": 45, "axis": "x", "origin": [8, 2.3894, 16.41985]},
			"faces": {
				"north": {"uv": [1, 8.25, 1.125, 8.375], "texture": "#2"},
				"east": {"uv": [5.375, 5.125, 6.25, 5.25], "texture": "#2"},
				"south": {"uv": [8.25, 1, 8.375, 1.125], "texture": "#2"},
				"west": {"uv": [5.375, 5.375, 6.25, 5.5], "texture": "#2"},
				"up": {"uv": [3.375, 6.25, 3.25, 5.375], "texture": "#2"},
				"down": {"uv": [2.125, 5.5, 2, 6.375], "texture": "#2"}
			}
		},
		{
			"from": [5.5, 1.74508, 18.48836],
			"to": [10.5, 2.24508, 18.98836],
			"rotation": {"angle": 45, "axis": "x", "origin": [8.18198, 2.3894, 16.41985]},
			"faces": {
				"north": {"uv": [7.75, 1.875, 8.375, 1.9375], "texture": "#2"},
				"east": {"uv": [3.125, 8.25, 3.1875, 8.3125], "texture": "#2"},
				"south": {"uv": [7.75, 2.5, 8.375, 2.5625], "texture": "#2"},
				"west": {"uv": [3.375, 8.25, 3.4375, 8.3125], "texture": "#2"},
				"up": {"uv": [5, 7.8125, 4.375, 7.75], "texture": "#2"},
				"down": {"uv": [6, 7.75, 5.375, 7.8125], "texture": "#2"}
			}
		},
		{
			"from": [10.18198, 1.49508, 12.23836],
			"to": [11.18198, 2.49508, 19.23836],
			"rotation": {"angle": 45, "axis": "x", "origin": [8, 2.3894, 16.41985]},
			"faces": {
				"north": {"uv": [1.25, 8.25, 1.375, 8.375], "texture": "#2"},
				"east": {"uv": [5.5, 2.375, 6.375, 2.5], "texture": "#2"},
				"south": {"uv": [8.25, 1.25, 8.375, 1.375], "texture": "#2"},
				"west": {"uv": [5.5, 2.625, 6.375, 2.75], "texture": "#2"},
				"up": {"uv": [2.375, 6.375, 2.25, 5.5], "texture": "#2"},
				"down": {"uv": [4.5, 5.5, 4.375, 6.375], "texture": "#2"}
			}
		},
		{
			"from": [11.02173, 1.91112, 12.71756],
			"to": [12.02173, 5.91112, 13.71756],
			"rotation": {"angle": 45, "axis": "z", "origin": [8, 2.3894, 16.41985]},
			"faces": {
				"north": {"uv": [3.125, 7.125, 3.25, 7.625], "texture": "#2"},
				"east": {"uv": [5.5, 7.125, 5.625, 7.625], "texture": "#2"},
				"south": {"uv": [5.75, 7.125, 5.875, 7.625], "texture": "#2"},
				"west": {"uv": [6, 7.125, 6.125, 7.625], "texture": "#2"},
				"up": {"uv": [8.375, 1.625, 8.25, 1.5], "texture": "#2"},
				"down": {"uv": [8.375, 2.125, 8.25, 2.25], "texture": "#2"}
			}
		},
		{
			"from": [7.5, 0.97908, 10.33831],
			"to": [8.5, 1.97908, 14.33831],
			"rotation": {"angle": 45, "axis": "x", "origin": [8, 2.3894, 16.41985]},
			"faces": {
				"north": {"uv": [2.625, 8.25, 2.75, 8.375], "texture": "#2"},
				"east": {"uv": [7, 3.375, 7.5, 3.5], "texture": "#2"},
				"south": {"uv": [2.875, 8.25, 3, 8.375], "texture": "#2"},
				"west": {"uv": [7, 3.625, 7.5, 3.75], "texture": "#2"},
				"up": {"uv": [6.375, 7.625, 6.25, 7.125], "texture": "#2"},
				"down": {"uv": [6.625, 7.125, 6.5, 7.625], "texture": "#2"}
			}
		},
		{
			"from": [5.5, 5.39956, 7.07942],
			"to": [10.5, 7.39956, 13.07942],
			"rotation": {"angle": 0, "axis": "x", "origin": [8, 5.89956, 2.82942]},
			"faces": {
				"north": {"uv": [4.625, 1.125, 5.25, 1.375], "texture": "#2"},
				"east": {"uv": [3.75, 1.625, 4.5, 1.875], "texture": "#2"},
				"south": {"uv": [4.625, 1.5, 5.25, 1.75], "texture": "#2"},
				"west": {"uv": [4, 2, 4.75, 2.25], "texture": "#2"},
				"up": {"uv": [1.5, 2.5, 0.875, 1.75], "texture": "#2"},
				"down": {"uv": [2.375, 0.875, 1.75, 1.625], "texture": "#2"}
			}
		},
		{
			"from": [5, 4.89956, 11.07942],
			"to": [11, 7.89956, 12.07942],
			"rotation": {"angle": 0, "axis": "x", "origin": [8, 5.89956, 2.82942]},
			"faces": {
				"north": {"uv": [2, 3, 2.75, 3.375], "texture": "#2"},
				"east": {"uv": [1.875, 7.625, 2, 8], "texture": "#2"},
				"south": {"uv": [2.875, 3, 3.625, 3.375], "texture": "#2"},
				"west": {"uv": [2.125, 7.625, 2.25, 8], "texture": "#2"},
				"up": {"uv": [6.375, 6.5, 5.625, 6.375], "texture": "#2"},
				"down": {"uv": [7.25, 2.375, 6.5, 2.5], "texture": "#2"}
			}
		},
		{
			"from": [5.505, 5.59694, 12.11725],
			"to": [10.495, 10.58694, 14.10725],
			"rotation": {"angle": 22.5, "axis": "x", "origin": [8, 8.09194, 13.11225]},
			"faces": {
				"north": {"uv": [1.625, 1.75, 2.25, 2.375], "texture": "#2"},
				"east": {"uv": [2.75, 4.625, 3, 5.25], "texture": "#2"},
				"south": {"uv": [2.375, 1.75, 3, 2.375], "texture": "#2"},
				"west": {"uv": [3.125, 4.625, 3.375, 5.25], "texture": "#2"},
				"up": {"uv": [5, 4.875, 4.375, 4.625], "texture": "#2"},
				"down": {"uv": [5.375, 2.375, 4.75, 2.625], "texture": "#2"}
			}
		},
		{
			"from": [6.5, 10.59194, 12.11225],
			"to": [9.5, 11.59194, 14.11225],
			"rotation": {"angle": 22.5, "axis": "x", "origin": [8, 8.09194, 13.11225]},
			"faces": {
				"north": {"uv": [7.625, 2.875, 8, 3], "texture": "#2"},
				"east": {"uv": [6.75, 7.875, 7, 8], "texture": "#2"},
				"south": {"uv": [7.625, 3.125, 8, 3.25], "texture": "#2"},
				"west": {"uv": [8, 0.5, 8.25, 0.625], "texture": "#2"},
				"up": {"uv": [4, 6.625, 3.625, 6.375], "texture": "#2"},
				"down": {"uv": [5, 6.375, 4.625, 6.625], "texture": "#2"}
			}
		},
		{
			"from": [6.5, 4, -0.75],
			"to": [9.5, 7, 6.25],
			"rotation": {"angle": 45, "axis": "z", "origin": [8, 5.5, 6.75]},
			"faces": {
				"north": {"uv": [3.5, 5.25, 3.875, 5.625], "texture": "#2"},
				"east": {"uv": [2.5, 0.875, 3.375, 1.25], "texture": "#2"},
				"south": {"uv": [5.25, 3.75, 5.625, 4.125], "texture": "#2"},
				"west": {"uv": [1.625, 2.5, 2.5, 2.875], "texture": "#2"},
				"up": {"uv": [0.375, 3.5, 0, 2.625], "texture": "#2"},
				"down": {"uv": [0.875, 2.625, 0.5, 3.5], "texture": "#2"}
			}
		},
		{
			"from": [7.005, -0.46202, -7.67672],
			"to": [8.995, 2.52798, -6.68672],
			"rotation": {"angle": 22.5, "axis": "x", "origin": [8, 1.53298, -6.33654]},
			"faces": {
				"north": {"uv": [4.5, 6.75, 4.75, 7.125], "texture": "#2"},
				"east": {"uv": [2.625, 7.75, 2.75, 8.125], "texture": "#2"},
				"south": {"uv": [6.75, 6.625, 7, 7], "texture": "#2"},
				"west": {"uv": [2.875, 7.75, 3, 8.125], "texture": "#2"},
				"up": {"uv": [6.375, 8.125, 6.125, 8], "texture": "#2"},
				"down": {"uv": [7.375, 8, 7.125, 8.125], "texture": "#2"}
			}
		},
		{
			"from": [7, 1.9745, -6.2562],
			"to": [9, 2.9745, -3.2562],
			"rotation": {"angle": -22.5, "axis": "x", "origin": [8, 0.6091, -6.71922]},
			"faces": {
				"north": {"uv": [8, 5.375, 8.25, 5.5], "texture": "#2"},
				"east": {"uv": [1, 7.75, 1.375, 7.875], "texture": "#2"},
				"south": {"uv": [5.75, 8, 6, 8.125], "texture": "#2"},
				"west": {"uv": [7.75, 1, 8.125, 1.125], "texture": "#2"},
				"up": {"uv": [6.625, 7, 6.375, 6.625], "texture": "#2"},
				"down": {"uv": [3.75, 6.75, 3.5, 7.125], "texture": "#2"}
			}
		},
		{
			"from": [7.005, 2.62741, -6.92],
			"to": [8.995, 3.61741, -3.93],
			"rotation": {"angle": 22.5, "axis": "x", "origin": [8.5, -2.41312, -4.425]},
			"faces": {
				"north": {"uv": [8, 0.75, 8.25, 0.875], "texture": "#2"},
				"east": {"uv": [7.625, 3.375, 8, 3.5], "texture": "#2"},
				"south": {"uv": [1, 8, 1.25, 8.125], "texture": "#2"},
				"west": {"uv": [7.625, 3.625, 8, 3.75], "texture": "#2"},
				"up": {"uv": [0.875, 6.75, 0.625, 6.375], "texture": "#2"},
				"down": {"uv": [0.25, 6.5, 0, 6.875], "texture": "#2"}
			}
		},
		{
			"from": [7, -2.14776, -1.23723],
			"to": [9, 0.85224, -0.23723],
			"rotation": {"angle": -22.5, "axis": "x", "origin": [8.5, -1.64776, -6.27276]},
			"faces": {
				"north": {"uv": [5.625, 6.625, 5.875, 7], "texture": "#2"},
				"east": {"uv": [5.125, 7.625, 5.25, 8], "texture": "#2"},
				"south": {"uv": [6, 6.625, 6.25, 7], "texture": "#2"},
				"west": {"uv": [7.75, 0.5, 7.875, 0.875], "texture": "#2"},
				"up": {"uv": [8.25, 5.25, 8, 5.125], "texture": "#2"},
				"down": {"uv": [5.625, 8, 5.375, 8.125], "texture": "#2"}
			}
		},
		{
			"from": [7.005, -0.295, -1.99759],
			"to": [8.995, 2.695, -1.00759],
			"rotation": {"angle": 22.5, "axis": "x", "origin": [8.5, 0.2, -7.03812]},
			"faces": {
				"north": {"uv": [2, 6.5, 2.25, 6.875], "texture": "#2"},
				"east": {"uv": [2.375, 7.625, 2.5, 8], "texture": "#2"},
				"south": {"uv": [2.375, 6.5, 2.625, 6.875], "texture": "#2"},
				"west": {"uv": [4.125, 7.625, 4.25, 8], "texture": "#2"},
				"up": {"uv": [8.25, 4.25, 8, 4.125], "texture": "#2"},
				"down": {"uv": [4.625, 8, 4.375, 8.125], "texture": "#2"}
			}
		},
		{
			"from": [7, -3.98777, -6.77276],
			"to": [9, -2.98777, -3.77276],
			"rotation": {"angle": -22.5, "axis": "x", "origin": [8.5, 2.04776, -6.27276]},
			"faces": {
				"north": {"uv": [8, 4.375, 8.25, 4.5], "texture": "#2"},
				"east": {"uv": [7.625, 6.375, 8, 6.5], "texture": "#2"},
				"south": {"uv": [8, 4.625, 8.25, 4.75], "texture": "#2"},
				"west": {"uv": [7.625, 6.625, 8, 6.75], "texture": "#2"},
				"up": {"uv": [4.375, 6.875, 4.125, 6.5], "texture": "#2"},
				"down": {"uv": [6.75, 6.125, 6.5, 6.5], "texture": "#2"}
			}
		},
		{
			"from": [7.005, -3.21741, -4.92],
			"to": [8.995, -2.22741, -1.93],
			"rotation": {"angle": 22.5, "axis": "x", "origin": [8.5, 2.81312, -4.425]},
			"faces": {
				"north": {"uv": [4.75, 8, 5, 8.125], "texture": "#2"},
				"east": {"uv": [6.75, 7.625, 7.125, 7.75], "texture": "#2"},
				"south": {"uv": [8, 4.875, 8.25, 5], "texture": "#2"},
				"west": {"uv": [7.75, 0.25, 8.125, 0.375], "texture": "#2"},
				"up": {"uv": [3, 7, 2.75, 6.625], "texture": "#2"},
				"down": {"uv": [3.375, 6.625, 3.125, 7], "texture": "#2"}
			}
		},
		{
			"from": [7, -2.00617, -9.08462],
			"to": [9, 0.99383, -8.08462],
			"rotation": {"angle": -22.5, "axis": "x", "origin": [8, 2.45686, -6.71922]},
			"faces": {
				"north": {"uv": [0.375, 6.875, 0.625, 7.25], "texture": "#2"},
				"east": {"uv": [3.125, 7.75, 3.25, 8.125], "texture": "#2"},
				"south": {"uv": [6.875, 1, 7.125, 1.375], "texture": "#2"},
				"west": {"uv": [3.375, 7.75, 3.5, 8.125], "texture": "#2"},
				"up": {"uv": [7.75, 8.125, 7.5, 8], "texture": "#2"},
				"down": {"uv": [8.25, 7.625, 8, 7.75], "texture": "#2"}
			}
		},
		{
			"from": [7.125, -2.675, -7.3],
			"to": [8.875, 3.075, -1.55],
			"rotation": {"angle": 0, "axis": "y", "origin": [7.375, 0.075, -4.3]},
			"faces": {
				"east": {"uv": [0, 0, 16, 16], "texture": "#1"},
				"west": {"uv": [0, 0, 16, 16], "texture": "#1"}
			}
		},
		{
			"from": [7.005, -0.46202, 14.74828],
			"to": [8.995, 2.52798, 15.73828],
			"rotation": {"angle": 22.5, "axis": "x", "origin": [8, 1.53298, 16.08846]},
			"faces": {
				"north": {"uv": [3.125, 2, 3.375, 2.375], "texture": "#2"},
				"east": {"uv": [7, 5.625, 7.125, 6], "texture": "#2"},
				"south": {"uv": [4.625, 5.5, 4.875, 5.875], "texture": "#2"},
				"west": {"uv": [7.125, 6.5, 7.25, 6.875], "texture": "#2"},
				"up": {"uv": [5, 4.5, 4.75, 4.375], "texture": "#2"},
				"down": {"uv": [8, 5.625, 7.75, 5.75], "texture": "#2"}
			}
		},
		{
			"from": [7, 1.9745, 16.1688],
			"to": [9, 2.9745, 19.1688],
			"rotation": {"angle": -22.5, "axis": "x", "origin": [8, 0.6091, 15.70578]},
			"faces": {
				"north": {"uv": [7.75, 5.875, 8, 6], "texture": "#2"},
				"east": {"uv": [6.75, 7.125, 7.125, 7.25], "texture": "#2"},
				"south": {"uv": [6.125, 7.75, 6.375, 7.875], "texture": "#2"},
				"west": {"uv": [7.25, 0.375, 7.625, 0.5], "texture": "#2"},
				"up": {"uv": [5.25, 5.875, 5, 5.5], "texture": "#2"},
				"down": {"uv": [1.25, 5.625, 1, 6], "texture": "#2"}
			}
		},
		{
			"from": [7.005, 2.62741, 15.505],
			"to": [8.995, 3.61741, 18.495],
			"rotation": {"angle": 22.5, "axis": "x", "origin": [8.5, -2.41312, 18]},
			"faces": {
				"north": {"uv": [7.75, 6.125, 8, 6.25], "texture": "#2"},
				"east": {"uv": [7.25, 0.625, 7.625, 0.75], "texture": "#2"},
				"south": {"uv": [7.75, 6.875, 8, 7], "texture": "#2"},
				"west": {"uv": [7.25, 0.875, 7.625, 1], "texture": "#2"},
				"up": {"uv": [5.875, 1.5, 5.625, 1.125], "texture": "#2"},
				"down": {"uv": [5.875, 1.625, 5.625, 2], "texture": "#2"}
			}
		},
		{
			"from": [7, -2.14776, 21.18777],
			"to": [9, 0.85224, 22.18777],
			"rotation": {"angle": -22.5, "axis": "x", "origin": [8.5, -1.64776, 16.15224]},
			"faces": {
				"north": {"uv": [5.625, 4.25, 5.875, 4.625], "texture": "#2"},
				"east": {"uv": [3.375, 7.25, 3.5, 7.625], "texture": "#2"},
				"south": {"uv": [5.375, 5.625, 5.625, 6], "texture": "#2"},
				"west": {"uv": [3.625, 7.25, 3.75, 7.625], "texture": "#2"},
				"up": {"uv": [8, 7.25, 7.75, 7.125], "texture": "#2"},
				"down": {"uv": [7.5, 7.75, 7.25, 7.875], "texture": "#2"}
			}
		},
		{
			"from": [7.005, -0.295, 20.42741],
			"to": [8.995, 2.695, 21.41741],
			"rotation": {"angle": 22.5, "axis": "x", "origin": [8.5, 0.2, 15.38688]},
			"faces": {
				"north": {"uv": [5.75, 0, 6, 0.375], "texture": "#2"},
				"east": {"uv": [7.25, 4.125, 7.375, 4.5], "texture": "#2"},
				"south": {"uv": [1.375, 5.75, 1.625, 6.125], "texture": "#2"},
				"west": {"uv": [4.375, 7.25, 4.5, 7.625], "texture": "#2"},
				"up": {"uv": [8, 7.5, 7.75, 7.375], "texture": "#2"},
				"down": {"uv": [7.875, 7.75, 7.625, 7.875], "texture": "#2"}
			}
		},
		{
			"from": [7, -3.98777, 15.65224],
			"to": [9, -2.98777, 18.65224],
			"rotation": {"angle": -22.5, "axis": "x", "origin": [8.5, 2.04776, 16.15224]},
			"faces": {
				"north": {"uv": [0, 7.875, 0.25, 8], "texture": "#2"},
				"east": {"uv": [7.25, 1.125, 7.625, 1.25], "texture": "#2"},
				"south": {"uv": [7.875, 0, 8.125, 0.125], "texture": "#2"},
				"west": {"uv": [7.25, 2, 7.625, 2.125], "texture": "#2"},
				"up": {"uv": [6, 3.25, 5.75, 2.875], "texture": "#2"},
				"down": {"uv": [6, 3.375, 5.75, 3.75], "texture": "#2"}
			}
		},
		{
			"from": [7.005, -3.21741, 17.505],
			"to": [8.995, -2.22741, 20.495],
			"rotation": {"angle": 22.5, "axis": "x", "origin": [8.5, 2.81312, 18]},
			"faces": {
				"north": {"uv": [0.375, 7.875, 0.625, 8], "texture": "#2"},
				"east": {"uv": [7.25, 2.625, 7.625, 2.75], "texture": "#2"},
				"south": {"uv": [7.875, 1.25, 8.125, 1.375], "texture": "#2"},
				"west": {"uv": [4.625, 7.25, 5, 7.375], "texture": "#2"},
				"up": {"uv": [3.75, 6.125, 3.5, 5.75], "texture": "#2"},
				"down": {"uv": [6, 5.625, 5.75, 6], "texture": "#2"}
			}
		},
		{
			"from": [7, -2.00617, 13.34038],
			"to": [9, 0.99383, 14.34038],
			"rotation": {"angle": -22.5, "axis": "x", "origin": [8, 2.45686, 15.70578]},
			"faces": {
				"north": {"uv": [3.875, 5.875, 4.125, 6.25], "texture": "#2"},
				"east": {"uv": [7.25, 4.625, 7.375, 5], "texture": "#2"},
				"south": {"uv": [0, 6, 0.25, 6.375], "texture": "#2"},
				"west": {"uv": [7.25, 5.125, 7.375, 5.5], "texture": "#2"},
				"up": {"uv": [8.125, 1.625, 7.875, 1.5], "texture": "#2"},
				"down": {"uv": [8.125, 2.125, 7.875, 2.25], "texture": "#2"}
			}
		},
		{
			"from": [7.125, -2.675, 15.125],
			"to": [8.875, 3.075, 20.875],
			"rotation": {"angle": 0, "axis": "y", "origin": [7.375, 0.075, 18.125]},
			"faces": {
				"east": {"uv": [0, 0, 16, 16], "texture": "#1"},
				"west": {"uv": [0, 0, 16, 16], "texture": "#1"}
			}
		}
	],
	"display": {
		"thirdperson_righthand": {
			"rotation": [75, 45, 0],
			"translation": [0, 2.5, 0],
			"scale": [0.375, 0.375, 0.375]
		},
		"thirdperson_lefthand": {
			"rotation": [75, 45, 0],
			"translation": [0, 2.5, 0],
			"scale": [0.375, 0.375, 0.375]
		},
		"firstperson_righthand": {
			"rotation": [0, 45, 0],
			"scale": [0.4, 0.4, 0.4]
		},
		"firstperson_lefthand": {
			"rotation": [0, 225, 0],
			"scale": [0.4, 0.4, 0.4]
		},
		"ground": {
			"translation": [0, 3, 0],
			"scale": [0.25, 0.25, 0.25]
		},
		"gui": {
			"rotation": [30, 225, 0],
			"translation": [0, 1.5, 0],
			"scale": [0.6, 0.6, 0.6]
		},
		"head": {
			"translation": [0, -14.5, 10.5],
			"scale": [2.5, 2.5, 2.5]
		},
		"fixed": {
			"scale": [0.5, 0.5, 0.5]
		}
	},
	"groups": [
		{
			"name": "group",
			"origin": [8.5, 5, 1],
			"color": 0,
			"children": [0, 1, 2, 3, 4, 5, 6, 7, 8, 9, 10, 11, 12, 13, 14, 15, 16, 17, 18, 19, 20, 21, 22, 23, 24, 25, 26, 27, 28, 29, 30, 31, 32, 33, 34, 35, 36, 37, 38, 39, 40, 41]
		},
		{
			"name": "group",
			"origin": [8, 10.25686, 5.70578],
			"color": 0,
			"children": [42, 43, 44, 45, 46, 47, 48, 49, 50]
		},
		{
			"name": "group",
			"origin": [8, 10.25686, 5.70578],
			"color": 0,
			"children": [51, 52, 53, 54, 55, 56, 57, 58, 59]
		}
	]
}