{
	"credit": "www.sebxter.pl",
	"texture_size": [64, 64],
	"textures": {
		"1": "block/vehiles/car/motorcyle_tire",
		"2": "block/vehiles/car/motorcycle_1"
	},
	"elements": [
		{
			"from": [5.5, 0, -5.25],
			"to": [10.5, 2, -3.25],
			"rotation": {"angle": 45, "axis": "x", "origin": [8.5, 1, -5]},
			"faces": {
				"north": {"uv": [7.25, 6.75, 8.5, 7.25], "texture": "#2"},
				"east": {"uv": [11.5, 5, 12, 5.5], "texture": "#2"},
				"south": {"uv": [6.75, 7.5, 8, 8], "texture": "#2"},
				"west": {"uv": [1.5, 12.75, 2, 13.25], "texture": "#2"},
				"up": {"uv": [1.25, 8.5, 0, 8], "texture": "#2"},
				"down": {"uv": [9.25, 0, 8, 0.5], "texture": "#2"}
			}
		},
		{
			"from": [9.25, 2, -4.75],
			"to": [10.25, 17, -3.75],
			"rotation": {"angle": 45, "axis": "x", "origin": [8.5, 1, -5]},
			"faces": {
				"north": {"uv": [2.25, 5.75, 2.5, 9.5], "texture": "#2"},
				"east": {"uv": [2.75, 5.75, 3, 9.5], "texture": "#2"},
				"south": {"uv": [3.25, 5.75, 3.5, 9.5], "texture": "#2"},
				"west": {"uv": [3.75, 5.75, 4, 9.5], "texture": "#2"},
				"up": {"uv": [5.25, 4.5, 5, 4.25], "texture": "#2"},
				"down": {"uv": [12.25, 0, 12, 0.25], "texture": "#2"}
			}
		},
		{
			"from": [5, 9.86916, 6.42983],
			"to": [11, 11.86916, 8.42983],
			"rotation": {"angle": -22.5, "axis": "x", "origin": [8, 10.36916, 5.42983]},
			"faces": {
				"north": {"uv": [6.25, 0, 7.75, 0.5], "texture": "#2"},
				"east": {"uv": [6.75, 13, 7.25, 13.5], "texture": "#2"},
				"south": {"uv": [7.25, 0.75, 8.75, 1.25], "texture": "#2"},
				"west": {"uv": [10.5, 13, 11, 13.5], "texture": "#2"},
				"up": {"uv": [8.75, 2, 7.25, 1.5], "texture": "#2"},
				"down": {"uv": [8.75, 2.25, 7.25, 2.75], "texture": "#2"}
			}
		},
		{
			"from": [-1.75, 11.17782, 8.46789],
			"to": [4.25, 12.17782, 9.46789],
			"rotation": {"angle": 45, "axis": "y", "origin": [2, 11.67782, 6.46789]},
			"faces": {
				"north": {"uv": [10.75, 3, 12.25, 3.25], "texture": "#2"},
				"east": {"uv": [3.5, 12, 3.75, 12.25], "texture": "#2"},
				"south": {"uv": [10.75, 3.5, 12.25, 3.75], "texture": "#2"},
				"west": {"uv": [9, 12.5, 9.25, 12.75], "texture": "#2"},
				"up": {"uv": [12.25, 6, 10.75, 5.75], "texture": "#2"},
				"down": {"uv": [12.25, 6.25, 10.75, 6.5], "texture": "#2"}
			}
		},
		{
			"from": [11.75, 11.17782, 8.46789],
			"to": [17.75, 12.17782, 9.46789],
			"rotation": {"angle": -45, "axis": "y", "origin": [14, 11.67782, 6.46789]},
			"faces": {
				"north": {"uv": [10.75, 7.25, 12.25, 7.5], "texture": "#2"},
				"east": {"uv": [4, 14.75, 4.25, 15], "texture": "#2"},
				"south": {"uv": [10.75, 7.75, 12.25, 8], "texture": "#2"},
				"west": {"uv": [2.5, 15, 2.75, 15.25], "texture": "#2"},
				"up": {"uv": [12.25, 8.5, 10.75, 8.25], "texture": "#2"},
				"down": {"uv": [12.25, 10, 10.75, 10.25], "texture": "#2"}
			}
		},
		{
			"from": [6.505, 3.45297, -4.76137],
			"to": [9.495, 4.44297, 0.22863],
			"rotation": {"angle": 22.5, "axis": "x", "origin": [9.75, 5.69797, -1.26637]},
			"faces": {
				"north": {"uv": [6.25, 0.75, 7, 1], "texture": "#2"},
				"east": {"uv": [12.5, 8, 13.75, 8.25], "texture": "#2"},
				"south": {"uv": [8, 13.5, 8.75, 13.75], "texture": "#2"},
				"west": {"uv": [12.75, 8.5, 14, 8.75], "texture": "#2"},
				"up": {"uv": [5, 7, 4.25, 5.75], "texture": "#2"},
				"down": {"uv": [7, 2, 6.25, 3.25], "texture": "#2"}
			}
		},
		{
			"from": [6.5, 3.83065, -8.26635],
			"to": [9.5, 4.83065, -5.26635],
			"rotation": {"angle": -22.5, "axis": "x", "origin": [9.75, 6.08065, -7.76635]},
			"faces": {
				"north": {"uv": [9, 13.5, 9.75, 13.75], "texture": "#2"},
				"east": {"uv": [13.5, 10.75, 14.25, 11], "texture": "#2"},
				"south": {"uv": [13.5, 11.25, 14.25, 11.5], "texture": "#2"},
				"west": {"uv": [13.75, 0, 14.5, 0.25], "texture": "#2"},
				"up": {"uv": [7.5, 9.75, 6.75, 9], "texture": "#2"},
				"down": {"uv": [9.75, 7.5, 9, 8.25], "texture": "#2"}
			}
		},
		{
			"from": [6.5, 0.89194, -0.74682],
			"to": [9.5, 3.89194, 0.25318],
			"rotation": {"angle": -22.5, "axis": "x", "origin": [8.5, 2.39194, -0.24682]},
			"faces": {
				"north": {"uv": [7.75, 9, 8.5, 9.75], "texture": "#2"},
				"east": {"uv": [5.75, 2, 6, 2.75], "texture": "#2"},
				"south": {"uv": [9, 8.5, 9.75, 9.25], "texture": "#2"},
				"west": {"uv": [6, 13.5, 6.25, 14.25], "texture": "#2"},
				"up": {"uv": [14.5, 0.75, 13.75, 0.5], "texture": "#2"},
				"down": {"uv": [14.5, 5.25, 13.75, 5.5], "texture": "#2"}
			}
		},
		{
			"from": [6.5, -0.00747, 17.45453],
			"to": [9.5, 2.99253, 18.45453],
			"rotation": {"angle": 22.5, "axis": "x", "origin": [8, 3.97578, 20.00682]},
			"faces": {
				"north": {"uv": [0, 9.5, 0.75, 10.25], "texture": "#2"},
				"east": {"uv": [10, 13.5, 10.25, 14.25], "texture": "#2"},
				"south": {"uv": [1, 9.5, 1.75, 10.25], "texture": "#2"},
				"west": {"uv": [4, 13.75, 4.25, 14.5], "texture": "#2"},
				"up": {"uv": [14.5, 6, 13.75, 5.75], "texture": "#2"},
				"down": {"uv": [14.5, 6.25, 13.75, 6.5], "texture": "#2"}
			}
		},
		{
			"from": [6.5, 4.08526, 17.50682],
			"to": [9.5, 5.08526, 22.50682],
			"rotation": {"angle": -22.5, "axis": "x", "origin": [8, 3.97578, 20.00682]},
			"faces": {
				"north": {"uv": [6.5, 13.75, 7.25, 14], "texture": "#2"},
				"east": {"uv": [12.75, 9, 14, 9.25], "texture": "#2"},
				"south": {"uv": [13.75, 6.75, 14.5, 7], "texture": "#2"},
				"west": {"uv": [9, 13, 10.25, 13.25], "texture": "#2"},
				"up": {"uv": [0.75, 7.75, 0, 6.5], "texture": "#2"},
				"down": {"uv": [1.75, 6.5, 1, 7.75], "texture": "#2"}
			}
		},
		{
			"from": [6.5, 5.52807, 20.99007],
			"to": [9.5, 6.52807, 23.99007],
			"rotation": {"angle": 22.5, "axis": "x", "origin": [8, 3.97578, 20.00682]},
			"faces": {
				"north": {"uv": [13.75, 7.25, 14.5, 7.5], "texture": "#2"},
				"east": {"uv": [13.75, 9.5, 14.5, 9.75], "texture": "#2"},
				"south": {"uv": [13.75, 10, 14.5, 10.25], "texture": "#2"},
				"west": {"uv": [13.75, 11.75, 14.5, 12], "texture": "#2"},
				"up": {"uv": [9.5, 10.25, 8.75, 9.5], "texture": "#2"},
				"down": {"uv": [2.75, 9.75, 2, 10.5], "texture": "#2"}
			}
		},
		{
			"from": [6, 4.68718, 3.74784],
			"to": [7, 8.68718, 4.74784],
			"rotation": {"angle": 22.5, "axis": "z", "origin": [6.25, 7.18718, 0.24784]},
			"faces": {
				"north": {"uv": [3.5, 10.75, 3.75, 11.75], "texture": "#2"},
				"east": {"uv": [4, 12.5, 4.25, 13.5], "texture": "#2"},
				"south": {"uv": [13, 10.75, 13.25, 11.75], "texture": "#2"},
				"west": {"uv": [11.25, 13, 11.5, 14], "texture": "#2"},
				"up": {"uv": [4.25, 15.5, 4, 15.25], "texture": "#2"},
				"down": {"uv": [10, 15.25, 9.75, 15.5], "texture": "#2"}
			}
		},
		{
			"from": [9, 4.68718, 3.74784],
			"to": [10, 8.68718, 4.74784],
			"rotation": {"angle": -22.5, "axis": "z", "origin": [9.75, 7.18718, 2.24784]},
			"faces": {
				"north": {"uv": [11.75, 13, 12, 14], "texture": "#2"},
				"east": {"uv": [12.25, 13, 12.5, 14], "texture": "#2"},
				"south": {"uv": [12.75, 13, 13, 14], "texture": "#2"},
				"west": {"uv": [13.25, 0, 13.5, 1], "texture": "#2"},
				"up": {"uv": [10.5, 15.5, 10.25, 15.25], "texture": "#2"},
				"down": {"uv": [11, 15.25, 10.75, 15.5], "texture": "#2"}
			}
		},
		{
			"from": [5.75, 2, -4.75],
			"to": [6.75, 17, -3.75],
			"rotation": {"angle": 45, "axis": "x", "origin": [8.5, 1, -5]},
			"faces": {
				"north": {"uv": [6.75, 3.5, 7, 7.25], "texture": "#2"},
				"east": {"uv": [5.25, 6.75, 5.5, 10.5], "texture": "#2"},
				"south": {"uv": [5.75, 6.75, 6, 10.5], "texture": "#2"},
				"west": {"uv": [6.25, 6.75, 6.5, 10.5], "texture": "#2"},
				"up": {"uv": [11.5, 15.5, 11.25, 15.25], "texture": "#2"},
				"down": {"uv": [12, 15.25, 11.75, 15.5], "texture": "#2"}
			}
		},
		{
			"from": [6.5, 4.56586, -0.37348],
			"to": [9.5, 5.56586, 0.62652],
			"rotation": {"angle": 0, "axis": "x", "origin": [8, 5.06586, 0.12652]},
			"faces": {
				"north": {"uv": [13.75, 12.25, 14.5, 12.5], "texture": "#2"},
				"east": {"uv": [12.25, 15.25, 12.5, 15.5], "texture": "#2"},
				"south": {"uv": [13.75, 12.75, 14.5, 13], "texture": "#2"},
				"west": {"uv": [13.75, 15.25, 14, 15.5], "texture": "#2"},
				"up": {"uv": [14.5, 13.5, 13.75, 13.25], "texture": "#2"},
				"down": {"uv": [14.5, 13.75, 13.75, 14], "texture": "#2"}
			}
		},
		{
			"from": [7.5, 4.56587, -0.62348],
			"to": [8.5, 5.56587, 6.37652],
			"rotation": {"angle": 45, "axis": "x", "origin": [8, 5.06587, -0.87348]},
			"faces": {
				"north": {"uv": [14.25, 15.25, 14.5, 15.5], "texture": "#2"},
				"east": {"uv": [9.75, 4, 11.5, 4.25], "texture": "#2"},
				"south": {"uv": [15.5, 0.5, 15.75, 0.75], "texture": "#2"},
				"west": {"uv": [10.25, 6.75, 12, 7], "texture": "#2"},
				"up": {"uv": [10.5, 11.75, 10.25, 10], "texture": "#2"},
				"down": {"uv": [0.25, 10.5, 0, 12.25], "texture": "#2"}
			}
		},
		{
			"from": [7.505, -0.40921, 3.90449],
			"to": [8.495, 0.58079, 10.89449],
			"rotation": {"angle": 0, "axis": "x", "origin": [8, 0.08579, 2.64949]},
			"faces": {
				"north": {"uv": [15.5, 1, 15.75, 1.25], "texture": "#2"},
				"east": {"uv": [10.5, 0.5, 12.25, 0.75], "texture": "#2"},
				"south": {"uv": [1.5, 15.5, 1.75, 15.75], "texture": "#2"},
				"west": {"uv": [10.5, 1, 12.25, 1.25], "texture": "#2"},
				"up": {"uv": [0.75, 12.25, 0.5, 10.5], "texture": "#2"},
				"down": {"uv": [1.25, 10.5, 1, 12.25], "texture": "#2"}
			}
		},
		{
			"from": [6.5, 0.33579, 4.89949],
			"to": [9.5, 3.33579, 10.89949],
			"rotation": {"angle": 45, "axis": "z", "origin": [8, 1.83579, 7.39949]},
			"faces": {
				"north": {"uv": [3, 9.75, 3.75, 10.5], "texture": "#2"},
				"east": {"uv": [1, 3.75, 2.5, 4.5], "texture": "#2"},
				"south": {"uv": [9.75, 3, 10.5, 3.75], "texture": "#2"},
				"west": {"uv": [4, 2, 5.5, 2.75], "texture": "#2"},
				"up": {"uv": [3.5, 5.5, 2.75, 4], "texture": "#2"},
				"down": {"uv": [4.75, 3, 4, 4.5], "texture": "#2"}
			}
		},
		{
			"from": [6, 0.33579, 4.89949],
			"to": [7, 1.33579, 10.89949],
			"rotation": {"angle": -22.5, "axis": "y", "origin": [7, 0.83579, 7.39949]},
			"faces": {
				"north": {"uv": [15.5, 1.5, 15.75, 1.75], "texture": "#2"},
				"east": {"uv": [10.75, 10.5, 12.25, 10.75], "texture": "#2"},
				"south": {"uv": [2, 15.5, 2.25, 15.75], "texture": "#2"},
				"west": {"uv": [5.25, 11, 6.75, 11.25], "texture": "#2"},
				"up": {"uv": [2.75, 12.25, 2.5, 10.75], "texture": "#2"},
				"down": {"uv": [3.25, 10.75, 3, 12.25], "texture": "#2"}
			}
		},
		{
			"from": [4.73673, 0.33579, 10.25039],
			"to": [5.73673, 1.33579, 12.25039],
			"rotation": {"angle": 0, "axis": "y", "origin": [5.73673, 0.83579, 12.75039]},
			"faces": {
				"north": {"uv": [2.5, 15.5, 2.75, 15.75], "texture": "#2"},
				"east": {"uv": [11.75, 4, 12.25, 4.25], "texture": "#2"},
				"south": {"uv": [15.5, 2.5, 15.75, 2.75], "texture": "#2"},
				"west": {"uv": [13, 14.5, 13.5, 14.75], "texture": "#2"},
				"up": {"uv": [6.5, 4, 6.25, 3.5], "texture": "#2"},
				"down": {"uv": [8.75, 14.5, 8.5, 15], "texture": "#2"}
			}
		},
		{
			"from": [4.23673, -0.16421, 12.25039],
			"to": [6.23673, 1.83579, 17.25039],
			"rotation": {"angle": 45, "axis": "z", "origin": [5.23673, 0.83579, 14.75039]},
			"faces": {
				"north": {"uv": [13.25, 1.25, 13.75, 1.75], "texture": "#2"},
				"east": {"uv": [8.25, 3, 9.5, 3.5], "texture": "#2"},
				"south": {"uv": [13.25, 2, 13.75, 2.5], "texture": "#2"},
				"west": {"uv": [8.25, 3.75, 9.5, 4.25], "texture": "#2"},
				"up": {"uv": [2, 9.25, 1.5, 8], "texture": "#2"},
				"down": {"uv": [8.75, 4.5, 8.25, 5.75], "texture": "#2"}
			}
		},
		{
			"from": [7, 1.58579, 2.89949],
			"to": [9, 5.58579, 6.89949],
			"rotation": {"angle": 22.5, "axis": "x", "origin": [8, 3.58579, 4.89949]},
			"faces": {
				"north": {"uv": [4.5, 10, 5, 11], "texture": "#2"},
				"east": {"uv": [5, 0, 6, 1], "texture": "#2"},
				"south": {"uv": [10, 7.5, 10.5, 8.5], "texture": "#2"},
				"west": {"uv": [5, 3, 6, 4], "texture": "#2"},
				"up": {"uv": [8.25, 11, 7.75, 10], "texture": "#2"},
				"down": {"uv": [10.75, 8.75, 10.25, 9.75], "texture": "#2"}
			}
		},
		{
			"from": [6.5, 1.90281, 7.36038],
			"to": [9.5, 5.90281, 11.36038],
			"rotation": {"angle": -22.5, "axis": "x", "origin": [7.5, 3.90281, 9.36038]},
			"faces": {
				"north": {"uv": [7.25, 3, 8, 4], "texture": "#2"},
				"east": {"uv": [5.5, 4.25, 6.5, 5.25], "texture": "#2"},
				"south": {"uv": [4.25, 7.25, 5, 8.25], "texture": "#2"},
				"west": {"uv": [5.5, 5.5, 6.5, 6.5], "texture": "#2"},
				"up": {"uv": [8, 5.25, 7.25, 4.25], "texture": "#2"},
				"down": {"uv": [8, 5.5, 7.25, 6.5], "texture": "#2"}
			}
		},
		{
			"from": [7, 3.05086, 11.13202],
			"to": [9, 5.05086, 16.13202],
			"rotation": {"angle": 45, "axis": "z", "origin": [8, 4.05086, 13.63202]},
			"faces": {
				"north": {"uv": [13.25, 2.75, 13.75, 3.25], "texture": "#2"},
				"east": {"uv": [8.25, 6, 9.5, 6.5], "texture": "#2"},
				"south": {"uv": [13.25, 3.5, 13.75, 4], "texture": "#2"},
				"west": {"uv": [6.75, 8.25, 8, 8.75], "texture": "#2"},
				"up": {"uv": [8.75, 8.75, 8.25, 7.5], "texture": "#2"},
				"down": {"uv": [4.75, 8.5, 4.25, 9.75], "texture": "#2"}
			}
		},
		{
			"from": [7.5, 2.62132, 9.22792],
			"to": [8.5, 3.62132, 18.22792],
			"rotation": {"angle": -45, "axis": "x", "origin": [8, 3.12132, 13.72792]},
			"faces": {
				"north": {"uv": [3, 15.5, 3.25, 15.75], "texture": "#2"},
				"east": {"uv": [9, 5.25, 11.25, 5.5], "texture": "#2"},
				"south": {"uv": [15.5, 3, 15.75, 3.25], "texture": "#2"},
				"west": {"uv": [9.5, 0, 11.75, 0.25], "texture": "#2"},
				"up": {"uv": [10, 11.75, 9.75, 9.5], "texture": "#2"},
				"down": {"uv": [4.25, 10, 4, 12.25], "texture": "#2"}
			}
		},
		{
			"from": [7.5, 7.29144, 15.46756],
			"to": [8.5, 8.29144, 19.46756],
			"rotation": {"angle": 22.5, "axis": "x", "origin": [8, 4.54144, 11.71756]},
			"faces": {
				"north": {"uv": [3.5, 15.5, 3.75, 15.75], "texture": "#2"},
				"east": {"uv": [13.25, 4.25, 14.25, 4.5], "texture": "#2"},
				"south": {"uv": [15.5, 4, 15.75, 4.25], "texture": "#2"},
				"west": {"uv": [13.25, 4.75, 14.25, 5], "texture": "#2"},
				"up": {"uv": [4.75, 14.25, 4.5, 13.25], "texture": "#2"},
				"down": {"uv": [13.5, 5.25, 13.25, 6.25], "texture": "#2"}
			}
		},
		{
			"from": [5.5, 2.54144, 15.96756],
			"to": [6.5, 6.54144, 16.96756],
			"rotation": {"angle": -45, "axis": "z", "origin": [8, 4.54144, 11.71756]},
			"faces": {
				"north": {"uv": [13.25, 6.5, 13.5, 7.5], "texture": "#2"},
				"east": {"uv": [7.5, 13.25, 7.75, 14.25], "texture": "#2"},
				"south": {"uv": [13.25, 9.5, 13.5, 10.5], "texture": "#2"},
				"west": {"uv": [13.25, 12, 13.5, 13], "texture": "#2"},
				"up": {"uv": [4.75, 15.75, 4.5, 15.5], "texture": "#2"},
				"down": {"uv": [15.75, 4.5, 15.5, 4.75], "texture": "#2"}
			}
		},
		{
			"from": [4.81802, 2.22635, 16.08592],
			"to": [5.81802, 3.22635, 23.08592],
			"rotation": {"angle": 45, "axis": "x", "origin": [8, 3.47635, 19.08592]},
			"faces": {
				"north": {"uv": [15.5, 5, 15.75, 5.25], "texture": "#2"},
				"east": {"uv": [10.5, 1.5, 12.25, 1.75], "texture": "#2"},
				"south": {"uv": [15.5, 5.5, 15.75, 5.75], "texture": "#2"},
				"west": {"uv": [10.5, 2, 12.25, 2.25], "texture": "#2"},
				"up": {"uv": [1.75, 12.25, 1.5, 10.5], "texture": "#2"},
				"down": {"uv": [8.75, 10.5, 8.5, 12.25], "texture": "#2"}
			}
		},
		{
			"from": [10.18198, 2.22635, 16.08592],
			"to": [11.18198, 3.22635, 23.08592],
			"rotation": {"angle": 45, "axis": "x", "origin": [8, 3.47635, 19.08592]},
			"faces": {
				"north": {"uv": [5.75, 15.5, 6, 15.75], "texture": "#2"},
				"east": {"uv": [10.5, 2.5, 12.25, 2.75], "texture": "#2"},
				"south": {"uv": [15.5, 6, 15.75, 6.25], "texture": "#2"},
				"west": {"uv": [10.5, 4.5, 12.25, 4.75], "texture": "#2"},
				"up": {"uv": [9.25, 12.25, 9, 10.5], "texture": "#2"},
				"down": {"uv": [2.25, 10.75, 2, 12.5], "texture": "#2"}
			}
		},
		{
			"from": [5.68198, 2.47635, 22.33592],
			"to": [10.68198, 2.97635, 22.83592],
			"rotation": {"angle": 45, "axis": "x", "origin": [8, 3.47635, 19.08592]},
			"faces": {
				"north": {"uv": [14.5, 10.5, 15.75, 10.625], "texture": "#2"},
				"east": {"uv": [15.5, 9, 15.625, 9.125], "texture": "#2"},
				"south": {"uv": [14.5, 11, 15.75, 11.125], "texture": "#2"},
				"west": {"uv": [9.25, 15.5, 9.375, 15.625], "texture": "#2"},
				"up": {"uv": [1.25, 14.875, 0, 14.75], "texture": "#2"},
				"down": {"uv": [16, 0, 14.75, 0.125], "texture": "#2"}
			}
		},
		{
			"from": [9.5, 2.54144, 15.96756],
			"to": [10.5, 6.54144, 16.96756],
			"rotation": {"angle": 45, "axis": "z", "origin": [8, 4.54144, 11.71756]},
			"faces": {
				"north": {"uv": [13.25, 13.25, 13.5, 14.25], "texture": "#2"},
				"east": {"uv": [0, 13.5, 0.25, 14.5], "texture": "#2"},
				"south": {"uv": [0.5, 13.5, 0.75, 14.5], "texture": "#2"},
				"west": {"uv": [1, 13.5, 1.25, 14.5], "texture": "#2"},
				"up": {"uv": [15.75, 6.75, 15.5, 6.5], "texture": "#2"},
				"down": {"uv": [15.75, 7, 15.5, 7.25], "texture": "#2"}
			}
		},
		{
			"from": [7.5, 8.55121, 15.97066],
			"to": [8.5, 9.55121, 19.97066],
			"rotation": {"angle": 45, "axis": "x", "origin": [8, 9.05121, 11.72066]},
			"faces": {
				"north": {"uv": [7.25, 15.5, 7.5, 15.75], "texture": "#2"},
				"east": {"uv": [1.5, 13.5, 2.5, 13.75], "texture": "#2"},
				"south": {"uv": [8.75, 15.5, 9, 15.75], "texture": "#2"},
				"west": {"uv": [2.75, 13.5, 3.75, 13.75], "texture": "#2"},
				"up": {"uv": [5.25, 14.5, 5, 13.5], "texture": "#2"},
				"down": {"uv": [5.75, 13.5, 5.5, 14.5], "texture": "#2"}
			}
		},
		{
			"from": [5.505, 5.40456, 9.08442],
			"to": [10.495, 7.39456, 17.07442],
			"rotation": {"angle": 0, "axis": "x", "origin": [8, 5.89956, 6.82942]},
			"faces": {
				"north": {"uv": [0, 8.75, 1.25, 9.25], "texture": "#2"},
				"east": {"uv": [5, 1.25, 7, 1.75], "texture": "#2"},
				"south": {"uv": [8.75, 6.75, 10, 7.25], "texture": "#2"},
				"west": {"uv": [0, 5.75, 2, 6.25], "texture": "#2"},
				"up": {"uv": [1.25, 2, 0, 0], "texture": "#2"},
				"down": {"uv": [2.75, 0, 1.5, 2], "texture": "#2"}
			}
		},
		{
			"from": [5, 4.89956, 14.07942],
			"to": [11, 7.89956, 15.07942],
			"rotation": {"angle": 0, "axis": "x", "origin": [8, 5.89956, 6.82942]},
			"faces": {
				"north": {"uv": [1, 4.75, 2.5, 5.5], "texture": "#2"},
				"east": {"uv": [10.5, 13.75, 10.75, 14.5], "texture": "#2"},
				"south": {"uv": [3.75, 4.75, 5.25, 5.5], "texture": "#2"},
				"west": {"uv": [14, 1, 14.25, 1.75], "texture": "#2"},
				"up": {"uv": [12.5, 9, 11, 8.75], "texture": "#2"},
				"down": {"uv": [12.5, 9.25, 11, 9.5], "texture": "#2"}
			}
		},
		{
			"from": [5.5, 3.66212, 17.38488],
			"to": [10.5, 5.66212, 22.38488],
			"rotation": {"angle": -45, "axis": "x", "origin": [8, 4.16212, 15.13488]},
			"faces": {
				"north": {"uv": [9, 0.75, 10.25, 1.25], "texture": "#2"},
				"east": {"uv": [9, 1.5, 10.25, 2], "texture": "#2"},
				"south": {"uv": [9, 2.25, 10.25, 2.75], "texture": "#2"},
				"west": {"uv": [9, 4.5, 10.25, 5], "texture": "#2"},
				"up": {"uv": [1.25, 3.5, 0, 2.25], "texture": "#2"},
				"down": {"uv": [2.75, 2.25, 1.5, 3.5], "texture": "#2"}
			}
		},
		{
			"from": [6.5, 4, 1.25],
			"to": [9.5, 7, 8.25],
			"rotation": {"angle": 45, "axis": "z", "origin": [8, 5.5, 6.75]},
			"faces": {
				"north": {"uv": [9.75, 5.75, 10.5, 6.5], "texture": "#2"},
				"east": {"uv": [3, 0, 4.75, 0.75], "texture": "#2"},
				"south": {"uv": [6.75, 10, 7.5, 10.75], "texture": "#2"},
				"west": {"uv": [3, 1, 4.75, 1.75], "texture": "#2"},
				"up": {"uv": [3.75, 3.75, 3, 2], "texture": "#2"},
				"down": {"uv": [0.75, 3.75, 0, 5.5], "texture": "#2"}
			}
		},
		{
			"from": [7, -1.84776, -1.31223],
			"to": [9, 1.15224, -0.31223],
			"rotation": {"angle": -22.5, "axis": "x", "origin": [8.5, -1.34776, -6.34776]},
			"faces": {
				"north": {"uv": [9.5, 12, 10, 12.75], "texture": "#2"},
				"east": {"uv": [9, 14, 9.25, 14.75], "texture": "#2"},
				"south": {"uv": [10.25, 12, 10.75, 12.75], "texture": "#2"},
				"west": {"uv": [9.5, 14, 9.75, 14.75], "texture": "#2"},
				"up": {"uv": [15.25, 9.5, 14.75, 9.25], "texture": "#2"},
				"down": {"uv": [15.25, 9.75, 14.75, 10], "texture": "#2"}
			}
		},
		{
			"from": [7, -3.68777, -6.84776],
			"to": [9, -2.68777, -3.84776],
			"rotation": {"angle": -22.5, "axis": "x", "origin": [8.5, 2.34776, -6.34776]},
			"faces": {
				"north": {"uv": [14.75, 6, 15.25, 6.25], "texture": "#2"},
				"east": {"uv": [3, 14, 3.75, 14.25], "texture": "#2"},
				"south": {"uv": [6.5, 14.75, 7, 15], "texture": "#2"},
				"west": {"uv": [14, 3.5, 14.75, 3.75], "texture": "#2"},
				"up": {"uv": [5.75, 12.25, 5.25, 11.5], "texture": "#2"},
				"down": {"uv": [6.5, 11.5, 6, 12.25], "texture": "#2"}
			}
		},
		{
			"from": [7.005, 0.005, -2.07259],
			"to": [8.995, 2.995, -1.08259],
			"rotation": {"angle": 22.5, "axis": "x", "origin": [8.5, 0.5, -7.11312]},
			"faces": {
				"north": {"uv": [4.5, 11.25, 5, 12], "texture": "#2"},
				"east": {"uv": [2.5, 14, 2.75, 14.75], "texture": "#2"},
				"south": {"uv": [7.75, 11.25, 8.25, 12], "texture": "#2"},
				"west": {"uv": [14, 2.5, 14.25, 3.25], "texture": "#2"},
				"up": {"uv": [15.25, 5.25, 14.75, 5], "texture": "#2"},
				"down": {"uv": [15.25, 5.5, 14.75, 5.75], "texture": "#2"}
			}
		},
		{
			"from": [7.005, -2.91741, -4.995],
			"to": [8.995, -1.92741, -2.005],
			"rotation": {"angle": 22.5, "axis": "x", "origin": [8.5, 3.11312, -4.5]},
			"faces": {
				"north": {"uv": [14.75, 6.5, 15.25, 6.75], "texture": "#2"},
				"east": {"uv": [14, 7.75, 14.75, 8], "texture": "#2"},
				"south": {"uv": [14.75, 7, 15.25, 7.25], "texture": "#2"},
				"west": {"uv": [8, 14, 8.75, 14.25], "texture": "#2"},
				"up": {"uv": [12, 11.75, 11.5, 11], "texture": "#2"},
				"down": {"uv": [7.25, 12, 6.75, 12.75], "texture": "#2"}
			}
		},
		{
			"from": [7, -1.70617, -9.15962],
			"to": [9, 1.29383, -8.15962],
			"rotation": {"angle": -22.5, "axis": "x", "origin": [8, 2.75686, -6.79422]},
			"faces": {
				"north": {"uv": [12.25, 11, 12.75, 11.75], "texture": "#2"},
				"east": {"uv": [12, 14.25, 12.25, 15], "texture": "#2"},
				"south": {"uv": [0, 12.5, 0.5, 13.25], "texture": "#2"},
				"west": {"uv": [12.5, 14.25, 12.75, 15], "texture": "#2"},
				"up": {"uv": [15.25, 13.25, 14.75, 13], "texture": "#2"},
				"down": {"uv": [15.25, 13.5, 14.75, 13.75], "texture": "#2"}
			}
		},
		{
			"from": [7, 2.2745, -6.3312],
			"to": [9, 3.2745, -3.3312],
			"rotation": {"angle": -22.5, "axis": "x", "origin": [8, 0.9091, -6.79422]},
			"faces": {
				"north": {"uv": [10, 14.75, 10.5, 15], "texture": "#2"},
				"east": {"uv": [6.5, 14.25, 7.25, 14.5], "texture": "#2"},
				"south": {"uv": [14.75, 11.5, 15.25, 11.75], "texture": "#2"},
				"west": {"uv": [14.25, 8.25, 15, 8.5], "texture": "#2"},
				"up": {"uv": [11.5, 12.75, 11, 12], "texture": "#2"},
				"down": {"uv": [12.25, 12, 11.75, 12.75], "texture": "#2"}
			}
		},
		{
			"from": [7.005, 2.92741, -6.995],
			"to": [8.995, 3.91741, -4.005],
			"rotation": {"angle": 22.5, "axis": "x", "origin": [8.5, -2.11312, -4.5]},
			"faces": {
				"north": {"uv": [14.75, 0.5, 15.25, 0.75], "texture": "#2"},
				"east": {"uv": [1.5, 14, 2.25, 14.25], "texture": "#2"},
				"south": {"uv": [5, 14.75, 5.5, 15], "texture": "#2"},
				"west": {"uv": [14, 2, 14.75, 2.25], "texture": "#2"},
				"up": {"uv": [7.5, 11.75, 7, 11], "texture": "#2"},
				"down": {"uv": [11.25, 11, 10.75, 11.75], "texture": "#2"}
			}
		},
		{
			"from": [7.005, -0.16202, -7.75172],
			"to": [8.995, 2.82798, -6.76172],
			"rotation": {"angle": 22.5, "axis": "x", "origin": [8, 1.83298, -6.41154]},
			"faces": {
				"north": {"uv": [4.5, 12.25, 5, 13], "texture": "#2"},
				"east": {"uv": [11, 14.25, 11.25, 15], "texture": "#2"},
				"south": {"uv": [7.5, 12.25, 8, 13], "texture": "#2"},
				"west": {"uv": [11.5, 14.25, 11.75, 15], "texture": "#2"},
				"up": {"uv": [15.25, 12.25, 14.75, 12], "texture": "#2"},
				"down": {"uv": [15.25, 12.5, 14.75, 12.75], "texture": "#2"}
			}
		},
		{
			"from": [7.125, -2.375, -7.375],
			"to": [8.875, 3.375, -1.625],
			"rotation": {"angle": 0, "axis": "y", "origin": [7.875, -0.375, -4.625]},
			"faces": {
				"east": {"uv": [0, 0, 16, 16], "texture": "#1"},
				"west": {"uv": [0, 0, 16, 16], "texture": "#1"}
			}
		},
		{
			"from": [7, -1.84776, 24.43777],
			"to": [9, 1.15224, 25.43777],
			"rotation": {"angle": -22.5, "axis": "x", "origin": [8.5, -1.34776, 19.40224]},
			"faces": {
				"north": {"uv": [12.5, 0, 13, 0.75], "texture": "#2"},
				"east": {"uv": [13.75, 14.25, 14, 15], "texture": "#2"},
				"south": {"uv": [0.75, 12.5, 1.25, 13.25], "texture": "#2"},
				"west": {"uv": [14.25, 14.25, 14.5, 15], "texture": "#2"},
				"up": {"uv": [15.25, 14.25, 14.75, 14], "texture": "#2"},
				"down": {"uv": [15.25, 14.5, 14.75, 14.75], "texture": "#2"}
			}
		},
		{
			"from": [7, -3.68777, 18.90224],
			"to": [9, -2.68777, 21.90224],
			"rotation": {"angle": -22.5, "axis": "x", "origin": [8.5, 2.34776, 19.40224]},
			"faces": {
				"north": {"uv": [15, 2, 15.5, 2.25], "texture": "#2"},
				"east": {"uv": [14.25, 8.75, 15, 9], "texture": "#2"},
				"south": {"uv": [15, 3.5, 15.5, 3.75], "texture": "#2"},
				"west": {"uv": [14.5, 1, 15.25, 1.25], "texture": "#2"},
				"up": {"uv": [13, 1.75, 12.5, 1], "texture": "#2"},
				"down": {"uv": [13, 2, 12.5, 2.75], "texture": "#2"}
			}
		},
		{
			"from": [7.005, 0.005, 23.67741],
			"to": [8.995, 2.995, 24.66741],
			"rotation": {"angle": 22.5, "axis": "x", "origin": [8.5, 0.5, 18.63688]},
			"faces": {
				"north": {"uv": [2.5, 12.5, 3, 13.25], "texture": "#2"},
				"east": {"uv": [1.5, 14.5, 1.75, 15.25], "texture": "#2"},
				"south": {"uv": [12.5, 3, 13, 3.75], "texture": "#2"},
				"west": {"uv": [2, 14.5, 2.25, 15.25], "texture": "#2"},
				"up": {"uv": [7.75, 15.25, 7.25, 15], "texture": "#2"},
				"down": {"uv": [15.5, 7.5, 15, 7.75], "texture": "#2"}
			}
		},
		{
			"from": [7.005, -2.91741, 20.755],
			"to": [8.995, -1.92741, 23.745],
			"rotation": {"angle": 22.5, "axis": "x", "origin": [8.5, 3.11312, 21.25]},
			"faces": {
				"north": {"uv": [9, 15, 9.5, 15.25], "texture": "#2"},
				"east": {"uv": [14.5, 1.5, 15.25, 1.75], "texture": "#2"},
				"south": {"uv": [13, 15, 13.5, 15.25], "texture": "#2"},
				"west": {"uv": [14.5, 2.5, 15.25, 2.75], "texture": "#2"},
				"up": {"uv": [3.75, 13.25, 3.25, 12.5], "texture": "#2"},
				"down": {"uv": [13, 4, 12.5, 4.75], "texture": "#2"}
			}
		},
		{
			"from": [7, -1.70617, 16.59038],
			"to": [9, 1.29383, 17.59038],
			"rotation": {"angle": -22.5, "axis": "x", "origin": [8, 2.75686, 18.95578]},
			"faces": {
				"north": {"uv": [12.5, 5, 13, 5.75], "texture": "#2"},
				"east": {"uv": [3, 14.5, 3.25, 15.25], "texture": "#2"},
				"south": {"uv": [5.25, 12.5, 5.75, 13.25], "texture": "#2"},
				"west": {"uv": [3.5, 14.5, 3.75, 15.25], "texture": "#2"},
				"up": {"uv": [15.25, 15.25, 14.75, 15], "texture": "#2"},
				"down": {"uv": [0.5, 15.25, 0, 15.5], "texture": "#2"}
			}
		},
		{
			"from": [7, 2.2745, 19.4188],
			"to": [9, 3.2745, 22.4188],
			"rotation": {"angle": -22.5, "axis": "x", "origin": [8, 0.9091, 18.95578]},
			"faces": {
				"north": {"uv": [0.75, 15.25, 1.25, 15.5], "texture": "#2"},
				"east": {"uv": [14.5, 3, 15.25, 3.25], "texture": "#2"},
				"south": {"uv": [5, 15.25, 5.5, 15.5], "texture": "#2"},
				"west": {"uv": [14.5, 4, 15.25, 4.25], "texture": "#2"},
				"up": {"uv": [6.5, 13.25, 6, 12.5], "texture": "#2"},
				"down": {"uv": [13, 6, 12.5, 6.75], "texture": "#2"}
			}
		},
		{
			"from": [7.005, 2.92741, 18.755],
			"to": [8.995, 3.91741, 21.745],
			"rotation": {"angle": 22.5, "axis": "x", "origin": [8.5, -2.11312, 21.25]},
			"faces": {
				"north": {"uv": [6.5, 15.25, 7, 15.5], "texture": "#2"},
				"east": {"uv": [14.5, 4.5, 15.25, 4.75], "texture": "#2"},
				"south": {"uv": [8, 15.25, 8.5, 15.5], "texture": "#2"},
				"west": {"uv": [7.5, 14.5, 8.25, 14.75], "texture": "#2"},
				"up": {"uv": [13, 7.75, 12.5, 7], "texture": "#2"},
				"down": {"uv": [8.75, 12.5, 8.25, 13.25], "texture": "#2"}
			}
		},
		{
			"from": [7.005, -0.16202, 17.99828],
			"to": [8.995, 2.82798, 18.98828],
			"rotation": {"angle": 22.5, "axis": "x", "origin": [8, 1.83298, 19.33846]},
			"faces": {
				"north": {"uv": [12.5, 9.75, 13, 10.5], "texture": "#2"},
				"east": {"uv": [4.5, 14.5, 4.75, 15.25], "texture": "#2"},
				"south": {"uv": [12.5, 12, 13, 12.75], "texture": "#2"},
				"west": {"uv": [6, 14.5, 6.25, 15.25], "texture": "#2"},
				"up": {"uv": [15.75, 8.25, 15.25, 8], "texture": "#2"},
				"down": {"uv": [15.75, 8.5, 15.25, 8.75], "texture": "#2"}
			}
		},
		{
			"from": [7.125, -2.375, 18.375],
			"to": [8.875, 3.375, 24.125],
			"rotation": {"angle": 0, "axis": "y", "origin": [7.875, -0.375, 21.125]},
			"faces": {
				"east": {"uv": [0, 0, 16, 16], "texture": "#1"},
				"west": {"uv": [0, 0, 16, 16], "texture": "#1"}
			}
		}
	],
	"display": {
		"thirdperson_righthand": {
			"rotation": [75, 45, 0],
			"translation": [0, 2.5, 0],
			"scale": [0.375, 0.375, 0.375]
		},
		"thirdperson_lefthand": {
			"rotation": [75, 45, 0],
			"translation": [0, 2.5, 0],
			"scale": [0.375, 0.375, 0.375]
		},
		"firstperson_righthand": {
			"rotation": [0, 45, 0],
			"scale": [0.4, 0.4, 0.4]
		},
		"firstperson_lefthand": {
			"rotation": [0, 225, 0],
			"scale": [0.4, 0.4, 0.4]
		},
		"ground": {
			"translation": [0, 3, 0],
			"scale": [0.25, 0.25, 0.25]
		},
		"gui": {
			"rotation": [30, 225, 0],
			"translation": [0.25, 2.25, 0],
			"scale": [0.6, 0.6, 0.6]
		},
		"head": {
			"translation": [0, -15.25, 2.5],
			"scale": [2.5, 2.5, 2.5]
		},
		"fixed": {
			"scale": [0.5, 0.5, 0.5]
		}
	},
	"groups": [
		{
			"name": "group",
			"origin": [8.5, 5, 1],
			"color": 0,
			"children": [0, 1, 2, 3, 4, 5, 6, 7, 8, 9, 10, 11, 12, 13, 14, 15, 16, 17, 18, 19, 20, 21, 22, 23, 24, 25, 26, 27, 28, 29, 30, 31, 32, 33, 34, 35]
		},
		{
			"name": "group",
			"origin": [8, 9.33298, 6.08846],
			"color": 0,
			"children": [36, 37, 38, 39, 40, 41, 42, 43, 44]
		},
		{
			"name": "group",
			"origin": [8, 9.33298, 6.08846],
			"color": 0,
			"children": [45, 46, 47, 48, 49, 50, 51, 52, 53]
		}
	]
}