{
	"credit": "www.sebxter.pl",
	"texture_size": [128, 128],
	"textures": {
		"1": "block/vehiles/car/police_car",
		"1_1": "block/vehiles/car/seats",
		"particle": "sebxter:tires_pack/tire_1"
	},
	"elements": [
		{
			"from": [-1, 4, -6.5],
			"to": [17, 7, -0.5],
			"rotation": {"angle": 0, "axis": "y", "origin": [8, 4.5, -6]},
			"faces": {
				"north": {"uv": [0, 8.75, 2.25, 9.125], "texture": "#1"},
				"east": {"uv": [9.375, 10.875, 10.125, 11.25], "texture": "#1"},
				"south": {"uv": [4.375, 8.75, 6.625, 9.125], "texture": "#1"},
				"west": {"uv": [6.625, 11, 7.375, 11.375], "texture": "#1"},
				"up": {"uv": [7.5, 6.625, 5.25, 5.875], "texture": "#1"},
				"down": {"uv": [8.75, 0, 6.5, 0.75], "texture": "#1"}
			}
		},
		{
			"from": [1, 0, -6.5],
			"to": [15, 4, -0.5],
			"rotation": {"angle": 0, "axis": "y", "origin": [8, 2, 8.5]},
			"faces": {
				"north": {"uv": [2.5, 8.25, 4.25, 8.75], "texture": "#1"},
				"east": {"uv": [10, 8.5, 10.75, 9], "texture": "#1"},
				"south": {"uv": [8.375, 1.375, 10.125, 1.875], "texture": "#1"},
				"west": {"uv": [1.25, 10.25, 2, 10.75], "texture": "#1"},
				"up": {"uv": [8.25, 4.625, 6.5, 3.875], "texture": "#1"},
				"down": {"uv": [1.75, 6.75, 0, 7.5], "texture": "#1"}
			}
		},
		{
			"from": [-1, 0, -10.5],
			"to": [17, 7, -6.5],
			"rotation": {"angle": 0, "axis": "y", "origin": [8, 4.5, -6]},
			"faces": {
				"north": {"uv": [4.125, 0, 6.375, 0.875], "texture": "#1"},
				"east": {"uv": [6.125, 9.75, 6.625, 10.625], "texture": "#1"},
				"south": {"uv": [4.125, 1, 6.375, 1.875], "texture": "#1"},
				"west": {"uv": [9.75, 6.25, 10.25, 7.125], "texture": "#1"},
				"up": {"uv": [2.25, 8.125, 0, 7.625], "texture": "#1"},
				"down": {"uv": [4.625, 7.625, 2.375, 8.125], "texture": "#1"}
			}
		},
		{
			"from": [0.25, 4.7, -11.5],
			"to": [2.25, 6.7, -9.5],
			"rotation": {"angle": -22.5, "axis": "y", "origin": [1, 5.2, -10.25]},
			"faces": {
				"north": {"uv": [12.375, 2.625, 12.625, 2.875], "texture": "#1"},
				"east": {"uv": [7.875, 12.375, 8.125, 12.625], "texture": "#1"},
				"south": {"uv": [9.125, 12.375, 9.375, 12.625], "texture": "#1"},
				"west": {"uv": [12.375, 9.375, 12.625, 9.625], "texture": "#1"},
				"up": {"uv": [9.75, 12.625, 9.5, 12.375], "texture": "#1"},
				"down": {"uv": [11.25, 12.375, 11, 12.625], "texture": "#1"}
			}
		},
		{
			"from": [13.75, 4.7, -11.5],
			"to": [15.75, 6.7, -9.5],
			"rotation": {"angle": 22.5, "axis": "y", "origin": [15, 5.2, -10.25]},
			"faces": {
				"north": {"uv": [3.75, 12.5, 4, 12.75], "texture": "#1"},
				"east": {"uv": [4.125, 12.5, 4.375, 12.75], "texture": "#1"},
				"south": {"uv": [4.5, 12.5, 4.75, 12.75], "texture": "#1"},
				"west": {"uv": [4.875, 12.5, 5.125, 12.75], "texture": "#1"},
				"up": {"uv": [5.5, 12.75, 5.25, 12.5], "texture": "#1"},
				"down": {"uv": [5.875, 12.5, 5.625, 12.75], "texture": "#1"}
			}
		},
		{
			"from": [10.98859, 4.005, -11.245],
			"to": [12.97859, 6.995, -9.255],
			"rotation": {"angle": -22.5, "axis": "y", "origin": [11.48359, 5.5, -10]},
			"faces": {
				"north": {"uv": [4.375, 8.25, 4.625, 8.625], "texture": "#1"},
				"east": {"uv": [11, 11.875, 11.25, 12.25], "texture": "#1"},
				"south": {"uv": [12, 2.25, 12.25, 2.625], "texture": "#1"},
				"west": {"uv": [12, 2.75, 12.25, 3.125], "texture": "#1"},
				"up": {"uv": [6.625, 12.75, 6.375, 12.5], "texture": "#1"},
				"down": {"uv": [12.75, 7.25, 12.5, 7.5], "texture": "#1"}
			}
		},
		{
			"from": [3.02141, 4.005, -11.245],
			"to": [5.01141, 6.995, -9.255],
			"rotation": {"angle": 22.5, "axis": "y", "origin": [4.51641, 5.5, -10]},
			"faces": {
				"north": {"uv": [4.5, 12, 4.75, 12.375], "texture": "#1"},
				"east": {"uv": [4.875, 12, 5.125, 12.375], "texture": "#1"},
				"south": {"uv": [5.25, 12, 5.5, 12.375], "texture": "#1"},
				"west": {"uv": [6.375, 12, 6.625, 12.375], "texture": "#1"},
				"up": {"uv": [10.875, 12.75, 10.625, 12.5], "texture": "#1"},
				"down": {"uv": [12.125, 12.5, 11.875, 12.75], "texture": "#1"}
			}
		},
		{
			"from": [4.504, 4.004, -11.34219],
			"to": [5.496, 6.996, -10.35019],
			"rotation": {"angle": 0, "axis": "y", "origin": [6, 5.5, -10.34619]},
			"faces": {
				"north": {"uv": [7.625, 10.375, 7.75, 10.75], "texture": "#1"},
				"east": {"uv": [9.875, 12.375, 10, 12.75], "texture": "#1"},
				"south": {"uv": [12.75, 10.375, 12.875, 10.75], "texture": "#1"},
				"west": {"uv": [11, 12.75, 11.125, 13.125], "texture": "#1"},
				"up": {"uv": [7.5, 4.875, 7.375, 4.75], "texture": "#1"},
				"down": {"uv": [6.5, 11.25, 6.375, 11.375], "texture": "#1"}
			}
		},
		{
			"from": [10.504, 4.004, -11.34219],
			"to": [11.496, 6.996, -10.35019],
			"rotation": {"angle": 0, "axis": "y", "origin": [12, 5.5, -10.34619]},
			"faces": {
				"north": {"uv": [12.75, 11.375, 12.875, 11.75], "texture": "#1"},
				"east": {"uv": [12.25, 12.75, 12.375, 13.125], "texture": "#1"},
				"south": {"uv": [12.5, 12.75, 12.625, 13.125], "texture": "#1"},
				"west": {"uv": [12.75, 12.75, 12.875, 13.125], "texture": "#1"},
				"up": {"uv": [13.25, 9.5, 13.125, 9.375], "texture": "#1"},
				"down": {"uv": [13.25, 9.625, 13.125, 9.75], "texture": "#1"}
			}
		},
		{
			"from": [9.5, 3.25, -11.09619],
			"to": [10.5, 6.25, -10.09619],
			"rotation": {"angle": 22.5, "axis": "z", "origin": [9, 5, -10.84619]},
			"faces": {
				"north": {"uv": [3.75, 12.875, 3.875, 13.25], "texture": "#1"},
				"east": {"uv": [4, 12.875, 4.125, 13.25], "texture": "#1"},
				"south": {"uv": [4.25, 12.875, 4.375, 13.25], "texture": "#1"},
				"west": {"uv": [4.5, 12.875, 4.625, 13.25], "texture": "#1"},
				"up": {"uv": [9.875, 13.25, 9.75, 13.125], "texture": "#1"},
				"down": {"uv": [10.125, 13.125, 10, 13.25], "texture": "#1"}
			}
		},
		{
			"from": [5.5, 3.25, -11.09619],
			"to": [6.5, 6.25, -10.09619],
			"rotation": {"angle": -22.5, "axis": "z", "origin": [7, 5, -10.84619]},
			"faces": {
				"north": {"uv": [4.75, 12.875, 4.875, 13.25], "texture": "#1"},
				"east": {"uv": [5, 12.875, 5.125, 13.25], "texture": "#1"},
				"south": {"uv": [5.25, 12.875, 5.375, 13.25], "texture": "#1"},
				"west": {"uv": [5.5, 12.875, 5.625, 13.25], "texture": "#1"},
				"up": {"uv": [11.875, 13.25, 11.75, 13.125], "texture": "#1"},
				"down": {"uv": [13.25, 11.875, 13.125, 12], "texture": "#1"}
			}
		},
		{
			"from": [5.5, 6, -11.34619],
			"to": [10.5, 7, -10.34619],
			"rotation": {"angle": 45, "axis": "x", "origin": [8, 6.5, -10.84619]},
			"faces": {
				"north": {"uv": [11.875, 12.25, 12.5, 12.375], "texture": "#1"},
				"east": {"uv": [12, 13.125, 12.125, 13.25], "texture": "#1"},
				"south": {"uv": [12.375, 1.875, 13, 2], "texture": "#1"},
				"west": {"uv": [13.25, 0, 13.375, 0.125], "texture": "#1"},
				"up": {"uv": [13, 2.25, 12.375, 2.125], "texture": "#1"},
				"down": {"uv": [13, 2.375, 12.375, 2.5], "texture": "#1"}
			}
		},
		{
			"from": [12.8033, -4.3033, -12],
			"to": [13.8033, -3.3033, -10],
			"rotation": {"angle": 45, "axis": "z", "origin": [8, 1.5, -10.91667]},
			"faces": {
				"north": {"uv": [13.25, 4.75, 13.375, 4.875], "texture": "#1"},
				"east": {"uv": [9.625, 8.5, 9.875, 8.625], "texture": "#1"},
				"south": {"uv": [13.25, 5, 13.375, 5.125], "texture": "#1"},
				"west": {"uv": [12.625, 0.25, 12.875, 0.375], "texture": "#1"},
				"up": {"uv": [5.875, 13.125, 5.75, 12.875], "texture": "#1"},
				"down": {"uv": [6.5, 12.875, 6.375, 13.125], "texture": "#1"}
			}
		},
		{
			"from": [13.45, 1, -11.825],
			"to": [14.45, 2, -9.825],
			"rotation": {"angle": 22.5, "axis": "y", "origin": [13.95, 1.5, -10.825]},
			"faces": {
				"north": {"uv": [13.25, 5.25, 13.375, 5.375], "texture": "#1"},
				"east": {"uv": [12.75, 11.875, 13, 12], "texture": "#1"},
				"south": {"uv": [13.25, 5.5, 13.375, 5.625], "texture": "#1"},
				"west": {"uv": [12.875, 6.75, 13.125, 6.875], "texture": "#1"},
				"up": {"uv": [13, 7.25, 12.875, 7], "texture": "#1"},
				"down": {"uv": [13, 7.375, 12.875, 7.625], "texture": "#1"}
			}
		},
		{
			"from": [13.60851, 1, -11.825],
			"to": [14.60851, 2, -9.825],
			"rotation": {"angle": -22.5, "axis": "y", "origin": [14.10851, 1.5, -10.825]},
			"faces": {
				"north": {"uv": [5.75, 13.25, 5.875, 13.375], "texture": "#1"},
				"east": {"uv": [7.5, 12.875, 7.75, 13], "texture": "#1"},
				"south": {"uv": [6.25, 13.25, 6.375, 13.375], "texture": "#1"},
				"west": {"uv": [9.875, 12.875, 10.125, 13], "texture": "#1"},
				"up": {"uv": [10.375, 13.125, 10.25, 12.875], "texture": "#1"},
				"down": {"uv": [10.625, 12.875, 10.5, 13.125], "texture": "#1"}
			}
		},
		{
			"from": [10.68198, -2.18198, -12],
			"to": [11.68198, -1.18198, -10],
			"rotation": {"angle": 45, "axis": "z", "origin": [8, 1.5, -10.91667]},
			"faces": {
				"north": {"uv": [13.25, 6.75, 13.375, 6.875], "texture": "#1"},
				"east": {"uv": [11.75, 12.875, 12, 13], "texture": "#1"},
				"south": {"uv": [8.25, 13.25, 8.375, 13.375], "texture": "#1"},
				"west": {"uv": [12.875, 12.5, 13.125, 12.625], "texture": "#1"},
				"up": {"uv": [10.875, 13.125, 10.75, 12.875], "texture": "#1"},
				"down": {"uv": [0.125, 13, 0, 13.25], "texture": "#1"}
			}
		},
		{
			"from": [2.1967, -4.3033, -12],
			"to": [3.1967, -3.3033, -10],
			"rotation": {"angle": -45, "axis": "z", "origin": [8, 1.5, -10.91667]},
			"faces": {
				"north": {"uv": [13.25, 8.25, 13.375, 8.375], "texture": "#1"},
				"east": {"uv": [13, 0.25, 13.25, 0.375], "texture": "#1"},
				"south": {"uv": [8.5, 13.25, 8.625, 13.375], "texture": "#1"},
				"west": {"uv": [13, 1.375, 13.25, 1.5], "texture": "#1"},
				"up": {"uv": [0.375, 13.25, 0.25, 13], "texture": "#1"},
				"down": {"uv": [13.125, 4.75, 13, 5], "texture": "#1"}
			}
		},
		{
			"from": [1.55, 1, -11.825],
			"to": [2.55, 2, -9.825],
			"rotation": {"angle": -22.5, "axis": "y", "origin": [2.05, 1.5, -10.825]},
			"faces": {
				"north": {"uv": [8.75, 13.25, 8.875, 13.375], "texture": "#1"},
				"east": {"uv": [13, 1.625, 13.25, 1.75], "texture": "#1"},
				"south": {"uv": [13.25, 9, 13.375, 9.125], "texture": "#1"},
				"west": {"uv": [13, 3, 13.25, 3.125], "texture": "#1"},
				"up": {"uv": [13.125, 5.375, 13, 5.125], "texture": "#1"},
				"down": {"uv": [13.125, 5.5, 13, 5.75], "texture": "#1"}
			}
		},
		{
			"from": [1.39149, 1, -11.825],
			"to": [2.39149, 2, -9.825],
			"rotation": {"angle": 22.5, "axis": "y", "origin": [1.89149, 1.5, -10.825]},
			"faces": {
				"north": {"uv": [10.25, 13.25, 10.375, 13.375], "texture": "#1"},
				"east": {"uv": [8.25, 13, 8.5, 13.125], "texture": "#1"},
				"south": {"uv": [13.25, 10.375, 13.375, 10.5], "texture": "#1"},
				"west": {"uv": [8.625, 13, 8.875, 13.125], "texture": "#1"},
				"up": {"uv": [13.125, 9.25, 13, 9], "texture": "#1"},
				"down": {"uv": [13.125, 10.375, 13, 10.625], "texture": "#1"}
			}
		},
		{
			"from": [4.31802, -2.18198, -12],
			"to": [5.31802, -1.18198, -10],
			"rotation": {"angle": -45, "axis": "z", "origin": [8, 1.5, -10.91667]},
			"faces": {
				"north": {"uv": [10.5, 13.25, 10.625, 13.375], "texture": "#1"},
				"east": {"uv": [13, 10.75, 13.25, 10.875], "texture": "#1"},
				"south": {"uv": [10.75, 13.25, 10.875, 13.375], "texture": "#1"},
				"west": {"uv": [13, 11, 13.25, 11.125], "texture": "#1"},
				"up": {"uv": [11.375, 13.25, 11.25, 13], "texture": "#1"},
				"down": {"uv": [13.125, 11.25, 13, 11.5], "texture": "#1"}
			}
		},
		{
			"from": [-1.5, 1.5, -11.5],
			"to": [17.5, 4.5, -7.5],
			"rotation": {"angle": 0, "axis": "y", "origin": [8.5, 3, -9.5]},
			"faces": {
				"north": {"uv": [0, 8.25, 2.375, 8.625], "texture": "#1"},
				"east": {"uv": [4.5, 11.5, 5, 11.875], "texture": "#1"},
				"south": {"uv": [8.375, 0.875, 10.75, 1.25], "texture": "#1"},
				"west": {"uv": [5.125, 11.5, 5.625, 11.875], "texture": "#1"},
				"up": {"uv": [8, 7.25, 5.625, 6.75], "texture": "#1"},
				"down": {"uv": [8, 7.375, 5.625, 7.875], "texture": "#1"}
			}
		},
		{
			"from": [11, 1.5, 24.5],
			"to": [18, 4.5, 28.5],
			"rotation": {"angle": 0, "axis": "y", "origin": [8, 3, 26.5]},
			"faces": {
				"north": {"uv": [10.625, 10.5, 11.5, 10.875], "texture": "#1"},
				"east": {"uv": [6.375, 11.5, 6.875, 11.875], "texture": "#1"},
				"south": {"uv": [5.625, 10.75, 6.5, 11.125], "texture": "#1"},
				"west": {"uv": [10.125, 11.5, 10.625, 11.875], "texture": "#1"},
				"up": {"uv": [7.625, 10.25, 6.75, 9.75], "texture": "#1"},
				"down": {"uv": [10.625, 7.25, 9.75, 7.75], "texture": "#1"}
			}
		},
		{
			"from": [5, 3.5, 24.5],
			"to": [11, 4.5, 28.5],
			"rotation": {"angle": 0, "axis": "y", "origin": [8, 3, 26.5]},
			"faces": {
				"north": {"uv": [6.5, 4.75, 7.25, 4.875], "texture": "#1"},
				"east": {"uv": [12.375, 3, 12.875, 3.125], "texture": "#1"},
				"south": {"uv": [11.875, 5.875, 12.625, 6], "texture": "#1"},
				"west": {"uv": [12.5, 4.5, 13, 4.625], "texture": "#1"},
				"up": {"uv": [11, 1.875, 10.25, 1.375], "texture": "#1"},
				"down": {"uv": [11, 2, 10.25, 2.5], "texture": "#1"}
			}
		},
		{
			"from": [-2, 1.5, 24.5],
			"to": [5, 4.5, 28.5],
			"rotation": {"angle": 0, "axis": "y", "origin": [8, 3, 26.5]},
			"faces": {
				"north": {"uv": [10.75, 7.25, 11.625, 7.625], "texture": "#1"},
				"east": {"uv": [11.625, 1.375, 12.125, 1.75], "texture": "#1"},
				"south": {"uv": [10.875, 0, 11.75, 0.375], "texture": "#1"},
				"west": {"uv": [11.625, 10.375, 12.125, 10.75], "texture": "#1"},
				"up": {"uv": [10.75, 3.75, 9.875, 3.25], "texture": "#1"},
				"down": {"uv": [10.75, 3.875, 9.875, 4.375], "texture": "#1"}
			}
		},
		{
			"from": [5, 0.5, -11.5],
			"to": [11, 1.5, -7.5],
			"rotation": {"angle": 0, "axis": "y", "origin": [8, 1, -9.5]},
			"faces": {
				"north": {"uv": [12, 6.75, 12.75, 6.875], "texture": "#1"},
				"east": {"uv": [12.25, 12.5, 12.75, 12.625], "texture": "#1"},
				"south": {"uv": [12, 7, 12.75, 7.125], "texture": "#1"},
				"west": {"uv": [12.625, 0, 13.125, 0.125], "texture": "#1"},
				"up": {"uv": [2.875, 10.75, 2.125, 10.25], "texture": "#1"},
				"down": {"uv": [11, 2.625, 10.25, 3.125], "texture": "#1"}
			}
		},
		{
			"from": [-1, 0, 23.5],
			"to": [2, 7, 27.5],
			"rotation": {"angle": 0, "axis": "y", "origin": [8, 3.5, 25.5]},
			"faces": {
				"north": {"uv": [1.25, 10.875, 1.625, 11.75], "texture": "#1"},
				"east": {"uv": [9.375, 9.875, 9.875, 10.75], "texture": "#1"},
				"south": {"uv": [1.75, 10.875, 2.125, 11.75], "texture": "#1"},
				"west": {"uv": [10, 9.875, 10.5, 10.75], "texture": "#1"},
				"up": {"uv": [7.375, 12, 7, 11.5], "texture": "#1"},
				"down": {"uv": [12, 10.875, 11.625, 11.375], "texture": "#1"}
			}
		},
		{
			"from": [-0.5, 4.75, 26.85],
			"to": [1.5, 6.75, 27.85],
			"rotation": {"angle": 0, "axis": "y", "origin": [7.63043, 4.79617, 4.55404]},
			"faces": {
				"north": {"uv": [12.625, 1.375, 12.875, 1.625], "texture": "#1"},
				"east": {"uv": [11.5, 13, 11.625, 13.25], "texture": "#1"},
				"south": {"uv": [12.625, 4.75, 12.875, 5], "texture": "#1"},
				"west": {"uv": [13, 12.125, 13.125, 12.375], "texture": "#1"},
				"up": {"uv": [13.25, 11.75, 13, 11.625], "texture": "#1"},
				"down": {"uv": [13.25, 12.75, 13, 12.875], "texture": "#1"}
			}
		},
		{
			"from": [-0.5, 3.75, 26.6],
			"to": [1.5, 5.75, 27.6],
			"rotation": {"angle": -22.5, "axis": "x", "origin": [0.5, 5.75, 27.35]},
			"faces": {
				"north": {"uv": [12.625, 5.125, 12.875, 5.375], "texture": "#1"},
				"east": {"uv": [13, 13, 13.125, 13.25], "texture": "#1"},
				"south": {"uv": [12.625, 5.5, 12.875, 5.75], "texture": "#1"},
				"west": {"uv": [0.5, 13.125, 0.625, 13.375], "texture": "#1"},
				"up": {"uv": [1, 13.25, 0.75, 13.125], "texture": "#1"},
				"down": {"uv": [1.375, 13.125, 1.125, 13.25], "texture": "#1"}
			}
		},
		{
			"from": [14.5, 3.75, 26.6],
			"to": [16.5, 5.75, 27.6],
			"rotation": {"angle": -22.5, "axis": "x", "origin": [0.5, 5.75, 27.35]},
			"faces": {
				"north": {"uv": [12.625, 9, 12.875, 9.25], "texture": "#1"},
				"east": {"uv": [1.5, 13.125, 1.625, 13.375], "texture": "#1"},
				"south": {"uv": [11.375, 12.625, 11.625, 12.875], "texture": "#1"},
				"west": {"uv": [1.75, 13.125, 1.875, 13.375], "texture": "#1"},
				"up": {"uv": [13.375, 2, 13.125, 1.875], "texture": "#1"},
				"down": {"uv": [2.25, 13.125, 2, 13.25], "texture": "#1"}
			}
		},
		{
			"from": [14.5, 4.75, 26.85],
			"to": [16.5, 6.75, 27.85],
			"rotation": {"angle": 0, "axis": "y", "origin": [7.63043, 4.79617, 4.55404]},
			"faces": {
				"north": {"uv": [12.625, 12.125, 12.875, 12.375], "texture": "#1"},
				"east": {"uv": [13.125, 2.125, 13.25, 2.375], "texture": "#1"},
				"south": {"uv": [12.75, 2.625, 13, 2.875], "texture": "#1"},
				"west": {"uv": [2.375, 13.125, 2.5, 13.375], "texture": "#1"},
				"up": {"uv": [13.375, 2.625, 13.125, 2.5], "texture": "#1"},
				"down": {"uv": [2.875, 13.125, 2.625, 13.25], "texture": "#1"}
			}
		},
		{
			"from": [1, 0, -0.5],
			"to": [15, 1, 16.5],
			"rotation": {"angle": 0, "axis": "y", "origin": [8, 3.5, 11.33333]},
			"faces": {
				"up": {"uv": [4, 2.125, 2.25, 0], "texture": "#1"},
				"down": {"uv": [4, 2.25, 2.25, 4.375], "texture": "#1"}
			}
		},
		{
			"from": [1, 0.03702, -0.31389],
			"to": [15, 7.03702, 0.68611],
			"rotation": {"angle": -22.5, "axis": "x", "origin": [8, 4.03702, 0.18611]},
			"faces": {
				"south": {"uv": [6.5, 0.875, 8.25, 1.75], "texture": "#1"}
			}
		},
		{
			"from": [-2, 2.9, -1.5],
			"to": [18, 4.9, -0.5],
			"rotation": {"angle": -22.5, "axis": "x", "origin": [-1.5, 4.9, 0]},
			"faces": {
				"north": {"uv": [8.875, 0.5, 11.375, 0.75], "texture": "#1"},
				"east": {"uv": [3, 13.125, 3.125, 13.375], "texture": "#1"},
				"south": {"uv": [9.25, 4.75, 11.75, 5], "texture": "#1"},
				"west": {"uv": [3.25, 13.125, 3.375, 13.375], "texture": "#1"},
				"up": {"uv": [12.375, 4.625, 9.875, 4.5], "texture": "#1"},
				"down": {"uv": [12.5, 9.125, 10, 9.25], "texture": "#1"}
			}
		},
		{
			"from": [-2, 1.75195, -6.65224],
			"to": [18, 3.75195, -5.65224],
			"rotation": {"angle": 22.5, "axis": "x", "origin": [-1.5, 3.75195, -4.15224]},
			"faces": {
				"north": {"uv": [9.25, 5.125, 11.75, 5.375], "texture": "#1"},
				"east": {"uv": [3.5, 13.125, 3.625, 13.375], "texture": "#1"},
				"south": {"uv": [9.25, 5.5, 11.75, 5.75], "texture": "#1"},
				"west": {"uv": [13.125, 5.875, 13.25, 6.125], "texture": "#1"},
				"up": {"uv": [13.25, 7.875, 10.75, 7.75], "texture": "#1"},
				"down": {"uv": [13.375, 0.875, 10.875, 1], "texture": "#1"}
			}
		},
		{
			"from": [-1.995, 3.71366, -6.45694],
			"to": [17.995, 4.70366, -0.46694],
			"rotation": {"angle": 0, "axis": "y", "origin": [-1.5, 5.20866, -2.46194]},
			"faces": {
				"north": {"uv": [10.875, 1.125, 13.375, 1.25], "texture": "#1"},
				"east": {"uv": [11.375, 12, 12.125, 12.125], "texture": "#1"},
				"south": {"uv": [10.875, 3.25, 13.375, 3.375], "texture": "#1"},
				"west": {"uv": [6.75, 12.125, 7.5, 12.25], "texture": "#1"},
				"up": {"uv": [4.875, 5.75, 2.375, 5], "texture": "#1"},
				"down": {"uv": [7.5, 5, 5, 5.75], "texture": "#1"}
			}
		},
		{
			"from": [-2, 1.75195, 17.34776],
			"to": [18, 3.75195, 18.34776],
			"rotation": {"angle": 22.5, "axis": "x", "origin": [-1.5, 3.75195, 19.84776]},
			"faces": {
				"north": {"uv": [9.25, 5.875, 11.75, 6.125], "texture": "#1"},
				"east": {"uv": [6, 13.125, 6.125, 13.375], "texture": "#1"},
				"south": {"uv": [0, 9.375, 2.5, 9.625], "texture": "#1"},
				"west": {"uv": [6.625, 13.125, 6.75, 13.375], "texture": "#1"},
				"up": {"uv": [13.375, 3.625, 10.875, 3.5], "texture": "#1"},
				"down": {"uv": [13.375, 3.75, 10.875, 3.875], "texture": "#1"}
			}
		},
		{
			"from": [-1.995, 3.71366, 17.54306],
			"to": [17.995, 4.70366, 23.53306],
			"rotation": {"angle": 0, "axis": "y", "origin": [-1.5, 5.20866, 21.53806]},
			"faces": {
				"north": {"uv": [10.875, 4, 13.375, 4.125], "texture": "#1"},
				"east": {"uv": [12.125, 10.875, 12.875, 11], "texture": "#1"},
				"south": {"uv": [10.875, 4.25, 13.375, 4.375], "texture": "#1"},
				"west": {"uv": [12.125, 11.125, 12.875, 11.25], "texture": "#1"},
				"up": {"uv": [2.5, 6.625, 0, 5.875], "texture": "#1"},
				"down": {"uv": [5.125, 5.875, 2.625, 6.625], "texture": "#1"}
			}
		},
		{
			"from": [-2, 2.9, 22.5],
			"to": [18, 4.9, 23.5],
			"rotation": {"angle": -22.5, "axis": "x", "origin": [-1.5, 4.9, 24]},
			"faces": {
				"north": {"uv": [2.625, 9.375, 5.125, 9.625], "texture": "#1"},
				"east": {"uv": [6.875, 13.125, 7, 13.375], "texture": "#1"},
				"south": {"uv": [5.25, 9.375, 7.75, 9.625], "texture": "#1"},
				"west": {"uv": [13.125, 7, 13.25, 7.25], "texture": "#1"},
				"up": {"uv": [13.375, 8.625, 10.875, 8.5], "texture": "#1"},
				"down": {"uv": [13.375, 8.75, 10.875, 8.875], "texture": "#1"}
			}
		},
		{
			"from": [1, 0, 17.5],
			"to": [15, 4, 23.5],
			"rotation": {"angle": 0, "axis": "y", "origin": [8, 2, 32.5]},
			"faces": {
				"north": {"uv": [8.375, 2, 10.125, 2.5], "texture": "#1"},
				"east": {"uv": [3, 10.25, 3.75, 10.75], "texture": "#1"},
				"south": {"uv": [8.375, 2.625, 10.125, 3.125], "texture": "#1"},
				"west": {"uv": [10.375, 6.25, 11.125, 6.75], "texture": "#1"},
				"up": {"uv": [3.625, 7.5, 1.875, 6.75], "texture": "#1"},
				"down": {"uv": [5.5, 6.75, 3.75, 7.5], "texture": "#1"}
			}
		},
		{
			"from": [-0.495, 11.49134, 0.82777],
			"to": [16.495, 12.48134, 17.81777],
			"rotation": {"angle": 0, "axis": "y", "origin": [8, 11.98634, 9.32277]},
			"faces": {
				"north": {"uv": [3.75, 11.25, 5.875, 11.375], "texture": "#1"},
				"east": {"uv": [11.25, 6.25, 13.375, 6.375], "texture": "#1"},
				"south": {"uv": [11.25, 6.5, 13.375, 6.625], "texture": "#1"},
				"west": {"uv": [11.25, 8, 13.375, 8.125], "texture": "#1"},
				"up": {"uv": [2.125, 2.125, 0, 0], "texture": "#1"},
				"down": {"uv": [2.125, 2.25, 0, 4.375], "texture": "#1"}
			}
		},
		{
			"from": [0.5, 12.48634, 3.07277],
			"to": [15.5, 13.48634, 6.07277],
			"rotation": {"angle": 0, "axis": "y", "origin": [8, 11.98634, 8.57277]},
			"faces": {
				"north": {"uv": [11.25, 8.25, 13.125, 8.375], "texture": "#1"},
				"east": {"uv": [7.625, 6.5, 8, 6.625], "texture": "#1"},
				"south": {"uv": [11.5, 0.5, 13.375, 0.625], "texture": "#1"},
				"west": {"uv": [9.25, 6.25, 9.625, 6.375], "texture": "#1"},
				"up": {"uv": [10.75, 0.375, 8.875, 0], "texture": "#1"},
				"down": {"uv": [4.25, 8.875, 2.375, 9.25], "texture": "#1"}
			}
		},
		{
			"from": [10, 12.98634, 3.57277],
			"to": [15, 14.98634, 5.57277],
			"rotation": {"angle": 0, "axis": "y", "origin": [8, 11.98634, 8.57277]},
			"faces": {
				"north": {"uv": [1.625, 5.5, 2.25, 5.75], "texture": "#1"},
				"east": {"uv": [12.75, 5.875, 13, 6.125], "texture": "#1"},
				"south": {"uv": [4.75, 7.625, 5.375, 7.875], "texture": "#1"},
				"west": {"uv": [6, 12.75, 6.25, 13], "texture": "#1"},
				"up": {"uv": [4.5, 10.5, 3.875, 10.25], "texture": "#1"},
				"down": {"uv": [12.25, 1.875, 11.625, 2.125], "texture": "#1"}
			}
		},
		{
			"from": [1, 12.98634, 3.57277],
			"to": [6, 14.98634, 5.57277],
			"rotation": {"angle": 0, "axis": "y", "origin": [3.5, 13.98634, 4.57277]},
			"faces": {
				"north": {"uv": [11.75, 7.25, 12.375, 7.5], "texture": "#1"},
				"east": {"uv": [7.875, 12.75, 8.125, 13], "texture": "#1"},
				"south": {"uv": [8.375, 11.75, 9, 12], "texture": "#1"},
				"west": {"uv": [9.125, 12.75, 9.375, 13], "texture": "#1"},
				"up": {"uv": [12.5, 0.25, 11.875, 0], "texture": "#1"},
				"down": {"uv": [1.75, 11.875, 1.125, 12.125], "texture": "#1"}
			}
		},
		{
			"from": [5.5, 13.23634, 3.57277],
			"to": [10.5, 15.23634, 5.57277],
			"rotation": {"angle": 45, "axis": "x", "origin": [8, 14.23634, 4.57277]},
			"faces": {
				"north": {"uv": [1.875, 11.875, 2.5, 12.125], "texture": "#1"},
				"east": {"uv": [12.75, 9.375, 13, 9.625], "texture": "#1"},
				"south": {"uv": [11.875, 4.75, 12.5, 5], "texture": "#1"},
				"west": {"uv": [9.5, 12.75, 9.75, 13], "texture": "#1"},
				"up": {"uv": [12.5, 5.375, 11.875, 5.125], "texture": "#1"},
				"down": {"uv": [12.5, 5.5, 11.875, 5.75], "texture": "#1"}
			}
		},
		{
			"from": [-0.5, 6.48634, 8.82277],
			"to": [0.5, 11.48634, 9.82277],
			"rotation": {"angle": 0, "axis": "y", "origin": [8, 11.98634, 9.32277]},
			"faces": {
				"north": {"uv": [2.5, 12.375, 2.625, 13], "texture": "#1"},
				"east": {"uv": [2.75, 12.375, 2.875, 13], "texture": "#1"},
				"south": {"uv": [3, 12.375, 3.125, 13], "texture": "#1"},
				"west": {"uv": [3.25, 12.375, 3.375, 13], "texture": "#1"},
				"up": {"uv": [11.125, 13.375, 11, 13.25], "texture": "#1"},
				"down": {"uv": [13.375, 11.25, 13.25, 11.375], "texture": "#1"}
			}
		},
		{
			"from": [15.5, 6.48634, 8.82277],
			"to": [16.5, 11.48634, 9.82277],
			"rotation": {"angle": 0, "axis": "y", "origin": [8, 11.98634, 9.32277]},
			"faces": {
				"north": {"uv": [3.5, 12.375, 3.625, 13], "texture": "#1"},
				"east": {"uv": [6.75, 12.375, 6.875, 13], "texture": "#1"},
				"south": {"uv": [7, 12.375, 7.125, 13], "texture": "#1"},
				"west": {"uv": [7.25, 12.375, 7.375, 13], "texture": "#1"},
				"up": {"uv": [13.375, 12.25, 13.25, 12.125], "texture": "#1"},
				"down": {"uv": [12.375, 13.25, 12.25, 13.375], "texture": "#1"}
			}
		},
		{
			"from": [15.505, 6.52336, -0.36334],
			"to": [16.505, 12.52336, 0.63666],
			"rotation": {"angle": 22.5, "axis": "x", "origin": [8, 9.52336, 0.13666]},
			"faces": {
				"north": {"uv": [7.625, 12, 7.75, 12.75], "texture": "#1"},
				"east": {"uv": [10.125, 12, 10.25, 12.75], "texture": "#1"},
				"south": {"uv": [10.375, 12, 10.5, 12.75], "texture": "#1"},
				"west": {"uv": [0, 12.125, 0.125, 12.875], "texture": "#1"},
				"up": {"uv": [13.375, 12.5, 13.25, 12.375], "texture": "#1"},
				"down": {"uv": [12.625, 13.25, 12.5, 13.375], "texture": "#1"}
			}
		},
		{
			"from": [15.505, 6.52336, 18.00888],
			"to": [16.505, 12.52336, 19.00888],
			"rotation": {"angle": -22.5, "axis": "x", "origin": [8, 9.52336, 18.50888]},
			"faces": {
				"north": {"uv": [0.25, 12.125, 0.375, 12.875], "texture": "#1"},
				"east": {"uv": [8.375, 12.125, 8.5, 12.875], "texture": "#1"},
				"south": {"uv": [8.625, 12.125, 8.75, 12.875], "texture": "#1"},
				"west": {"uv": [8.875, 12.125, 9, 12.875], "texture": "#1"},
				"up": {"uv": [12.875, 13.375, 12.75, 13.25], "texture": "#1"},
				"down": {"uv": [13.375, 13, 13.25, 13.125], "texture": "#1"}
			}
		},
		{
			"from": [-0.505, 6.52336, 18.00888],
			"to": [0.495, 12.52336, 19.00888],
			"shade": false,
			"rotation": {"angle": -22.5, "axis": "x", "origin": [8, 9.52336, 18.50888]},
			"faces": {
				"north": {"uv": [0.5, 12.25, 0.625, 13], "texture": "#1"},
				"east": {"uv": [0.75, 12.25, 0.875, 13], "texture": "#1"},
				"south": {"uv": [1, 12.25, 1.125, 13], "texture": "#1"},
				"west": {"uv": [1.25, 12.25, 1.375, 13], "texture": "#1"},
				"up": {"uv": [13.375, 13.375, 13.25, 13.25], "texture": "#1"},
				"down": {"uv": [0.125, 13.375, 0, 13.5], "texture": "#1"}
			}
		},
		{
			"from": [-0.505, 6.52336, -0.36334],
			"to": [0.495, 12.52336, 0.63666],
			"shade": false,
			"rotation": {"angle": 22.5, "axis": "x", "origin": [8, 9.52336, 0.13666]},
			"faces": {
				"north": {"uv": [1.5, 12.25, 1.625, 13], "texture": "#1"},
				"east": {"uv": [1.75, 12.25, 1.875, 13], "texture": "#1"},
				"south": {"uv": [2, 12.25, 2.125, 13], "texture": "#1"},
				"west": {"uv": [2.25, 12.25, 2.375, 13], "texture": "#1"},
				"up": {"uv": [0.375, 13.5, 0.25, 13.375], "texture": "#1"},
				"down": {"uv": [13.5, 0.25, 13.375, 0.375], "texture": "#1"}
			}
		},
		{
			"from": [15, 0, -0.5],
			"to": [17, 7, 17.5],
			"rotation": {"angle": 0, "axis": "y", "origin": [8, 3.5, 11.33333]},
			"faces": {
				"north": {"uv": [7.5, 11, 7.75, 11.875], "texture": "#1"},
				"east": {"uv": [4.125, 2, 6.375, 2.875], "texture": "#1"},
				"south": {"uv": [6, 11.25, 6.25, 12.125], "texture": "#1"},
				"west": {"uv": [4.125, 3, 6.375, 3.875], "texture": "#1"},
				"up": {"uv": [8.125, 11.625, 7.875, 9.375], "texture": "#1"},
				"down": {"uv": [8.5, 9.375, 8.25, 11.625], "texture": "#1"}
			}
		},
		{
			"from": [14, 4, 17.5],
			"to": [17, 7, 23.5],
			"rotation": {"angle": 0, "axis": "y", "origin": [8, 5.5, 20.5]},
			"faces": {
				"north": {"uv": [2.625, 11.875, 3, 12.25], "texture": "#1"},
				"east": {"uv": [11, 9.375, 11.75, 9.75], "texture": "#1"},
				"south": {"uv": [9.125, 11.875, 9.5, 12.25], "texture": "#1"},
				"west": {"uv": [10.25, 11, 11, 11.375], "texture": "#1"},
				"up": {"uv": [3.625, 11.625, 3.25, 10.875], "texture": "#1"},
				"down": {"uv": [11.5, 1.375, 11.125, 2.125], "texture": "#1"}
			}
		},
		{
			"from": [-1, 4, 17.5],
			"to": [2, 7, 23.5],
			"shade": false,
			"rotation": {"angle": 0, "axis": "y", "origin": [8, 5.5, 20.5]},
			"faces": {
				"north": {"uv": [11.875, 9.375, 12.25, 9.75], "texture": "#1"},
				"east": {"uv": [11.125, 2.25, 11.875, 2.625], "texture": "#1"},
				"south": {"uv": [9.625, 11.875, 10, 12.25], "texture": "#1"},
				"west": {"uv": [11.125, 2.75, 11.875, 3.125], "texture": "#1"},
				"up": {"uv": [11.5, 11.75, 11.125, 11], "texture": "#1"},
				"down": {"uv": [0.375, 11.25, 0, 12], "texture": "#1"}
			}
		},
		{
			"from": [-1, 0, -0.5],
			"to": [1, 7, 17.5],
			"shade": false,
			"rotation": {"angle": 0, "axis": "y", "origin": [8, 3.5, 11.33333]},
			"faces": {
				"north": {"uv": [3.75, 11.5, 4, 12.375], "texture": "#1"},
				"east": {"uv": [4.125, 4, 6.375, 4.875], "texture": "#1"},
				"south": {"uv": [4.125, 11.5, 4.375, 12.375], "texture": "#1"},
				"west": {"uv": [0, 4.5, 2.25, 5.375], "texture": "#1"},
				"up": {"uv": [8.875, 11.625, 8.625, 9.375], "texture": "#1"},
				"down": {"uv": [9.25, 9.375, 9, 11.625], "texture": "#1"}
			}
		},
		{
			"from": [2, 4, 17.5],
			"to": [14, 7, 21.5],
			"rotation": {"angle": 0, "axis": "y", "origin": [8, 5.5, 19.5]},
			"faces": {
				"north": {"uv": [2.375, 4.5, 3.875, 4.875], "texture": "#1"},
				"east": {"uv": [11.625, 11.5, 12.125, 11.875], "texture": "#1"},
				"south": {"uv": [9.375, 9.375, 10.875, 9.75], "texture": "#1"},
				"west": {"uv": [0.5, 11.75, 1, 12.125], "texture": "#1"},
				"up": {"uv": [8.25, 9.25, 6.75, 8.75], "texture": "#1"},
				"down": {"uv": [9.875, 8.75, 8.375, 9.25], "texture": "#1"}
			}
		},
		{
			"from": [1, 0, 16.5],
			"to": [15, 7, 17.5],
			"rotation": {"angle": 0, "axis": "y", "origin": [8, 3.5, 11.33333]},
			"faces": {
				"north": {"uv": [6.5, 1.875, 8.25, 2.75], "texture": "#1"},
				"east": {"uv": [5.75, 11.5, 5.875, 12.375], "texture": "#1"},
				"south": {"uv": [6.5, 2.875, 8.25, 3.75], "texture": "#1"},
				"west": {"uv": [10.75, 11.5, 10.875, 12.375], "texture": "#1"},
				"up": {"uv": [13.25, 10, 11.5, 9.875], "texture": "#1"},
				"down": {"uv": [13.25, 10.125, 11.5, 10.25], "texture": "#1"}
			}
		},
		{
			"from": [14, 0, 23.5],
			"to": [17, 7, 27.5],
			"rotation": {"angle": 0, "axis": "y", "origin": [8, 3.5, 25.5]},
			"faces": {
				"north": {"uv": [2.25, 10.875, 2.625, 11.75], "texture": "#1"},
				"east": {"uv": [0, 10.25, 0.5, 11.125], "texture": "#1"},
				"south": {"uv": [2.75, 10.875, 3.125, 11.75], "texture": "#1"},
				"west": {"uv": [0.625, 10.25, 1.125, 11.125], "texture": "#1"},
				"up": {"uv": [3.625, 12.25, 3.25, 11.75], "texture": "#1"},
				"down": {"uv": [8.25, 11.75, 7.875, 12.25], "texture": "#1"}
			}
		},
		{
			"from": [2, 0.5, 21.5],
			"to": [14, 6.5, 26.5],
			"rotation": {"angle": 0, "axis": "y", "origin": [8, 3.5, 24]},
			"faces": {
				"north": {"uv": [7.625, 4.75, 9.125, 5.5], "texture": "#1"},
				"east": {"uv": [4.625, 9.75, 5.25, 10.5], "texture": "#1"},
				"south": {"uv": [7.625, 5.625, 9.125, 6.375], "texture": "#1"},
				"west": {"uv": [5.375, 9.75, 6, 10.5], "texture": "#1"},
				"up": {"uv": [6.25, 8.625, 4.75, 8], "texture": "#1"},
				"down": {"uv": [7.875, 8, 6.375, 8.625], "texture": "#1"}
			}
		},
		{
			"from": [2, 0.5, 26],
			"to": [14, 3.5, 28],
			"rotation": {"angle": 0, "axis": "y", "origin": [8, 3.5, 24]},
			"faces": {
				"north": {"uv": [9.625, 8, 11.125, 8.375], "texture": "#1"},
				"east": {"uv": [12.25, 1.375, 12.5, 1.75], "texture": "#1"},
				"south": {"uv": [0, 9.75, 1.5, 10.125], "texture": "#1"},
				"west": {"uv": [6, 12.25, 6.25, 12.625], "texture": "#1"},
				"up": {"uv": [1.5, 5.75, 0, 5.5], "texture": "#1"},
				"down": {"uv": [11.875, 6.875, 10.375, 7.125], "texture": "#1"}
			}
		},
		{
			"from": [2.5, 3.75, 22],
			"to": [13.5, 6.75, 27],
			"rotation": {"angle": 0, "axis": "y", "origin": [8, 5.25, 24]},
			"faces": {
				"north": {"uv": [1.625, 9.75, 3, 10.125], "texture": "#1"},
				"east": {"uv": [0.5, 11.25, 1.125, 11.625], "texture": "#1"},
				"south": {"uv": [3.125, 9.75, 4.5, 10.125], "texture": "#1"},
				"west": {"uv": [9.375, 11.375, 10, 11.75], "texture": "#1"},
				"up": {"uv": [9.75, 3.875, 8.375, 3.25], "texture": "#1"},
				"down": {"uv": [9.75, 4, 8.375, 4.625], "texture": "#1"}
			}
		},
		{
			"from": [-4.3, 7, -0.4],
			"to": [-1.3, 9, -0.4],
			"rotation": {"angle": 22.5, "axis": "y", "origin": [-2.8, 8, -0.75]},
			"faces": {
				"north": {"uv": [12.25, 10.375, 12.625, 10.625], "texture": "#1"},
				"south": {"uv": [11.375, 12.25, 11.75, 12.5], "texture": "#1"}
			}
		},
		{
			"from": [-5.475, 7.475, -1.25],
			"to": [-3.475, 8.475, -0.25],
			"rotation": {"angle": -45, "axis": "z", "origin": [-3.9, 3.35, 0.5]},
			"faces": {
				"north": {"uv": [13.125, 2.75, 13.375, 2.875], "texture": "#1"},
				"east": {"uv": [0.75, 13.375, 0.875, 13.5], "texture": "#1"},
				"south": {"uv": [13.125, 4.5, 13.375, 4.625], "texture": "#1"},
				"west": {"uv": [1, 13.375, 1.125, 13.5], "texture": "#1"},
				"up": {"uv": [7.375, 13.25, 7.125, 13.125], "texture": "#1"},
				"down": {"uv": [13.375, 7.375, 13.125, 7.5], "texture": "#1"}
			}
		},
		{
			"from": [17.3, 7, -0.4],
			"to": [20.3, 9, -0.4],
			"rotation": {"angle": -22.5, "axis": "y", "origin": [18.8, 8, -0.75]},
			"faces": {
				"north": {"uv": [12.25, 11.375, 12.625, 11.625], "texture": "#1"},
				"south": {"uv": [12.25, 11.75, 12.625, 12], "texture": "#1"}
			}
		},
		{
			"from": [19.475, 7.475, -1.25],
			"to": [21.475, 8.475, -0.25],
			"rotation": {"angle": 45, "axis": "z", "origin": [19.9, 3.35, 0.5]},
			"faces": {
				"north": {"uv": [7.5, 13.125, 7.75, 13.25], "texture": "#1"},
				"east": {"uv": [1.25, 13.375, 1.375, 13.5], "texture": "#1"},
				"south": {"uv": [7.875, 13.125, 8.125, 13.25], "texture": "#1"},
				"west": {"uv": [13.375, 1.375, 13.5, 1.5], "texture": "#1"},
				"up": {"uv": [9.25, 13.25, 9, 13.125], "texture": "#1"},
				"down": {"uv": [9.625, 13.125, 9.375, 13.25], "texture": "#1"}
			}
		},
		{
			"from": [-1.05, 0.825, 2.3],
			"to": [-1.05, 5.825, 14.3],
			"faces": {
				"west": {"uv": [8, 8, 9.5, 8.625], "texture": "#1"}
			}
		},
		{
			"from": [17.05, 0.825, 2.3],
			"to": [17.05, 5.825, 14.3],
			"rotation": {"angle": 0, "axis": "y", "origin": [16, 0, 0]},
			"faces": {
				"east": {"uv": [8.125, 7.25, 9.625, 7.875], "texture": "#1"}
			}
		},
		{
			"from": [2.25, 7.25, -9],
			"to": [14.25, 7.25, -4],
			"rotation": {"angle": 0, "axis": "x", "origin": [8, 3.25, 8.5]},
			"faces": {
				"up": {"uv": [9.625, 7.125, 8.125, 6.5], "texture": "#1"}
			}
		},
		{
			"from": [-1, 0, -6.5],
			"to": [17, 4, -0.5],
			"faces": {
				"east": {"uv": [6.75, 10.375, 7.5, 10.875], "texture": "#1"},
				"west": {"uv": [3.875, 10.625, 4.625, 11.125], "texture": "#1"}
			}
		},
		{
			"from": [-1, 0, 17.5],
			"to": [17, 4, 23.5],
			"faces": {
				"east": {"uv": [4.75, 10.625, 5.5, 11.125], "texture": "#1"},
				"west": {"uv": [10.625, 9.875, 11.375, 10.375], "texture": "#1"}
			}
		},
		{
			"from": [0.5, 6.96134, -0.25223],
			"to": [15.5, 12.96134, 0.24777],
			"rotation": {"angle": 22.5, "axis": "x", "origin": [8.5, 9.46134, -1.17723]},
			"faces": {
				"north": {"uv": [0.1875, 14.9375, 2.0625, 15.6875], "texture": "#1"},
				"south": {"uv": [2.0625, 14.9375, 0.1875, 15.6875], "texture": "#1"}
			}
		},
		{
			"from": [0.5, 6.96134, 18.30223],
			"to": [15.5, 12.96134, 18.80223],
			"rotation": {"angle": -22.5, "axis": "x", "origin": [8.5, 9.46134, 19.67723]},
			"faces": {
				"north": {"uv": [13.625, 14.5625, 15.5, 15.3125], "texture": "#1"},
				"south": {"uv": [13.625, 14.5625, 15.5, 15.3125], "texture": "#1"}
			}
		},
		{
			"from": [-0.25, 6.96134, -0.92723],
			"to": [0.25, 11.96134, 19.07277],
			"rotation": {"angle": 0, "axis": "y", "origin": [0, -0.51366, 0.32277]},
			"faces": {
				"east": {"uv": [6.8125, 14.9375, 4.3125, 15.5625], "texture": "#1"},
				"west": {"uv": [4.3125, 14.9375, 6.8125, 15.5625], "texture": "#1"}
			}
		},
		{
			"from": [15.75, 6.96134, -0.92723],
			"to": [16.25, 11.96134, 19.07277],
			"rotation": {"angle": 0, "axis": "y", "origin": [16, -0.51366, 0.32277]},
			"faces": {
				"east": {"uv": [6.8125, 14.9375, 4.3125, 15.5625], "texture": "#1"},
				"west": {"uv": [4.3125, 14.9375, 6.8125, 15.5625], "texture": "#1"}
			}
		},
		{
			"from": [9, 0.87026, 7.41151],
			"to": [14.5, 7.87026, 9.41151],
			"rotation": {"angle": 22.5, "axis": "x", "origin": [11.75, 4.37026, 8.41151]},
			"faces": {
				"north": {"uv": [3.5, 3, 4.875, 4.75], "texture": "#1_1"},
				"east": {"uv": [3.5, 7, 4, 8.75], "texture": "#1_1"},
				"south": {"uv": [0, 4, 1.375, 5.75], "texture": "#1_1"},
				"west": {"uv": [7, 4, 7.5, 5.75], "texture": "#1_1"},
				"up": {"uv": [7.625, 8, 6.25, 7.5], "texture": "#1_1"},
				"down": {"uv": [0, 0, 0, 0], "texture": "#1_1"}
			}
		},
		{
			"from": [9.004, 0.754, 3],
			"to": [14.5, 2.75, 7.996],
			"rotation": {"angle": 0, "axis": "y", "origin": [11.752, 3.002, 5.498]},
			"faces": {
				"north": {"uv": [7.75, 4, 9.125, 4.5], "texture": "#1_1"},
				"east": {"uv": [6.25, 8.25, 7.5, 8.75], "texture": "#1_1"},
				"south": {"uv": [0, 0, 0, 0], "texture": "#1_1"},
				"west": {"uv": [7.75, 8.25, 9, 8.75], "texture": "#1_1"},
				"up": {"uv": [6.625, 4.25, 5.25, 3], "texture": "#1_1"},
				"down": {"uv": [6.625, 4.5, 5.25, 5.75], "texture": "#1_1"}
			}
		},
		{
			"from": [1.5, 0.754, 3],
			"to": [6.996, 2.75, 7.996],
			"rotation": {"angle": 0, "axis": "y", "origin": [4.248, 3.002, 5.498]},
			"faces": {
				"north": {"uv": [7.75, 4.75, 9.125, 5.25], "texture": "#1_1"},
				"east": {"uv": [8.5, 1.5, 9.75, 2], "texture": "#1_1"},
				"south": {"uv": [0, 0, 0, 0], "texture": "#1_1"},
				"west": {"uv": [8.5, 2.25, 9.75, 2.75], "texture": "#1_1"},
				"up": {"uv": [1.375, 7.25, 0, 6], "texture": "#1_1"},
				"down": {"uv": [3.125, 6, 1.75, 7.25], "texture": "#1_1"}
			}
		},
		{
			"from": [1.496, 0.87026, 7.41151],
			"to": [6.996, 7.87026, 9.41151],
			"rotation": {"angle": 22.5, "axis": "x", "origin": [4.246, 4.37026, 8.41151]},
			"faces": {
				"north": {"uv": [1.75, 4, 3.125, 5.75], "texture": "#1_1"},
				"east": {"uv": [4.25, 7, 4.75, 8.75], "texture": "#1_1"},
				"south": {"uv": [3.5, 5, 4.875, 6.75], "texture": "#1_1"},
				"west": {"uv": [0, 7.5, 0.5, 9.25], "texture": "#1_1"},
				"up": {"uv": [9.375, 8, 8, 7.5], "texture": "#1_1"},
				"down": {"uv": [0, 0, 0, 0], "texture": "#1_1"}
			}
		},
		{
			"from": [1.502, 0.752, 10.502],
			"to": [14.498, 2.748, 15.498],
			"rotation": {"angle": 0, "axis": "y", "origin": [0, 1, 7.5]},
			"faces": {
				"north": {"uv": [5.25, 6, 8.5, 6.5], "texture": "#1_1"},
				"east": {"uv": [8.5, 3, 9.75, 3.5], "texture": "#1_1"},
				"south": {"uv": [5.25, 6.75, 8.5, 7.25], "texture": "#1_1"},
				"west": {"uv": [8.75, 5.5, 10, 6], "texture": "#1_1"},
				"up": {"uv": [6.75, 1.25, 3.5, 0], "texture": "#1_1"},
				"down": {"uv": [6.75, 1.5, 3.5, 2.75], "texture": "#1_1"}
			}
		},
		{
			"from": [1.498, 0.94438, 14.53083],
			"to": [14.498, 7.94438, 16.53083],
			"rotation": {"angle": 22.5, "axis": "x", "origin": [4.498, 3.44438, 15.53083]},
			"faces": {
				"north": {"uv": [0, 0, 3.25, 1.75], "texture": "#1_1"},
				"east": {"uv": [0.75, 7.5, 1.25, 9.25], "texture": "#1_1"},
				"south": {"uv": [0, 2, 3.25, 3.75], "texture": "#1_1"},
				"west": {"uv": [1.5, 7.5, 2, 9.25], "texture": "#1_1"},
				"up": {"uv": [10.25, 0.5, 7, 0], "texture": "#1_1"},
				"down": {"uv": [10.25, 0.75, 7, 1.25], "texture": "#1_1"}
			}
		},
		{
			"from": [2, 3.625, -0.5],
			"to": [7, 7.625, 1],
			"rotation": {"angle": 0, "axis": "y", "origin": [0, 1, -1]},
			"faces": {
				"north": {"uv": [7, 1.5, 8.25, 2.5], "texture": "#1_1"},
				"east": {"uv": [5, 8.75, 5.375, 9.75], "texture": "#1_1"},
				"south": {"uv": [7, 2.75, 8.25, 3.75], "texture": "#1_1"},
				"west": {"uv": [3.75, 9, 4.125, 10], "texture": "#1_1"},
				"up": {"uv": [10, 6.625, 8.75, 6.25], "texture": "#1_1"},
				"down": {"uv": [3.5, 9, 2.25, 9.375], "texture": "#1_1"}
			}
		},
		{
			"from": [4.25, 6.375, 0.275],
			"to": [4.75, 6.875, 1.775],
			"rotation": {"angle": -22.5, "axis": "x", "origin": [4.5, 6.25, 0.25]},
			"faces": {
				"north": {"uv": [6.25, 9, 6.375, 9.125], "texture": "#1_1"},
				"east": {"uv": [7.75, 5.5, 8.125, 5.625], "texture": "#1_1"},
				"south": {"uv": [6.75, 9, 6.875, 9.125], "texture": "#1_1"},
				"west": {"uv": [8.75, 7, 9.125, 7.125], "texture": "#1_1"},
				"up": {"uv": [5.875, 9.125, 5.75, 8.75], "texture": "#1_1"},
				"down": {"uv": [4.625, 9, 4.5, 9.375], "texture": "#1_1"}
			}
		},
		{
			"from": [2.75, 4.875, 1.825],
			"to": [6.25, 8.375, 1.825],
			"rotation": {"angle": -22.5, "axis": "x", "origin": [4.5, 6.25, 0.25]},
			"faces": {
				"north": {"uv": [2.25, 7.5, 3.125, 8.375], "texture": "#1_1"},
				"east": {"uv": [0, 0, 0, 0], "texture": "#1_1"},
				"south": {"uv": [5, 7.5, 5.875, 8.375], "texture": "#1_1"},
				"west": {"uv": [0, 0, 0, 0], "texture": "#1_1"},
				"up": {"uv": [0, 0, 0, 0], "texture": "#1_1"},
				"down": {"uv": [0, 0, 0, 0], "texture": "#1_1"}
			}
		}
	],
	"display": {
		"thirdperson_righthand": {
			"rotation": [75, 45, 0],
			"translation": [0, 2.5, 0],
			"scale": [0.375, 0.375, 0.375]
		},
		"thirdperson_lefthand": {
			"rotation": [75, 45, 0],
			"translation": [0, 2.5, 0],
			"scale": [0.375, 0.375, 0.375]
		},
		"firstperson_righthand": {
			"rotation": [0, 45, 0],
			"scale": [0.4, 0.4, 0.4]
		},
		"firstperson_lefthand": {
			"rotation": [0, 225, 0],
			"scale": [0.4, 0.4, 0.4]
		},
		"ground": {
			"translation": [0, 3, 0],
			"scale": [0.25, 0.25, 0.25]
		},
		"gui": {
			"rotation": [30, 225, 0],
			"translation": [0.25, 1, 0],
			"scale": [0.37, 0.37, 0.37]
		},
		"head": {
			"translation": [0, -9.25, 11.75],
			"scale": [3.5, 3.5, 3.5]
		}
	},
	"groups": [
		{
			"name": "group",
			"origin": [3, 6, -6.5],
			"color": 0,
			"children": [
				0,
				1,
				2,
				3,
				4,
				5,
				6,
				7,
				8,
				9,
				10,
				11,
				12,
				13,
				14,
				15,
				16,
				17,
				18,
				19,
				20,
				21,
				22,
				23,
				24,
				25,
				26,
				27,
				28,
				29,
				30,
				31,
				32,
				33,
				34,
				35,
				36,
				37,
				38,
				39,
				40,
				41,
				42,
				43,
				44,
				45,
				46,
				47,
				48,
				49,
				50,
				51,
				52,
				53,
				54,
				55,
				56,
				57,
				58,
				59
			]
		},
		{
			"name": "seats",
			"origin": [8, 8, 8],
			"color": 0,
			"children": [
				{
					"name": "group",
					"origin": [8.5, 3, -9.5],
					"color": 0,
					"children": [60, 61, 62, 63]
				}
			]
		},
		64,
		65,
		66,
		67,
		68,
		{
			"name": "group",
			"origin": [0, -0.51366, 0.32277],
			"color": 0,
			"children": [69, 70, 71, 72]
		},
		{
			"name": "lp_seats",
			"origin": [8, 8, 8],
			"color": 0,
			"children": [
				{
					"name": "group",
					"origin": [4.5, 6.25, 0.25],
					"color": 0,
					"children": [
						{
							"name": "group",
							"origin": [11.752, 3.002, 5.498],
							"color": 0,
							"children": [73, 74, 75, 76]
						},
						77,
						78,
						79,
						80,
						81
					]
				}
			]
		}
	]
}