{
	"credit": "www.sebxter.pl",
	"texture_size": [128, 128],
	"textures": {
		"1": "block/vehiles/car/seats",
		"7": "block/vehiles/car/postman_car",
		"particle": "sebxter:tires_pack/tire_1"
	},
	"elements": [
		{
			"from": [-1, 4, -6.5],
			"to": [17, 7, -0.5],
			"rotation": {"angle": 0, "axis": "y", "origin": [8, 4.5, -6]},
			"faces": {
				"north": {"uv": [0, 10.5, 2.25, 10.875], "texture": "#7"},
				"east": {"uv": [0, 5.5, 0.75, 5.875], "texture": "#7"},
				"south": {"uv": [10.5, 0, 12.75, 0.375], "texture": "#7"},
				"west": {"uv": [0.875, 5.5, 1.625, 5.875], "texture": "#7"},
				"up": {"uv": [9.125, 2.5, 6.875, 1.75], "texture": "#7"},
				"down": {"uv": [9.125, 2.625, 6.875, 3.375], "texture": "#7"}
			}
		},
		{
			"from": [1, 0, -6.5],
			"to": [15, 4, -0.5],
			"rotation": {"angle": 0, "axis": "y", "origin": [8, 2, 8.5]},
			"faces": {
				"north": {"uv": [6.625, 9.875, 8.375, 10.375], "texture": "#7"},
				"east": {"uv": [6, 0.875, 6.75, 1.375], "texture": "#7"},
				"south": {"uv": [8.5, 10, 10.25, 10.5], "texture": "#7"},
				"west": {"uv": [8, 9.25, 8.75, 9.75], "texture": "#7"},
				"up": {"uv": [10.375, 0.75, 8.625, 0], "texture": "#7"},
				"down": {"uv": [1.75, 9, 0, 9.75], "texture": "#7"}
			}
		},
		{
			"from": [-1, 4, 17.5],
			"to": [17, 7, 23.5],
			"rotation": {"angle": 0, "axis": "y", "origin": [8, 5.5, 20.5]},
			"faces": {
				"north": {"uv": [6.625, 10.625, 8.875, 11], "texture": "#7"},
				"east": {"uv": [2.375, 6, 3.125, 6.375], "texture": "#7"},
				"south": {"uv": [9, 10.625, 11.25, 11], "texture": "#7"},
				"west": {"uv": [3.25, 6, 4, 6.375], "texture": "#7"},
				"up": {"uv": [2.25, 7.75, 0, 7], "texture": "#7"},
				"down": {"uv": [9.25, 3.5, 7, 4.25], "texture": "#7"}
			}
		},
		{
			"from": [-1, 0, -10.5],
			"to": [17, 7, -6.5],
			"rotation": {"angle": 0, "axis": "y", "origin": [8, 4.5, -6]},
			"faces": {
				"north": {"uv": [2.25, 4, 4.5, 4.875], "texture": "#7"},
				"east": {"uv": [7.625, 11.125, 8.125, 12], "texture": "#7"},
				"south": {"uv": [4.5, 1.5, 6.75, 2.375], "texture": "#7"},
				"west": {"uv": [8.25, 11.125, 8.75, 12], "texture": "#7"},
				"up": {"uv": [11.625, 3.5, 9.375, 3], "texture": "#7"},
				"down": {"uv": [11.625, 3.625, 9.375, 4.125], "texture": "#7"}
			}
		},
		{
			"from": [13.25, 4.6, -11],
			"to": [16.25, 5.6, -10],
			"rotation": {"angle": 0, "axis": "y", "origin": [8, 5.35, -10.25]},
			"faces": {
				"north": {"uv": [9.25, 5.875, 9.625, 6], "texture": "#7"},
				"east": {"uv": [3.5, 9.875, 3.625, 10], "texture": "#7"},
				"south": {"uv": [5, 10.75, 5.375, 10.875], "texture": "#7"},
				"west": {"uv": [13, 6.25, 13.125, 6.375], "texture": "#7"},
				"up": {"uv": [12.75, 11.75, 12.375, 11.625], "texture": "#7"},
				"down": {"uv": [12.875, 0.875, 12.5, 1], "texture": "#7"}
			}
		},
		{
			"from": [13.5, 5.6, -11],
			"to": [15.5, 6.6, -10],
			"rotation": {"angle": 22.5, "axis": "y", "origin": [14.5, 6.1, -10.5]},
			"faces": {
				"north": {"uv": [12.75, 1.375, 13, 1.5], "texture": "#7"},
				"east": {"uv": [13, 6.5, 13.125, 6.625], "texture": "#7"},
				"south": {"uv": [12.75, 2.25, 13, 2.375], "texture": "#7"},
				"west": {"uv": [13, 7, 13.125, 7.125], "texture": "#7"},
				"up": {"uv": [13, 2.625, 12.75, 2.5], "texture": "#7"},
				"down": {"uv": [3.75, 12.75, 3.5, 12.875], "texture": "#7"}
			}
		},
		{
			"from": [0.5, 5.6, -11],
			"to": [2.5, 6.6, -10],
			"rotation": {"angle": -22.5, "axis": "y", "origin": [1.5, 6.1, -10.5]},
			"faces": {
				"north": {"uv": [3.875, 12.75, 4.125, 12.875], "texture": "#7"},
				"east": {"uv": [9.625, 13, 9.75, 13.125], "texture": "#7"},
				"south": {"uv": [4.25, 12.75, 4.5, 12.875], "texture": "#7"},
				"west": {"uv": [9.875, 13, 10, 13.125], "texture": "#7"},
				"up": {"uv": [4.875, 12.875, 4.625, 12.75], "texture": "#7"},
				"down": {"uv": [13, 5.75, 12.75, 5.875], "texture": "#7"}
			}
		},
		{
			"from": [-0.25, 4.6, -11],
			"to": [2.75, 5.6, -10],
			"rotation": {"angle": 0, "axis": "y", "origin": [8, 5.35, -10.25]},
			"faces": {
				"north": {"uv": [12.5, 1.125, 12.875, 1.25], "texture": "#7"},
				"east": {"uv": [13, 10, 13.125, 10.125], "texture": "#7"},
				"south": {"uv": [12.5, 7, 12.875, 7.125], "texture": "#7"},
				"west": {"uv": [13, 10.25, 13.125, 10.375], "texture": "#7"},
				"up": {"uv": [9.5, 12.625, 9.125, 12.5], "texture": "#7"},
				"down": {"uv": [12.875, 12.25, 12.5, 12.375], "texture": "#7"}
			}
		},
		{
			"from": [11.5, 3.5, -11],
			"to": [12.5, 7.5, -9],
			"rotation": {"angle": 0, "axis": "y", "origin": [8, 5.75, -10.25]},
			"faces": {
				"north": {"uv": [1, 12.5, 1.125, 13], "texture": "#7"},
				"east": {"uv": [2.75, 12, 3, 12.5], "texture": "#7"},
				"south": {"uv": [1.25, 12.5, 1.375, 13], "texture": "#7"},
				"west": {"uv": [3.125, 12, 3.375, 12.5], "texture": "#7"},
				"up": {"uv": [12.875, 6.25, 12.75, 6], "texture": "#7"},
				"down": {"uv": [12.875, 6.375, 12.75, 6.625], "texture": "#7"}
			}
		},
		{
			"from": [9.5, 3.5, -11],
			"to": [10.5, 7.5, -9],
			"rotation": {"angle": 0, "axis": "y", "origin": [8, 5.75, -10.25]},
			"faces": {
				"north": {"uv": [1.5, 12.5, 1.625, 13], "texture": "#7"},
				"east": {"uv": [11.5, 12, 11.75, 12.5], "texture": "#7"},
				"south": {"uv": [1.75, 12.5, 1.875, 13], "texture": "#7"},
				"west": {"uv": [11.875, 12, 12.125, 12.5], "texture": "#7"},
				"up": {"uv": [7.75, 13, 7.625, 12.75], "texture": "#7"},
				"down": {"uv": [8, 12.75, 7.875, 13], "texture": "#7"}
			}
		},
		{
			"from": [2.5, 6.5, -9],
			"to": [13.5, 7.5, -8],
			"rotation": {"angle": 45, "axis": "x", "origin": [8, 7, -8.5]},
			"faces": {
				"north": {"uv": [7.625, 7, 9, 7.125], "texture": "#7"},
				"east": {"uv": [13, 12, 13.125, 12.125], "texture": "#7"},
				"south": {"uv": [3.75, 9, 5.125, 9.125], "texture": "#7"},
				"west": {"uv": [12.125, 13, 12.25, 13.125], "texture": "#7"},
				"up": {"uv": [4.875, 10.875, 3.5, 10.75], "texture": "#7"},
				"down": {"uv": [13.25, 2.75, 11.875, 2.875], "texture": "#7"}
			}
		},
		{
			"from": [7.5, 3.5, -11],
			"to": [8.5, 7.5, -9],
			"rotation": {"angle": 0, "axis": "y", "origin": [8, 5.75, -10.25]},
			"faces": {
				"north": {"uv": [2, 12.5, 2.125, 13], "texture": "#7"},
				"east": {"uv": [3.5, 12.125, 3.75, 12.625], "texture": "#7"},
				"south": {"uv": [12.5, 5.75, 12.625, 6.25], "texture": "#7"},
				"west": {"uv": [3.875, 12.125, 4.125, 12.625], "texture": "#7"},
				"up": {"uv": [8.25, 13, 8.125, 12.75], "texture": "#7"},
				"down": {"uv": [9.25, 12.75, 9.125, 13], "texture": "#7"}
			}
		},
		{
			"from": [5.5, 3.5, -11],
			"to": [6.5, 7.5, -9],
			"rotation": {"angle": 0, "axis": "y", "origin": [8, 5.75, -10.25]},
			"faces": {
				"north": {"uv": [12.5, 6.375, 12.625, 6.875], "texture": "#7"},
				"east": {"uv": [4.25, 12.125, 4.5, 12.625], "texture": "#7"},
				"south": {"uv": [8.375, 12.5, 8.5, 13], "texture": "#7"},
				"west": {"uv": [4.625, 12.125, 4.875, 12.625], "texture": "#7"},
				"up": {"uv": [9.5, 13, 9.375, 12.75], "texture": "#7"},
				"down": {"uv": [12.875, 10, 12.75, 10.25], "texture": "#7"}
			}
		},
		{
			"from": [3.5, 3.5, -11],
			"to": [4.5, 7.5, -9],
			"rotation": {"angle": 0, "axis": "y", "origin": [8, 5.75, -10.25]},
			"faces": {
				"north": {"uv": [8.625, 12.5, 8.75, 13], "texture": "#7"},
				"east": {"uv": [7.625, 12.125, 7.875, 12.625], "texture": "#7"},
				"south": {"uv": [8.875, 12.5, 9, 13], "texture": "#7"},
				"west": {"uv": [8, 12.125, 8.25, 12.625], "texture": "#7"},
				"up": {"uv": [12.625, 13, 12.5, 12.75], "texture": "#7"},
				"down": {"uv": [12.875, 12.75, 12.75, 13], "texture": "#7"}
			}
		},
		{
			"from": [-1.5, 2.5, -11.5],
			"to": [17.5, 4.5, -7.5],
			"rotation": {"angle": 0, "axis": "y", "origin": [8.5, 3, -9.5]},
			"faces": {
				"north": {"uv": [11, 4.25, 13.375, 4.5], "texture": "#7"},
				"east": {"uv": [7, 6.125, 7.5, 6.375], "texture": "#7"},
				"south": {"uv": [11, 4.625, 13.375, 4.875], "texture": "#7"},
				"west": {"uv": [12.125, 1.375, 12.625, 1.625], "texture": "#7"},
				"up": {"uv": [11.625, 5.75, 9.25, 5.25], "texture": "#7"},
				"down": {"uv": [7.875, 9.25, 5.5, 9.75], "texture": "#7"}
			}
		},
		{
			"from": [-2, 1.25, -12],
			"to": [18, 2.25, -7],
			"rotation": {"angle": 0, "axis": "y", "origin": [8.5, 3, -9.5]},
			"faces": {
				"north": {"uv": [9.5, 1.5, 12, 1.625], "texture": "#7"},
				"east": {"uv": [12.25, 10.375, 12.875, 10.5], "texture": "#7"},
				"south": {"uv": [10.875, 9.75, 13.375, 9.875], "texture": "#7"},
				"west": {"uv": [12.25, 12, 12.875, 12.125], "texture": "#7"},
				"up": {"uv": [2.5, 8.875, 0, 8.25], "texture": "#7"},
				"down": {"uv": [5.125, 8.25, 2.625, 8.875], "texture": "#7"}
			}
		},
		{
			"from": [-2, 1.5, 24.5],
			"to": [18, 4.5, 28.5],
			"rotation": {"angle": 0, "axis": "y", "origin": [8, 3, 26.5]},
			"faces": {
				"north": {"uv": [9.875, 5.875, 12.375, 6.25], "texture": "#7"},
				"east": {"uv": [11.875, 0.875, 12.375, 1.25], "texture": "#7"},
				"south": {"uv": [9.875, 6.375, 12.375, 6.75], "texture": "#7"},
				"west": {"uv": [11.875, 6.875, 12.375, 7.25], "texture": "#7"},
				"up": {"uv": [11.75, 2.25, 9.25, 1.75], "texture": "#7"},
				"down": {"uv": [11.75, 2.375, 9.25, 2.875], "texture": "#7"}
			}
		},
		{
			"from": [3, 4.5, 27.5],
			"to": [13, 5.5, 28.5],
			"rotation": {"angle": 22.5, "axis": "x", "origin": [8, 5, 28]},
			"faces": {
				"north": {"uv": [11.875, 11.375, 13.125, 11.5], "texture": "#7"},
				"east": {"uv": [13, 12.25, 13.125, 12.375], "texture": "#7"},
				"south": {"uv": [0, 12, 1.25, 12.125], "texture": "#7"},
				"west": {"uv": [13, 12.5, 13.125, 12.625], "texture": "#7"},
				"up": {"uv": [2.625, 12.125, 1.375, 12], "texture": "#7"},
				"down": {"uv": [11.375, 12, 10.125, 12.125], "texture": "#7"}
			}
		},
		{
			"from": [-1, 0, 23.5],
			"to": [17, 7, 27.5],
			"rotation": {"angle": 0, "axis": "y", "origin": [8, 3.5, 25.5]},
			"faces": {
				"north": {"uv": [4.5, 2.5, 6.75, 3.375], "texture": "#7"},
				"east": {"uv": [8.875, 11.125, 9.375, 12], "texture": "#7"},
				"south": {"uv": [4.625, 3.5, 6.875, 4.375], "texture": "#7"},
				"west": {"uv": [9.5, 11.125, 10, 12], "texture": "#7"},
				"up": {"uv": [11.75, 1.375, 9.5, 0.875], "texture": "#7"},
				"down": {"uv": [2.25, 9.875, 0, 10.375], "texture": "#7"}
			}
		},
		{
			"from": [-0.5, 4.75, 27.1],
			"to": [2.5, 6.75, 28.1],
			"rotation": {"angle": -22.5, "axis": "x", "origin": [1, 5.75, 27.35]},
			"faces": {
				"north": {"uv": [8.375, 12.125, 8.75, 12.375], "texture": "#7"},
				"east": {"uv": [0, 12.875, 0.125, 13.125], "texture": "#7"},
				"south": {"uv": [8.875, 12.125, 9.25, 12.375], "texture": "#7"},
				"west": {"uv": [12.875, 0, 13, 0.25], "texture": "#7"},
				"up": {"uv": [12.875, 12.625, 12.5, 12.5], "texture": "#7"},
				"down": {"uv": [0.375, 12.625, 0, 12.75], "texture": "#7"}
			}
		},
		{
			"from": [13.5, 4.75, 27.1],
			"to": [16.5, 6.75, 28.1],
			"rotation": {"angle": -22.5, "axis": "x", "origin": [15, 5.75, 27.35]},
			"faces": {
				"north": {"uv": [9.375, 12.125, 9.75, 12.375], "texture": "#7"},
				"east": {"uv": [0.25, 12.875, 0.375, 13.125], "texture": "#7"},
				"south": {"uv": [0, 12.25, 0.375, 12.5], "texture": "#7"},
				"west": {"uv": [2.75, 12.875, 2.875, 13.125], "texture": "#7"},
				"up": {"uv": [3.125, 12.75, 2.75, 12.625], "texture": "#7"},
				"down": {"uv": [11.75, 12.625, 11.375, 12.75], "texture": "#7"}
			}
		},
		{
			"from": [1, 0, -0.5],
			"to": [15, 1, 16.5],
			"rotation": {"angle": 0, "axis": "y", "origin": [8, 3.5, 11.33333]},
			"faces": {
				"up": {"uv": [1.75, 2.125, 0, 0], "texture": "#7"},
				"down": {"uv": [3.625, 0, 1.875, 2.125], "texture": "#7"}
			}
		},
		{
			"from": [1, 0.03702, -0.31389],
			"to": [15, 7.03702, 0.68611],
			"rotation": {"angle": -22.5, "axis": "x", "origin": [8, 4.03702, 0.18611]},
			"faces": {
				"south": {"uv": [5.25, 8.25, 7, 9.125], "texture": "#7"}
			}
		},
		{
			"from": [-2, 2.9, -1.5],
			"to": [18, 4.9, -0.5],
			"rotation": {"angle": -22.5, "axis": "x", "origin": [-1.5, 4.9, 0]},
			"faces": {
				"north": {"uv": [9.125, 7.875, 11.625, 8.125], "texture": "#7"},
				"east": {"uv": [3, 12.875, 3.125, 13.125], "texture": "#7"},
				"south": {"uv": [10.5, 0.5, 13, 0.75], "texture": "#7"},
				"west": {"uv": [5, 12.875, 5.125, 13.125], "texture": "#7"},
				"up": {"uv": [13.5, 5.125, 11, 5], "texture": "#7"},
				"down": {"uv": [13.875, 10.625, 11.375, 10.75], "texture": "#7"}
			}
		},
		{
			"from": [-2, 1.75195, -6.65224],
			"to": [18, 3.75195, -5.65224],
			"rotation": {"angle": 22.5, "axis": "x", "origin": [-1.5, 3.75195, -4.15224]},
			"faces": {
				"north": {"uv": [10.875, 8.25, 13.375, 8.5], "texture": "#7"},
				"east": {"uv": [5.25, 12.875, 5.375, 13.125], "texture": "#7"},
				"south": {"uv": [10.875, 8.625, 13.375, 8.875], "texture": "#7"},
				"west": {"uv": [5.5, 12.875, 5.625, 13.125], "texture": "#7"},
				"up": {"uv": [13.875, 11, 11.375, 10.875], "texture": "#7"},
				"down": {"uv": [14.25, 3, 11.75, 3.125], "texture": "#7"}
			}
		},
		{
			"from": [-1.995, 3.71366, -6.45694],
			"to": [17.995, 4.70366, -0.46694],
			"rotation": {"angle": 0, "axis": "y", "origin": [-1.5, 5.20866, -2.46194]},
			"faces": {
				"north": {"uv": [11.75, 3.25, 14.25, 3.375], "texture": "#7"},
				"east": {"uv": [0.5, 12.25, 1.25, 12.375], "texture": "#7"},
				"south": {"uv": [11.75, 3.5, 14.25, 3.625], "texture": "#7"},
				"west": {"uv": [1.375, 12.25, 2.125, 12.375], "texture": "#7"},
				"up": {"uv": [8.5, 0.75, 6, 0], "texture": "#7"},
				"down": {"uv": [4.875, 6.5, 2.375, 7.25], "texture": "#7"}
			}
		},
		{
			"from": [-2, 1.75195, 17.34776],
			"to": [18, 3.75195, 18.34776],
			"rotation": {"angle": 22.5, "axis": "x", "origin": [-1.5, 3.75195, 19.84776]},
			"faces": {
				"north": {"uv": [10.875, 9, 13.375, 9.25], "texture": "#7"},
				"east": {"uv": [5.75, 12.875, 5.875, 13.125], "texture": "#7"},
				"south": {"uv": [10.875, 9.375, 13.375, 9.625], "texture": "#7"},
				"west": {"uv": [11.375, 12.875, 11.5, 13.125], "texture": "#7"},
				"up": {"uv": [14.25, 3.875, 11.75, 3.75], "texture": "#7"},
				"down": {"uv": [14.25, 4, 11.75, 4.125], "texture": "#7"}
			}
		},
		{
			"from": [-1.995, 3.71366, 17.54306],
			"to": [17.995, 4.70366, 23.53306],
			"rotation": {"angle": 0, "axis": "y", "origin": [-1.5, 5.20866, 21.53806]},
			"faces": {
				"north": {"uv": [11.75, 5.25, 14.25, 5.375], "texture": "#7"},
				"east": {"uv": [12.25, 1.75, 13, 1.875], "texture": "#7"},
				"south": {"uv": [11.75, 5.5, 14.25, 5.625], "texture": "#7"},
				"west": {"uv": [12.25, 2, 13, 2.125], "texture": "#7"},
				"up": {"uv": [7.5, 7.25, 5, 6.5], "texture": "#7"},
				"down": {"uv": [9.375, 0.875, 6.875, 1.625], "texture": "#7"}
			}
		},
		{
			"from": [-2, 2.9, 22.5],
			"to": [18, 4.9, 23.5],
			"rotation": {"angle": -22.5, "axis": "x", "origin": [-1.5, 4.9, 24]},
			"faces": {
				"north": {"uv": [0, 11, 2.5, 11.25], "texture": "#7"},
				"east": {"uv": [11.625, 12.875, 11.75, 13.125], "texture": "#7"},
				"south": {"uv": [2.625, 11, 5.125, 11.25], "texture": "#7"},
				"west": {"uv": [12.875, 11.625, 13, 11.875], "texture": "#7"},
				"up": {"uv": [14.25, 7.875, 11.75, 7.75], "texture": "#7"},
				"down": {"uv": [14.25, 8, 11.75, 8.125], "texture": "#7"}
			}
		},
		{
			"from": [1, 0, 17.5],
			"to": [15, 4, 23.5],
			"rotation": {"angle": 0, "axis": "y", "origin": [8, 2, 32.5]},
			"faces": {
				"north": {"uv": [3.5, 10.125, 5.25, 10.625], "texture": "#7"},
				"east": {"uv": [10.125, 11.125, 10.875, 11.625], "texture": "#7"},
				"south": {"uv": [10.375, 10, 12.125, 10.5], "texture": "#7"},
				"west": {"uv": [11, 11.125, 11.75, 11.625], "texture": "#7"},
				"up": {"uv": [3.625, 9.75, 1.875, 9], "texture": "#7"},
				"down": {"uv": [10.75, 8.25, 9, 9], "texture": "#7"}
			}
		},
		{
			"from": [-0.495, 6.52836, -0.35834],
			"to": [0.495, 12.51836, 0.63166],
			"rotation": {"angle": 22.5, "axis": "x", "origin": [8, 9.52336, 0.13666]},
			"faces": {
				"north": {"uv": [9.875, 12.125, 10, 12.875], "texture": "#7"},
				"east": {"uv": [2.25, 12.25, 2.375, 13], "texture": "#7"},
				"south": {"uv": [2.5, 12.25, 2.625, 13], "texture": "#7"},
				"west": {"uv": [10.125, 12.25, 10.25, 13], "texture": "#7"},
				"up": {"uv": [13.125, 12.875, 13, 12.75], "texture": "#7"},
				"down": {"uv": [13.125, 13, 13, 13.125], "texture": "#7"}
			}
		},
		{
			"from": [-0.5, 11.48634, 0.82277],
			"to": [16.5, 12.48634, 11.82277],
			"rotation": {"angle": 0, "axis": "y", "origin": [8, 11.98634, 9.32277]},
			"faces": {
				"north": {"uv": [0, 7.875, 2.125, 8], "texture": "#7"},
				"east": {"uv": [11.875, 7.375, 13.25, 7.5], "texture": "#7"},
				"south": {"uv": [10.125, 11.75, 12.25, 11.875], "texture": "#7"},
				"west": {"uv": [11.875, 11.125, 13.25, 11.25], "texture": "#7"},
				"up": {"uv": [5.875, 1.375, 3.75, 0], "texture": "#7"},
				"down": {"uv": [2.125, 4, 0, 5.375], "texture": "#7"}
			}
		},
		{
			"from": [-0.5, 6.51134, 8.82277],
			"to": [0.5, 11.51134, 11.82277],
			"rotation": {"angle": 0, "axis": "y", "origin": [8, 11.98634, 9.32277]},
			"faces": {
				"north": {"uv": [4.25, 1.5, 4.375, 2.125], "texture": "#7"},
				"east": {"uv": [3.75, 1.5, 4.125, 2.125], "texture": "#7"},
				"south": {"uv": [12.25, 12.25, 12.375, 12.875], "texture": "#7"},
				"west": {"uv": [3.5, 11.375, 3.875, 12], "texture": "#7"},
				"up": {"uv": [5.125, 11.75, 5, 11.375], "texture": "#7"},
				"down": {"uv": [9.75, 12.5, 9.625, 12.875], "texture": "#7"}
			}
		},
		{
			"from": [-0.5, 6.48634, 11.82277],
			"to": [16.5, 12.48634, 24.82277],
			"rotation": {"angle": 0, "axis": "y", "origin": [8, 11.98634, 9.32277]},
			"faces": {
				"north": {"uv": [7, 4.375, 9.125, 5.125], "texture": "#7"},
				"east": {"uv": [3.75, 9.25, 5.375, 10], "texture": "#7"},
				"south": {"uv": [7, 5.25, 9.125, 6], "texture": "#7"},
				"west": {"uv": [9.25, 4.375, 10.875, 5.125], "texture": "#7"},
				"up": {"uv": [2.125, 3.875, 0, 2.25], "texture": "#7"},
				"down": {"uv": [4.375, 2.25, 2.25, 3.875], "texture": "#7"}
			}
		},
		{
			"from": [-0.495, 5.83807, 21.54357],
			"to": [16.495, 11.82807, 27.53357],
			"rotation": {"angle": -22.5, "axis": "x", "origin": [8, 5.33307, 24.53857]},
			"faces": {
				"north": {"uv": [2.375, 7.375, 4.5, 8.125], "texture": "#7"},
				"east": {"uv": [5.25, 11, 6, 11.75], "texture": "#7"},
				"south": {"uv": [4.625, 7.375, 6.75, 8.125], "texture": "#7"},
				"west": {"uv": [11, 6.875, 11.75, 7.625], "texture": "#7"},
				"up": {"uv": [9, 8.125, 6.875, 7.375], "texture": "#7"},
				"down": {"uv": [9.75, 6.125, 7.625, 6.875], "texture": "#7"}
			}
		},
		{
			"from": [15.5, 6.51134, 8.82277],
			"to": [16.5, 11.51134, 11.82277],
			"rotation": {"angle": 0, "axis": "y", "origin": [8, 11.98634, 9.32277]},
			"faces": {
				"north": {"uv": [0.5, 12.5, 0.625, 13.125], "texture": "#7"},
				"east": {"uv": [4, 11.375, 4.375, 12], "texture": "#7"},
				"south": {"uv": [0.75, 12.5, 0.875, 13.125], "texture": "#7"},
				"west": {"uv": [4.5, 11.375, 4.875, 12], "texture": "#7"},
				"up": {"uv": [3.375, 13, 3.25, 12.625], "texture": "#7"},
				"down": {"uv": [12, 12.625, 11.875, 13], "texture": "#7"}
			}
		},
		{
			"from": [15.505, 6.52836, -0.35834],
			"to": [16.495, 12.51836, 0.63166],
			"rotation": {"angle": 22.5, "axis": "x", "origin": [8, 9.52336, 0.13666]},
			"faces": {
				"north": {"uv": [10.375, 12.25, 10.5, 13], "texture": "#7"},
				"east": {"uv": [10.625, 12.25, 10.75, 13], "texture": "#7"},
				"south": {"uv": [10.875, 12.25, 11, 13], "texture": "#7"},
				"west": {"uv": [11.125, 12.25, 11.25, 13], "texture": "#7"},
				"up": {"uv": [13.25, 0.125, 13.125, 0], "texture": "#7"},
				"down": {"uv": [13.25, 0.25, 13.125, 0.375], "texture": "#7"}
			}
		},
		{
			"from": [15, 0, -0.5],
			"to": [17, 7, 17.5],
			"rotation": {"angle": 0, "axis": "y", "origin": [8, 3.5, 11.33333]},
			"faces": {
				"north": {"uv": [11.875, 1.75, 12.125, 2.625], "texture": "#7"},
				"east": {"uv": [4.625, 4.5, 6.875, 5.375], "texture": "#7"},
				"south": {"uv": [5, 11.875, 5.25, 12.75], "texture": "#7"},
				"west": {"uv": [2.25, 5, 4.5, 5.875], "texture": "#7"},
				"up": {"uv": [6.375, 13.25, 6.125, 11], "texture": "#7"},
				"down": {"uv": [6.75, 11.125, 6.5, 13.375], "texture": "#7"}
			}
		},
		{
			"from": [-1, 0, -0.5],
			"to": [1, 7, 17.5],
			"rotation": {"angle": 0, "axis": "y", "origin": [8, 3.5, 11.33333]},
			"faces": {
				"north": {"uv": [5.375, 11.875, 5.625, 12.75], "texture": "#7"},
				"east": {"uv": [4.625, 5.5, 6.875, 6.375], "texture": "#7"},
				"south": {"uv": [5.75, 11.875, 6, 12.75], "texture": "#7"},
				"west": {"uv": [0, 6, 2.25, 6.875], "texture": "#7"},
				"up": {"uv": [7.125, 13.375, 6.875, 11.125], "texture": "#7"},
				"down": {"uv": [7.5, 11.125, 7.25, 13.375], "texture": "#7"}
			}
		},
		{
			"from": [1, 0, 11.5],
			"to": [15, 7, 17.5],
			"rotation": {"angle": 0, "axis": "y", "origin": [8, 3.5, 11.33333]},
			"faces": {
				"north": {"uv": [7.125, 8.25, 8.875, 9.125], "texture": "#7"},
				"up": {"uv": [10.875, 7.75, 9.125, 7], "texture": "#7"},
				"down": {"uv": [10.75, 9.125, 9, 9.875], "texture": "#7"}
			}
		},
		{
			"from": [-4.3, 7, -0.4],
			"to": [-1.3, 9, -0.4],
			"rotation": {"angle": 22.5, "axis": "y", "origin": [-2.8, 8, -0.75]},
			"faces": {
				"north": {"uv": [1.75, 5.5, 2.125, 5.75], "texture": "#7"},
				"south": {"uv": [4.125, 6, 4.5, 6.25], "texture": "#7"}
			}
		},
		{
			"from": [-5.475, 7.475, -1.25],
			"to": [-3.475, 8.475, -0.25],
			"rotation": {"angle": -45, "axis": "z", "origin": [-3.9, 3.35, 0.5]},
			"faces": {
				"north": {"uv": [12.75, 6.75, 13, 6.875], "texture": "#7"},
				"east": {"uv": [13.125, 0.5, 13.25, 0.625], "texture": "#7"},
				"south": {"uv": [13, 0.875, 13.25, 1], "texture": "#7"},
				"west": {"uv": [1, 13.125, 1.125, 13.25], "texture": "#7"},
				"up": {"uv": [13.25, 1.25, 13, 1.125], "texture": "#7"},
				"down": {"uv": [3.75, 13, 3.5, 13.125], "texture": "#7"}
			}
		},
		{
			"from": [19.475, 7.475, -1.25],
			"to": [21.475, 8.475, -0.25],
			"rotation": {"angle": 45, "axis": "z", "origin": [19.9, 3.35, 0.5]},
			"faces": {
				"north": {"uv": [3.875, 13, 4.125, 13.125], "texture": "#7"},
				"east": {"uv": [1.25, 13.125, 1.375, 13.25], "texture": "#7"},
				"south": {"uv": [4.25, 13, 4.5, 13.125], "texture": "#7"},
				"west": {"uv": [13.125, 1.375, 13.25, 1.5], "texture": "#7"},
				"up": {"uv": [4.875, 13.125, 4.625, 13], "texture": "#7"},
				"down": {"uv": [13.25, 6, 13, 6.125], "texture": "#7"}
			}
		},
		{
			"from": [17.3, 7, -0.4],
			"to": [20.3, 9, -0.4],
			"rotation": {"angle": -22.5, "axis": "y", "origin": [18.8, 8, -0.75]},
			"faces": {
				"north": {"uv": [12.25, 2.25, 12.625, 2.5], "texture": "#7"},
				"south": {"uv": [12.25, 10, 12.625, 10.25], "texture": "#7"}
			}
		},
		{
			"from": [-0.525, 5.65, 15.875],
			"to": [-0.525, 13.65, 23.875],
			"rotation": {"angle": 0, "axis": "y", "origin": [16, 0, 0]},
			"faces": {
				"west": {"uv": [2.375, 9.875, 3.375, 10.875], "texture": "#7"}
			}
		},
		{
			"from": [16.525, 5.65, 15.875],
			"to": [16.525, 13.65, 23.875],
			"faces": {
				"east": {"uv": [5.5, 9.875, 6.5, 10.875], "texture": "#7"}
			}
		},
		{
			"from": [-1, 0, -6.5],
			"to": [17, 4, -0.5],
			"faces": {
				"east": {"uv": [0, 11.375, 0.75, 11.875], "texture": "#7"},
				"west": {"uv": [0.875, 11.375, 1.625, 11.875], "texture": "#7"}
			}
		},
		{
			"from": [-1, 0, 17.5],
			"to": [17, 4, 23.5],
			"faces": {
				"east": {"uv": [1.75, 11.375, 2.5, 11.875], "texture": "#7"},
				"west": {"uv": [2.625, 11.375, 3.375, 11.875], "texture": "#7"}
			}
		},
		{
			"from": [0.5, 6.96134, -0.17723],
			"to": [15.5, 12.96134, 0.32277],
			"rotation": {"angle": 22.5, "axis": "x", "origin": [8.5, 9.46134, -1.17723]},
			"faces": {
				"north": {"uv": [0, 13.8125, 1.875, 14.5625], "texture": "#7"},
				"south": {"uv": [1.875, 13.8125, 0, 14.5625], "texture": "#7"}
			}
		},
		{
			"from": [0.5, 6.96134, 18.17723],
			"to": [15.5, 12.96134, 18.67723],
			"rotation": {"angle": -22.5, "axis": "x", "origin": [8.5, 9.46134, 19.67723]},
			"color": 0,
			"faces": {
				"south": {"uv": [1.875, 0, 3.75, 0.75], "texture": "#missing"}
			}
		},
		{
			"from": [-0.25, 6.96134, -0.92723],
			"to": [0.25, 11.96134, 9.07277],
			"rotation": {"angle": 0, "axis": "y", "origin": [0, -0.51366, 0.32277]},
			"faces": {
				"east": {"uv": [7.625, 15.375, 6.375, 16], "texture": "#7"},
				"west": {"uv": [6.375, 15.375, 7.625, 16], "texture": "#7"}
			}
		},
		{
			"from": [15.75, 6.96134, -0.92723],
			"to": [16.25, 11.96134, 9.07277],
			"rotation": {"angle": 0, "axis": "y", "origin": [16, -0.51366, 0.32277]},
			"faces": {
				"east": {"uv": [7.625, 15.375, 6.375, 16], "texture": "#7"},
				"west": {"uv": [6.375, 15.375, 7.625, 16], "texture": "#7"}
			}
		},
		{
			"from": [9, 0.87026, 7.41151],
			"to": [14.5, 7.87026, 9.41151],
			"rotation": {"angle": 22.5, "axis": "x", "origin": [11.75, 4.37026, 8.41151]},
			"faces": {
				"north": {"uv": [3.5, 3, 4.875, 4.75], "texture": "#1"},
				"east": {"uv": [3.5, 7, 4, 8.75], "texture": "#1"},
				"south": {"uv": [0, 4, 1.375, 5.75], "texture": "#1"},
				"west": {"uv": [7, 4, 7.5, 5.75], "texture": "#1"},
				"up": {"uv": [7.625, 8, 6.25, 7.5], "texture": "#1"},
				"down": {"uv": [0, 0, 0, 0], "texture": "#1"}
			}
		},
		{
			"from": [9.004, 0.754, 3],
			"to": [14.5, 2.75, 7.996],
			"rotation": {"angle": 0, "axis": "y", "origin": [11.752, 3.002, 5.498]},
			"faces": {
				"north": {"uv": [7.75, 4, 9.125, 4.5], "texture": "#1"},
				"east": {"uv": [6.25, 8.25, 7.5, 8.75], "texture": "#1"},
				"south": {"uv": [0, 0, 0, 0], "texture": "#1"},
				"west": {"uv": [7.75, 8.25, 9, 8.75], "texture": "#1"},
				"up": {"uv": [6.625, 4.25, 5.25, 3], "texture": "#1"},
				"down": {"uv": [6.625, 4.5, 5.25, 5.75], "texture": "#1"}
			}
		},
		{
			"from": [1.5, 0.754, 3],
			"to": [6.996, 2.75, 7.996],
			"rotation": {"angle": 0, "axis": "y", "origin": [4.248, 3.002, 5.498]},
			"faces": {
				"north": {"uv": [7.75, 4.75, 9.125, 5.25], "texture": "#1"},
				"east": {"uv": [8.5, 1.5, 9.75, 2], "texture": "#1"},
				"south": {"uv": [0, 0, 0, 0], "texture": "#1"},
				"west": {"uv": [8.5, 2.25, 9.75, 2.75], "texture": "#1"},
				"up": {"uv": [1.375, 7.25, 0, 6], "texture": "#1"},
				"down": {"uv": [3.125, 6, 1.75, 7.25], "texture": "#1"}
			}
		},
		{
			"from": [1.496, 0.87026, 7.41151],
			"to": [6.996, 7.87026, 9.41151],
			"rotation": {"angle": 22.5, "axis": "x", "origin": [4.246, 4.37026, 8.41151]},
			"faces": {
				"north": {"uv": [1.75, 4, 3.125, 5.75], "texture": "#1"},
				"east": {"uv": [4.25, 7, 4.75, 8.75], "texture": "#1"},
				"south": {"uv": [3.5, 5, 4.875, 6.75], "texture": "#1"},
				"west": {"uv": [0, 7.5, 0.5, 9.25], "texture": "#1"},
				"up": {"uv": [9.375, 8, 8, 7.5], "texture": "#1"},
				"down": {"uv": [0, 0, 0, 0], "texture": "#1"}
			}
		},
		{
			"from": [2, 3.625, -0.5],
			"to": [7, 7.625, 1],
			"rotation": {"angle": 0, "axis": "y", "origin": [0, 1, -1]},
			"faces": {
				"north": {"uv": [7, 1.5, 8.25, 2.5], "texture": "#1"},
				"east": {"uv": [5, 8.75, 5.375, 9.75], "texture": "#1"},
				"south": {"uv": [7, 2.75, 8.25, 3.75], "texture": "#1"},
				"west": {"uv": [3.75, 9, 4.125, 10], "texture": "#1"},
				"up": {"uv": [10, 6.625, 8.75, 6.25], "texture": "#1"},
				"down": {"uv": [3.5, 9, 2.25, 9.375], "texture": "#1"}
			}
		},
		{
			"from": [4.25, 6.375, 0.275],
			"to": [4.75, 6.875, 1.775],
			"rotation": {"angle": -22.5, "axis": "x", "origin": [4.5, 6.25, 0.25]},
			"faces": {
				"north": {"uv": [6.25, 9, 6.375, 9.125], "texture": "#1"},
				"east": {"uv": [7.75, 5.5, 8.125, 5.625], "texture": "#1"},
				"south": {"uv": [6.75, 9, 6.875, 9.125], "texture": "#1"},
				"west": {"uv": [8.75, 7, 9.125, 7.125], "texture": "#1"},
				"up": {"uv": [5.875, 9.125, 5.75, 8.75], "texture": "#1"},
				"down": {"uv": [4.625, 9, 4.5, 9.375], "texture": "#1"}
			}
		},
		{
			"from": [2.75, 4.875, 1.825],
			"to": [6.25, 8.375, 1.825],
			"rotation": {"angle": -22.5, "axis": "x", "origin": [4.5, 6.25, 0.25]},
			"faces": {
				"north": {"uv": [2.25, 7.5, 3.125, 8.375], "texture": "#1"},
				"east": {"uv": [0, 0, 0, 0], "texture": "#1"},
				"south": {"uv": [5, 7.5, 5.875, 8.375], "texture": "#1"},
				"west": {"uv": [0, 0, 0, 0], "texture": "#1"},
				"up": {"uv": [0, 0, 0, 0], "texture": "#1"},
				"down": {"uv": [0, 0, 0, 0], "texture": "#1"}
			}
		}
	],
	"display": {
		"thirdperson_righthand": {
			"rotation": [75, 45, 0],
			"translation": [0, 2.5, 0],
			"scale": [0.375, 0.375, 0.375]
		},
		"thirdperson_lefthand": {
			"rotation": [75, 45, 0],
			"translation": [0, 2.5, 0],
			"scale": [0.375, 0.375, 0.375]
		},
		"firstperson_righthand": {
			"rotation": [0, 45, 0],
			"scale": [0.4, 0.4, 0.4]
		},
		"firstperson_lefthand": {
			"rotation": [0, 225, 0],
			"scale": [0.4, 0.4, 0.4]
		},
		"ground": {
			"translation": [0, 3, 0],
			"scale": [0.25, 0.25, 0.25]
		},
		"gui": {
			"rotation": [30, 225, 0],
			"translation": [0.25, 0.75, 0],
			"scale": [0.35, 0.35, 0.35]
		},
		"head": {
			"translation": [0, -9.25, 11.75],
			"scale": [3.5, 3.5, 3.5]
		}
	},
	"groups": [
		{
			"name": "group",
			"origin": [3, 6, -6.5],
			"color": 0,
			"children": [0, 1, 2, 3, 4, 5, 6, 7, 8, 9, 10, 11, 12, 13, 14, 15, 16, 17, 18, 19, 20, 21, 22, 23, 24, 25, 26, 27, 28, 29, 30, 31, 32, 33, 34, 35, 36, 37, 38, 39]
		},
		{
			"name": "seats",
			"origin": [8, 8, 8],
			"color": 0,
			"children": [
				{
					"name": "group",
					"origin": [8.5, 3, -9.5],
					"color": 0,
					"children": [40, 41, 42, 43]
				}
			]
		},
		44,
		45,
		{
			"name": "tires2",
			"origin": [8, 8, 8],
			"color": 0,
			"children": []
		},
		46,
		47,
		{
			"name": "group",
			"origin": [0, -0.51366, 0.32277],
			"color": 0,
			"children": [48, 49, 50, 51]
		},
		{
			"name": "lp_seats",
			"origin": [8, 8, 8],
			"color": 0,
			"children": [
				{
					"name": "group",
					"origin": [4.5, 6.25, 0.25],
					"color": 0,
					"children": [
						{
							"name": "group",
							"origin": [11.752, 3.002, 5.498],
							"color": 0,
							"children": [52, 53, 54, 55]
						},
						56,
						57,
						58
					]
				}
			]
		}
	]
}