{
	"credit": "www.sebxter.pl",
	"texture_size": [64, 64],
	"textures": {
		"2": "block/vehiles/car/motorcyle_tire",
		"3": "block/vehiles/car/scooter"
	},
	"elements": [
		{
			"from": [6.505, 3.62797, -3.58637],
			"to": [9.495, 4.61797, 1.40363],
			"rotation": {"angle": 22.5, "axis": "x", "origin": [9.75, 5.87297, -0.09137]},
			"faces": {
				"north": {"uv": [3.75, 13.25, 4.5, 13.5], "texture": "#3"},
				"east": {"uv": [9, 5, 10.25, 5.25], "texture": "#3"},
				"south": {"uv": [8.75, 13.25, 9.5, 13.5], "texture": "#3"},
				"west": {"uv": [12.75, 0.5, 14, 0.75], "texture": "#3"},
				"up": {"uv": [0.75, 10.25, 0, 9], "texture": "#3"},
				"down": {"uv": [1.75, 9.5, 1, 10.75], "texture": "#3"}
			}
		},
		{
			"from": [6.5, 4.00565, -8.09135],
			"to": [9.5, 5.00565, -4.09135],
			"rotation": {"angle": -22.5, "axis": "x", "origin": [9.75, 6.25565, -6.59135]},
			"faces": {
				"north": {"uv": [13.25, 9.25, 14, 9.5], "texture": "#3"},
				"east": {"uv": [13, 6.75, 14, 7], "texture": "#3"},
				"south": {"uv": [9.75, 13.25, 10.5, 13.5], "texture": "#3"},
				"west": {"uv": [13, 7.25, 14, 7.5], "texture": "#3"},
				"up": {"uv": [4.25, 10.75, 3.5, 9.75], "texture": "#3"},
				"down": {"uv": [8, 9.75, 7.25, 10.75], "texture": "#3"}
			}
		},
		{
			"from": [6.505, 2.80447, -7.07203],
			"to": [9.495, 3.79447, 1.91797],
			"rotation": {"angle": 22.5, "axis": "x", "origin": [8, 3.29947, -5.07703]},
			"faces": {
				"north": {"uv": [13.25, 9.75, 14, 10], "texture": "#3"},
				"east": {"uv": [10.5, 6.5, 12.75, 6.75], "texture": "#3"},
				"south": {"uv": [13.25, 10.25, 14, 10.5], "texture": "#3"},
				"west": {"uv": [10.75, 4.25, 13, 4.5], "texture": "#3"},
				"up": {"uv": [7.5, 5.25, 6.75, 3], "texture": "#3"},
				"down": {"uv": [7.5, 5.5, 6.75, 7.75], "texture": "#3"}
			}
		},
		{
			"from": [6.5, 3.77447, -7.07703],
			"to": [9.5, 5.77447, 1.92297],
			"rotation": {"angle": 22.5, "axis": "x", "origin": [8, 3.29947, -5.07703]},
			"faces": {
				"east": {"uv": [8.5, 7, 10.75, 7.5], "texture": "#3"},
				"west": {"uv": [8.5, 7.75, 10.75, 8.25], "texture": "#3"}
			}
		},
		{
			"from": [6.5, 1.06694, 0.42818],
			"to": [9.5, 4.06694, 1.42818],
			"rotation": {"angle": -22.5, "axis": "x", "origin": [8.5, 2.56694, 0.92818]},
			"faces": {
				"north": {"uv": [10.75, 10.75, 11.5, 11.5], "texture": "#3"},
				"east": {"uv": [2.75, 13.25, 3, 14], "texture": "#3"},
				"south": {"uv": [11, 0, 11.75, 0.75], "texture": "#3"},
				"west": {"uv": [10.75, 13.25, 11, 14], "texture": "#3"},
				"up": {"uv": [12, 13.5, 11.25, 13.25], "texture": "#3"},
				"down": {"uv": [13, 13.25, 12.25, 13.5], "texture": "#3"}
			}
		},
		{
			"from": [5.005, -3.00248, 13.30953],
			"to": [10.995, 2.98752, 15.29953],
			"rotation": {"angle": 45, "axis": "x", "origin": [8.5, 3.97578, 15.85682]},
			"faces": {
				"north": {"uv": [1.5, 5, 3, 6.5], "texture": "#3"},
				"east": {"uv": [10, 9.5, 10.5, 11], "texture": "#3"},
				"south": {"uv": [5, 3, 6.5, 4.5], "texture": "#3"},
				"west": {"uv": [10.25, 0, 10.75, 1.5], "texture": "#3"},
				"up": {"uv": [7, 10.75, 5.5, 10.25], "texture": "#3"},
				"down": {"uv": [11.75, 8.5, 10.25, 9], "texture": "#3"}
			}
		},
		{
			"from": [5.004, 2.08926, 13.36082],
			"to": [10.996, 5.08126, 18.35282],
			"rotation": {"angle": 0, "axis": "x", "origin": [8.5, 3.97578, 15.85682]},
			"faces": {
				"north": {"uv": [8.5, 8.5, 10, 9.25], "texture": "#3"},
				"east": {"uv": [8.5, 9.5, 9.75, 10.25], "texture": "#3"},
				"south": {"uv": [3, 8.75, 4.5, 9.5], "texture": "#3"},
				"west": {"uv": [2, 9.75, 3.25, 10.5], "texture": "#3"},
				"up": {"uv": [7.5, 1.25, 6, 0], "texture": "#3"},
				"down": {"uv": [7.5, 1.5, 6, 2.75], "texture": "#3"}
			}
		},
		{
			"from": [5.005, 4.53306, 16.84507],
			"to": [10.995, 6.52306, 19.83507],
			"rotation": {"angle": 45, "axis": "x", "origin": [8.5, 3.97578, 15.85682]},
			"faces": {
				"north": {"uv": [10.5, 5, 12, 5.5], "texture": "#3"},
				"east": {"uv": [11.5, 1.5, 12.25, 2], "texture": "#3"},
				"south": {"uv": [10.5, 5.75, 12, 6.25], "texture": "#3"},
				"west": {"uv": [1.75, 11.5, 2.5, 12], "texture": "#3"},
				"up": {"uv": [10.5, 2.75, 9, 2], "texture": "#3"},
				"down": {"uv": [10.5, 3, 9, 3.75], "texture": "#3"}
			}
		},
		{
			"from": [5, -0.03607, 11.47814],
			"to": [11, 2.96393, 20.47814],
			"rotation": {"angle": 0, "axis": "x", "origin": [8.5, 2.46393, 18.97814]},
			"faces": {
				"north": {"uv": [9, 4, 10.5, 4.75], "texture": "#3"},
				"east": {"uv": [7.75, 0, 10, 0.75], "texture": "#3"},
				"south": {"uv": [5.5, 9.25, 7, 10], "texture": "#3"},
				"west": {"uv": [7.75, 1, 10, 1.75], "texture": "#3"},
				"up": {"uv": [1.5, 2.25, 0, 0], "texture": "#3"},
				"down": {"uv": [3.25, 0, 1.75, 2.25], "texture": "#3"}
			}
		},
		{
			"from": [5, -0.03607, 2.47814],
			"to": [11, 0.96393, 11.47814],
			"rotation": {"angle": 0, "axis": "x", "origin": [8.5, 2.46393, 20.97814]},
			"faces": {
				"north": {"uv": [11.5, 2.25, 13, 2.5], "texture": "#3"},
				"east": {"uv": [11, 1, 13.25, 1.25], "texture": "#3"},
				"south": {"uv": [11.5, 2.75, 13, 3], "texture": "#3"},
				"west": {"uv": [5.25, 11, 7.5, 11.25], "texture": "#3"},
				"up": {"uv": [1.5, 4.75, 0, 2.5], "texture": "#3"},
				"down": {"uv": [3.25, 2.5, 1.75, 4.75], "texture": "#3"}
			}
		},
		{
			"from": [7, 0.96393, 1.47814],
			"to": [9, 2.96393, 11.47814],
			"rotation": {"angle": 0, "axis": "x", "origin": [8.5, 2.46393, 20.97814]},
			"faces": {
				"north": {"uv": [9.75, 12.5, 10.25, 13], "texture": "#3"},
				"east": {"uv": [7.75, 5.5, 10.25, 6], "texture": "#3"},
				"south": {"uv": [0.75, 13, 1.25, 13.5], "texture": "#3"},
				"west": {"uv": [7.75, 6.25, 10.25, 6.75], "texture": "#3"},
				"up": {"uv": [8.25, 9.5, 7.75, 7], "texture": "#3"},
				"down": {"uv": [5.25, 8, 4.75, 10.5], "texture": "#3"}
			}
		},
		{
			"from": [5.5, 0.96393, 9.47814],
			"to": [10.5, 5.96393, 18.47814],
			"rotation": {"angle": 0, "axis": "x", "origin": [8, 2.46393, 20.97814]},
			"faces": {
				"north": {"uv": [3.25, 7.25, 4.5, 8.5], "texture": "#3"},
				"east": {"uv": [3.5, 0, 5.75, 1.25], "texture": "#3"},
				"south": {"uv": [0, 7.5, 1.25, 8.75], "texture": "#3"},
				"west": {"uv": [3.5, 1.5, 5.75, 2.75], "texture": "#3"},
				"up": {"uv": [4.75, 5.25, 3.5, 3], "texture": "#3"},
				"down": {"uv": [1.25, 5, 0, 7.25], "texture": "#3"}
			}
		},
		{
			"from": [6, 5.96393, 10.47814],
			"to": [10, 6.96393, 16.47814],
			"rotation": {"angle": 0, "axis": "x", "origin": [8, 2.46393, 20.97814]},
			"faces": {
				"north": {"uv": [13, 7.75, 14, 8], "texture": "#3"},
				"east": {"uv": [5.25, 11.5, 6.75, 11.75], "texture": "#3"},
				"south": {"uv": [13, 8.25, 14, 8.5], "texture": "#3"},
				"west": {"uv": [11.5, 9.25, 13, 9.5], "texture": "#3"},
				"up": {"uv": [8.75, 3.5, 7.75, 2], "texture": "#3"},
				"down": {"uv": [8.75, 3.75, 7.75, 5.25], "texture": "#3"}
			}
		},
		{
			"from": [9.06066, 4.69616, 10.47814],
			"to": [11.06066, 5.69616, 16.47814],
			"rotation": {"angle": -45, "axis": "z", "origin": [11.06066, 5.19616, 13.47814]},
			"faces": {
				"north": {"uv": [14.5, 10.75, 15, 11], "texture": "#3"},
				"east": {"uv": [12.25, 5.75, 13.75, 6], "texture": "#3"},
				"south": {"uv": [14.5, 12.75, 15, 13], "texture": "#3"},
				"west": {"uv": [12, 12.25, 13.5, 12.5], "texture": "#3"},
				"up": {"uv": [0.5, 12, 0, 10.5], "texture": "#3"},
				"down": {"uv": [8.75, 10.5, 8.25, 12], "texture": "#3"}
			}
		},
		{
			"from": [4.93934, 4.69616, 10.47814],
			"to": [6.93934, 5.69616, 16.47814],
			"rotation": {"angle": 45, "axis": "z", "origin": [4.93934, 5.19616, 13.47814]},
			"faces": {
				"north": {"uv": [0.5, 14.75, 1, 15], "texture": "#3"},
				"east": {"uv": [12.5, 1.5, 14, 1.75], "texture": "#3"},
				"south": {"uv": [3.75, 14.75, 4.25, 15], "texture": "#3"},
				"west": {"uv": [12.75, 0, 14.25, 0.25], "texture": "#3"},
				"up": {"uv": [9.5, 12, 9, 10.5], "texture": "#3"},
				"down": {"uv": [11.25, 1.75, 10.75, 3.25], "texture": "#3"}
			}
		},
		{
			"from": [5.505, 1.51918, 15.39736],
			"to": [10.495, 3.50918, 19.38736],
			"rotation": {"angle": 45, "axis": "x", "origin": [8, 1.01418, 19.89236]},
			"faces": {
				"north": {"uv": [2, 10.75, 3.25, 11.25], "texture": "#3"},
				"east": {"uv": [11, 7, 12, 7.5], "texture": "#3"},
				"south": {"uv": [10.75, 3.5, 12, 4], "texture": "#3"},
				"west": {"uv": [11, 7.75, 12, 8.25], "texture": "#3"},
				"up": {"uv": [6.75, 9, 5.5, 8], "texture": "#3"},
				"down": {"uv": [2.75, 8.25, 1.5, 9.25], "texture": "#3"}
			}
		},
		{
			"from": [7.005, -1.78107, -0.51686],
			"to": [8.995, -0.79107, 4.47314],
			"rotation": {"angle": 45, "axis": "x", "origin": [8, 1.46393, 6.97814]},
			"faces": {
				"north": {"uv": [8.25, 14.25, 8.75, 14.5], "texture": "#3"},
				"east": {"uv": [6.75, 12.75, 8, 13], "texture": "#3"},
				"south": {"uv": [14.25, 8.75, 14.75, 9], "texture": "#3"},
				"west": {"uv": [12, 12.75, 13.25, 13], "texture": "#3"},
				"up": {"uv": [5, 12, 4.5, 10.75], "texture": "#3"},
				"down": {"uv": [11.25, 9.25, 10.75, 10.5], "texture": "#3"}
			}
		},
		{
			"from": [7, 4.30492, -0.075],
			"to": [9, 8.30492, 0.925],
			"rotation": {"angle": 0, "axis": "x", "origin": [8, 3.05492, 1.49806]},
			"faces": {
				"north": {"uv": [7, 8, 7.5, 9], "texture": "#3"},
				"east": {"uv": [2.25, 12.25, 2.5, 13.25], "texture": "#3"},
				"south": {"uv": [9.75, 11.25, 10.25, 12.25], "texture": "#3"},
				"west": {"uv": [3.25, 13, 3.5, 14], "texture": "#3"},
				"up": {"uv": [9.5, 14.5, 9, 14.25], "texture": "#3"},
				"down": {"uv": [14.75, 9.25, 14.25, 9.5], "texture": "#3"}
			}
		},
		{
			"from": [7.5, 8.30492, -0.075],
			"to": [8.5, 11.30492, 0.925],
			"rotation": {"angle": 45, "axis": "y", "origin": [8, 10.30492, 0.425]},
			"faces": {
				"north": {"uv": [13.25, 13.25, 13.5, 14], "texture": "#3"},
				"east": {"uv": [2.25, 13.5, 2.5, 14.25], "texture": "#3"},
				"south": {"uv": [4.75, 13.5, 5, 14.25], "texture": "#3"},
				"west": {"uv": [5.25, 13.5, 5.5, 14.25], "texture": "#3"},
				"up": {"uv": [1.25, 9.25, 1, 9], "texture": "#3"},
				"down": {"uv": [7.5, 9.25, 7.25, 9.5], "texture": "#3"}
			}
		},
		{
			"from": [5.5, 10.80492, -0.075],
			"to": [10.5, 11.80492, 0.925],
			"rotation": {"angle": 0, "axis": "y", "origin": [8, 11.30492, 0.425]},
			"faces": {
				"north": {"uv": [13, 3.25, 14.25, 3.5], "texture": "#3"},
				"east": {"uv": [11.75, 11.25, 12, 11.5], "texture": "#3"},
				"south": {"uv": [13, 3.75, 14.25, 4], "texture": "#3"},
				"west": {"uv": [10.75, 14.25, 11, 14.5], "texture": "#3"},
				"up": {"uv": [6, 13.25, 4.75, 13], "texture": "#3"},
				"down": {"uv": [14.25, 4.75, 13, 5], "texture": "#3"}
			}
		},
		{
			"from": [3.59079, 10.80992, -0.44868],
			"to": [4.58079, 11.79992, 2.54132],
			"rotation": {"angle": -45, "axis": "y", "origin": [4.08579, 11.30492, 2.04632]},
			"faces": {
				"north": {"uv": [6.25, 14.75, 6.5, 15], "texture": "#3"},
				"east": {"uv": [13.5, 1, 14.25, 1.25], "texture": "#3"},
				"south": {"uv": [6.75, 14.75, 7, 15], "texture": "#3"},
				"west": {"uv": [13.5, 10.75, 14.25, 11], "texture": "#3"},
				"up": {"uv": [6, 14.25, 5.75, 13.5], "texture": "#3"},
				"down": {"uv": [1, 13.75, 0.75, 14.5], "texture": "#3"}
			}
		},
		{
			"from": [11.41921, 10.80992, -0.44868],
			"to": [12.40921, 11.79992, 2.54132],
			"rotation": {"angle": 45, "axis": "y", "origin": [11.91421, 11.30492, 2.04632]},
			"faces": {
				"north": {"uv": [14.75, 6.75, 15, 7], "texture": "#3"},
				"east": {"uv": [13.5, 12.75, 14.25, 13], "texture": "#3"},
				"south": {"uv": [7.25, 14.75, 7.5, 15], "texture": "#3"},
				"west": {"uv": [3.75, 13.75, 4.5, 14], "texture": "#3"},
				"up": {"uv": [6.5, 14.5, 6.25, 13.75], "texture": "#3"},
				"down": {"uv": [7, 13.75, 6.75, 14.5], "texture": "#3"}
			}
		},
		{
			"from": [6, 7.80492, -0.075],
			"to": [10, 8.80492, 0.925],
			"rotation": {"angle": 45, "axis": "x", "origin": [8, 8.30492, 0.425]},
			"faces": {
				"north": {"uv": [13, 8.75, 14, 9], "texture": "#3"},
				"east": {"uv": [14.75, 7.25, 15, 7.5], "texture": "#3"},
				"south": {"uv": [13, 11.25, 14, 11.5], "texture": "#3"},
				"west": {"uv": [7.75, 14.75, 8, 15], "texture": "#3"},
				"up": {"uv": [14, 12, 13, 11.75], "texture": "#3"},
				"down": {"uv": [14.25, 2, 13.25, 2.25], "texture": "#3"}
			}
		},
		{
			"from": [5.005, 3.71157, -0.55239],
			"to": [10.995, 4.70157, 4.43761],
			"rotation": {"angle": 45, "axis": "x", "origin": [8.5, 4.20657, -1.05739]},
			"faces": {
				"north": {"uv": [11.5, 9.75, 13, 10], "texture": "#3"},
				"east": {"uv": [13, 5.25, 14.25, 5.5], "texture": "#3"},
				"south": {"uv": [11.5, 10.25, 13, 10.5], "texture": "#3"},
				"west": {"uv": [13, 6.25, 14.25, 6.5], "texture": "#3"},
				"up": {"uv": [6.5, 7.75, 5, 6.5], "texture": "#3"},
				"down": {"uv": [3, 6.75, 1.5, 8], "texture": "#3"}
			}
		},
		{
			"from": [5, 3.49947, -1.05739],
			"to": [11, 9.49947, -0.05739],
			"rotation": {"angle": 0, "axis": "x", "origin": [8.5, 8.99947, -0.55739]},
			"faces": {
				"north": {"uv": [5, 4.75, 6.5, 6.25], "texture": "#3"},
				"east": {"uv": [7.75, 11, 8, 12.5], "texture": "#3"},
				"south": {"uv": [3.25, 5.5, 4.75, 7], "texture": "#3"},
				"west": {"uv": [2.75, 11.5, 3, 13], "texture": "#3"},
				"up": {"uv": [12, 12, 10.5, 11.75], "texture": "#3"},
				"down": {"uv": [13.25, 10.75, 11.75, 11], "texture": "#3"}
			}
		},
		{
			"from": [6.5, 6.49947, -2.05739],
			"to": [9.5, 9.49947, -1.05739],
			"rotation": {"angle": 0, "axis": "x", "origin": [7, 8.99947, -0.55739]},
			"faces": {
				"north": {"uv": [0.75, 11, 1.5, 11.75], "texture": "#3"},
				"east": {"uv": [7.25, 13.75, 7.5, 14.5], "texture": "#3"},
				"south": {"uv": [3.5, 11, 4.25, 11.75], "texture": "#3"},
				"west": {"uv": [7.75, 13.75, 8, 14.5], "texture": "#3"},
				"up": {"uv": [9, 14, 8.25, 13.75], "texture": "#3"},
				"down": {"uv": [10, 13.75, 9.25, 14], "texture": "#3"}
			}
		},
		{
			"from": [7, 7.17447, -2.68239],
			"to": [9, 9.17447, -1.68239],
			"rotation": {"angle": 22.5, "axis": "x", "origin": [8, 7.99947, -2.55739]},
			"faces": {
				"north": {"uv": [0, 13.25, 0.5, 13.75], "texture": "#3"},
				"east": {"uv": [4.75, 12.25, 5, 12.75], "texture": "#3"},
				"south": {"uv": [1.5, 13.25, 2, 13.75], "texture": "#3"},
				"west": {"uv": [9.75, 14.25, 10, 14.75], "texture": "#3"},
				"up": {"uv": [14.75, 10, 14.25, 9.75], "texture": "#3"},
				"down": {"uv": [14.75, 10.25, 14.25, 10.5], "texture": "#3"}
			}
		},
		{
			"from": [6, 9.49947, -1.05739],
			"to": [10, 10.49947, -0.05739],
			"rotation": {"angle": 0, "axis": "x", "origin": [8.5, 8.99947, -0.55739]},
			"faces": {
				"north": {"uv": [13.25, 2.5, 14.25, 2.75], "texture": "#3"},
				"east": {"uv": [14.75, 7.75, 15, 8], "texture": "#3"},
				"south": {"uv": [13.25, 4.25, 14.25, 4.5], "texture": "#3"},
				"west": {"uv": [8.25, 14.75, 8.5, 15], "texture": "#3"},
				"up": {"uv": [7.25, 13.5, 6.25, 13.25], "texture": "#3"},
				"down": {"uv": [8.5, 13.25, 7.5, 13.5], "texture": "#3"}
			}
		},
		{
			"from": [7, -0.94738, 11.32916],
			"to": [9, 2.05262, 12.32916],
			"rotation": {"angle": -22.5, "axis": "x", "origin": [8, 3.1394, 14.41985]},
			"faces": {
				"north": {"uv": [7, 11.5, 7.5, 12.25], "texture": "#3"},
				"east": {"uv": [10.25, 13.75, 10.5, 14.5], "texture": "#3"},
				"south": {"uv": [12, 0, 12.5, 0.75], "texture": "#3"},
				"west": {"uv": [11.25, 13.75, 11.5, 14.5], "texture": "#3"},
				"up": {"uv": [14.75, 11.5, 14.25, 11.25], "texture": "#3"},
				"down": {"uv": [14.75, 11.75, 14.25, 12], "texture": "#3"}
			}
		},
		{
			"from": [7.005, 0.19048, 19.25051],
			"to": [8.995, 3.18048, 20.24051],
			"rotation": {"angle": 22.5, "axis": "x", "origin": [8, 3.1394, 14.41985]},
			"faces": {
				"north": {"uv": [0.75, 12, 1.25, 12.75], "texture": "#3"},
				"east": {"uv": [11.75, 13.75, 12, 14.5], "texture": "#3"},
				"south": {"uv": [3.25, 12, 3.75, 12.75], "texture": "#3"},
				"west": {"uv": [12.25, 13.75, 12.5, 14.5], "texture": "#3"},
				"up": {"uv": [13.75, 14.5, 13.25, 14.25], "texture": "#3"},
				"down": {"uv": [14.5, 14.25, 14, 14.5], "texture": "#3"}
			}
		},
		{
			"from": [7, -3.06869, 13.45048],
			"to": [9, -2.06869, 16.45048],
			"rotation": {"angle": -22.5, "axis": "x", "origin": [8, 3.1394, 14.41985]},
			"faces": {
				"north": {"uv": [14.5, 0, 15, 0.25], "texture": "#3"},
				"east": {"uv": [13.75, 12.25, 14.5, 12.5], "texture": "#3"},
				"south": {"uv": [14.5, 1, 15, 1.25], "texture": "#3"},
				"west": {"uv": [13.75, 13.25, 14.5, 13.5], "texture": "#3"},
				"up": {"uv": [5.75, 12.75, 5.25, 12], "texture": "#3"},
				"down": {"uv": [6.5, 12, 6, 12.75], "texture": "#3"}
			}
		},
		{
			"from": [7.005, -1.93084, 15.12919],
			"to": [8.995, -0.94084, 18.11919],
			"rotation": {"angle": 22.5, "axis": "x", "origin": [8, 3.1394, 14.41985]},
			"faces": {
				"north": {"uv": [1.25, 14.5, 1.75, 14.75], "texture": "#3"},
				"east": {"uv": [13.75, 13.75, 14.5, 14], "texture": "#3"},
				"south": {"uv": [2, 14.5, 2.5, 14.75], "texture": "#3"},
				"west": {"uv": [1.25, 14, 2, 14.25], "texture": "#3"},
				"up": {"uv": [0.5, 13, 0, 12.25], "texture": "#3"},
				"down": {"uv": [2, 12.25, 1.5, 13], "texture": "#3"}
			}
		},
		{
			"from": [7, 0.18548, -6.49714],
			"to": [9, 3.18548, -5.49714],
			"rotation": {"angle": 22.5, "axis": "x", "origin": [8, 3.1394, -5.08015]},
			"faces": {
				"north": {"uv": [12.25, 3.25, 12.75, 4], "texture": "#3"},
				"east": {"uv": [12.75, 13.75, 13, 14.5], "texture": "#3"},
				"south": {"uv": [4, 12.25, 4.5, 13], "texture": "#3"},
				"west": {"uv": [0, 14, 0.25, 14.75], "texture": "#3"},
				"up": {"uv": [15, 2.25, 14.5, 2], "texture": "#3"},
				"down": {"uv": [15, 2.5, 14.5, 2.75], "texture": "#3"}
			}
		},
		{
			"from": [7, 0.18548, -0.25449],
			"to": [9, 3.18548, 0.74551],
			"rotation": {"angle": 22.5, "axis": "x", "origin": [8, 3.1394, -5.08015]},
			"faces": {
				"north": {"uv": [12.25, 4.75, 12.75, 5.5], "texture": "#3"},
				"east": {"uv": [2.75, 14.25, 3, 15], "texture": "#3"},
				"south": {"uv": [12.25, 7, 12.75, 7.75], "texture": "#3"},
				"west": {"uv": [3.25, 14.25, 3.5, 15], "texture": "#3"},
				"up": {"uv": [15, 3.25, 14.5, 3], "texture": "#3"},
				"down": {"uv": [15, 3.5, 14.5, 3.75], "texture": "#3"}
			}
		},
		{
			"from": [7.005, -3.06369, -6.04452],
			"to": [8.995, -2.07369, -3.05452],
			"rotation": {"angle": -22.5, "axis": "x", "origin": [8, 3.1394, -5.08015]},
			"faces": {
				"north": {"uv": [14.5, 4, 15, 4.25], "texture": "#3"},
				"east": {"uv": [14, 5.75, 14.75, 6], "texture": "#3"},
				"south": {"uv": [14.5, 4.5, 15, 4.75], "texture": "#3"},
				"west": {"uv": [14.25, 0.5, 15, 0.75], "texture": "#3"},
				"up": {"uv": [12.75, 8.75, 12.25, 8], "texture": "#3"},
				"down": {"uv": [8.75, 12.25, 8.25, 13], "texture": "#3"}
			}
		},
		{
			"from": [7, -1.93584, -4.37581],
			"to": [9, -0.93584, -1.37581],
			"rotation": {"angle": 22.5, "axis": "x", "origin": [8, 3.1394, -5.08015]},
			"faces": {
				"north": {"uv": [4.75, 14.5, 5.25, 14.75], "texture": "#3"},
				"east": {"uv": [14.25, 1.5, 15, 1.75], "texture": "#3"},
				"south": {"uv": [14.5, 5, 15, 5.25], "texture": "#3"},
				"west": {"uv": [3.75, 14.25, 4.5, 14.5], "texture": "#3"},
				"up": {"uv": [9.5, 13, 9, 12.25], "texture": "#3"},
				"down": {"uv": [11, 12.25, 10.5, 13], "texture": "#3"}
			}
		},
		{
			"from": [7.005, -0.94238, -8.16584],
			"to": [8.995, 2.04762, -7.17584],
			"rotation": {"angle": -22.5, "axis": "x", "origin": [8, 3.1394, -5.08015]},
			"faces": {
				"north": {"uv": [11.25, 12.25, 11.75, 13], "texture": "#3"},
				"east": {"uv": [14.25, 6.75, 14.5, 7.5], "texture": "#3"},
				"south": {"uv": [12.25, 11.25, 12.75, 12], "texture": "#3"},
				"west": {"uv": [14.25, 7.75, 14.5, 8.5], "texture": "#3"},
				"up": {"uv": [6, 14.75, 5.5, 14.5], "texture": "#3"},
				"down": {"uv": [15, 6.25, 14.5, 6.5], "texture": "#3"}
			}
		},
		{
			"from": [7.125, -1.925, -6.45],
			"to": [8.875, 3.825, -0.7],
			"rotation": {"angle": 0, "axis": "y", "origin": [7.375, 0.075, -4.3]},
			"faces": {
				"east": {"uv": [0, 0, 16, 16], "texture": "#2"},
				"west": {"uv": [0, 0, 16, 16], "texture": "#2"}
			}
		},
		{
			"from": [7.125, -1.925, 13.05],
			"to": [8.875, 3.825, 18.8],
			"rotation": {"angle": 0, "axis": "y", "origin": [7.375, 0.075, -4.3]},
			"faces": {
				"east": {"uv": [0, 0, 16, 16], "texture": "#2"},
				"west": {"uv": [0, 0, 16, 16], "texture": "#2"}
			}
		}
	],
	"display": {
		"thirdperson_righthand": {
			"rotation": [75, 45, 0],
			"translation": [0, 2.5, 0],
			"scale": [0.375, 0.375, 0.375]
		},
		"thirdperson_lefthand": {
			"rotation": [75, 45, 0],
			"translation": [0, 2.5, 0],
			"scale": [0.375, 0.375, 0.375]
		},
		"firstperson_righthand": {
			"rotation": [0, 45, 0],
			"scale": [0.4, 0.4, 0.4]
		},
		"firstperson_lefthand": {
			"rotation": [0, 225, 0],
			"scale": [0.4, 0.4, 0.4]
		},
		"ground": {
			"translation": [0, 3, 0],
			"scale": [0.25, 0.25, 0.25]
		},
		"gui": {
			"rotation": [30, 225, 0],
			"translation": [-0.5, 3, 0],
			"scale": [0.68, 0.68, 0.68]
		},
		"head": {
			"translation": [0, -17, 1.5],
			"scale": [2.5, 2.5, 2.5]
		},
		"fixed": {
			"scale": [0.5, 0.5, 0.5]
		}
	},
	"groups": [
		{
			"name": "group",
			"origin": [8.5, 5, 1],
			"color": 0,
			"children": [0, 1, 2, 3, 4, 5, 6, 7, 8, 9, 10, 11, 12, 13, 14, 15, 16, 17, 18, 19, 20, 21, 22, 23, 24, 25, 26, 27]
		},
		28,
		29,
		30,
		31,
		32,
		33,
		34,
		35,
		36,
		{
			"name": "seats",
			"origin": [8, 8, 8],
			"color": 0,
			"children": [
				{
					"name": "group",
					"origin": [8.5, 3, -9.5],
					"color": 0,
					"children": []
				}
			]
		},
		37,
		38
	]
}