{
	"credit": "www.sebxter.pl",
	"texture_size": [128, 128],
	"textures": {
		"1": "block/vehiles/car/seats",
		"5": "block/vehiles/car/tanker",
		"particle": "sebxter:tires_pack/tire_1"
	},
	"elements": [
		{
			"from": [15, 4, -8.5],
			"to": [17, 7, -2.5],
			"rotation": {"angle": 0, "axis": "y", "origin": [16, 5.5, -5.5]},
			"faces": {
				"north": {"uv": [4.25, 9.25, 4.5, 9.625], "texture": "#5"},
				"east": {"uv": [1.375, 10.5, 2.125, 10.875], "texture": "#5"},
				"south": {"uv": [10, 11.375, 10.25, 11.75], "texture": "#5"},
				"west": {"uv": [6.625, 10.625, 7.375, 11], "texture": "#5"},
				"up": {"uv": [6.5, 11.75, 6.25, 11], "texture": "#5"},
				"down": {"uv": [11.375, 5.25, 11.125, 6], "texture": "#5"}
			}
		},
		{
			"from": [15, 0, -8.5],
			"to": [16, 4, -2.5],
			"rotation": {"angle": 0, "axis": "y", "origin": [8, 2, 6.5]},
			"faces": {
				"north": {"uv": [5.875, 12, 6, 12.5], "texture": "#5"},
				"east": {"uv": [4.875, 9.75, 5.625, 10.25], "texture": "#5"},
				"south": {"uv": [6.5, 12, 6.625, 12.5], "texture": "#5"},
				"west": {"uv": [0.875, 9.875, 1.625, 10.375], "texture": "#5"},
				"up": {"uv": [11.625, 6.75, 11.5, 6], "texture": "#5"},
				"down": {"uv": [11.625, 8.5, 11.5, 9.25], "texture": "#5"}
			}
		},
		{
			"from": [4.5, 0, 15.5],
			"to": [11.5, 4, 21.5],
			"rotation": {"angle": 0, "axis": "y", "origin": [8.5, 2, 6.5]},
			"faces": {
				"north": {"uv": [9.625, 4.125, 10.5, 4.625], "texture": "#5"},
				"east": {"uv": [1.75, 9.875, 2.5, 10.375], "texture": "#5"},
				"south": {"uv": [9.625, 4.75, 10.5, 5.25], "texture": "#5"},
				"west": {"uv": [8.5, 10, 9.25, 10.5], "texture": "#5"},
				"up": {"uv": [6.625, 9.375, 5.75, 8.625], "texture": "#5"},
				"down": {"uv": [4.125, 9.25, 3.25, 10], "texture": "#5"}
			}
		},
		{
			"from": [15, 0, -12.5],
			"to": [17, 7, -8.5],
			"rotation": {"angle": 0, "axis": "y", "origin": [8, 4.5, -8]},
			"faces": {
				"north": {"uv": [2.25, 6.5, 2.5, 7.375], "texture": "#5"},
				"east": {"uv": [6.625, 9.625, 7.125, 10.5], "texture": "#5"},
				"south": {"uv": [6.75, 2.75, 7, 3.625], "texture": "#5"},
				"west": {"uv": [7.25, 9.625, 7.75, 10.5], "texture": "#5"},
				"up": {"uv": [4.875, 8.375, 4.625, 7.875], "texture": "#5"},
				"down": {"uv": [4.625, 11.25, 4.375, 11.75], "texture": "#5"}
			}
		},
		{
			"from": [-1, 4, -8.5],
			"to": [1, 7, -2.5],
			"shade": false,
			"rotation": {"angle": 0, "axis": "y", "origin": [0, 5.5, -5.5]},
			"faces": {
				"north": {"uv": [4.75, 11.625, 5, 12], "texture": "#5"},
				"east": {"uv": [7.5, 10.625, 8.25, 11], "texture": "#5"},
				"south": {"uv": [5.125, 11.625, 5.375, 12], "texture": "#5"},
				"west": {"uv": [8.375, 10.625, 9.125, 11], "texture": "#5"},
				"up": {"uv": [11.375, 6.875, 11.125, 6.125], "texture": "#5"},
				"down": {"uv": [6.875, 11.125, 6.625, 11.875], "texture": "#5"}
			}
		},
		{
			"from": [-1, 0, -12.5],
			"to": [1, 7, -8.5],
			"shade": false,
			"rotation": {"angle": 0, "axis": "y", "origin": [8, 4.5, -8]},
			"faces": {
				"north": {"uv": [0.875, 10.875, 1.125, 11.75], "texture": "#5"},
				"east": {"uv": [7.875, 9.625, 8.375, 10.5], "texture": "#5"},
				"south": {"uv": [1.25, 11, 1.5, 11.875], "texture": "#5"},
				"west": {"uv": [4.25, 9.75, 4.75, 10.625], "texture": "#5"},
				"up": {"uv": [0.25, 11.875, 0, 11.375], "texture": "#5"},
				"down": {"uv": [0.625, 11.375, 0.375, 11.875], "texture": "#5"}
			}
		},
		{
			"from": [1, 0, -11.5],
			"to": [15, 7, -10.5],
			"rotation": {"angle": 0, "axis": "y", "origin": [11, 4.5, -10]},
			"faces": {
				"north": {"uv": [8.25, 1.125, 10, 2], "texture": "#5"},
				"east": {"uv": [9.5, 11.375, 9.625, 12.25], "texture": "#5"},
				"south": {"uv": [8.375, 2.125, 10.125, 3], "texture": "#5"},
				"west": {"uv": [9.75, 11.375, 9.875, 12.25], "texture": "#5"},
				"up": {"uv": [12.75, 1.875, 11, 1.75], "texture": "#5"},
				"down": {"uv": [12.75, 7.5, 11, 7.625], "texture": "#5"}
			}
		},
		{
			"from": [4.5, 4, -13.5],
			"to": [11.5, 7, -11.5],
			"rotation": {"angle": 0, "axis": "y", "origin": [10.5, 4.5, -10]},
			"faces": {
				"north": {"uv": [6, 2.25, 6.875, 2.625], "texture": "#5"},
				"east": {"uv": [5.5, 11.625, 5.75, 12], "texture": "#5"},
				"south": {"uv": [10.25, 2.625, 11.125, 3], "texture": "#5"},
				"west": {"uv": [7.25, 11.625, 7.5, 12], "texture": "#5"},
				"up": {"uv": [5.75, 11.25, 4.875, 11], "texture": "#5"},
				"down": {"uv": [11.875, 7.75, 11, 8], "texture": "#5"}
			}
		},
		{
			"from": [13.25, 5, -12.75],
			"to": [16.25, 6, -10.75],
			"rotation": {"angle": -22.5, "axis": "x", "origin": [14.75, 5.5, -12.5]},
			"faces": {
				"north": {"uv": [0.875, 9.625, 1.25, 9.75], "texture": "#5"},
				"east": {"uv": [1.875, 7.625, 2.125, 7.75], "texture": "#5"},
				"south": {"uv": [2.625, 9.875, 3, 10], "texture": "#5"},
				"west": {"uv": [2.25, 10.5, 2.5, 10.625], "texture": "#5"},
				"up": {"uv": [2.625, 7.75, 2.25, 7.5], "texture": "#5"},
				"down": {"uv": [10, 0.75, 9.625, 1], "texture": "#5"}
			}
		},
		{
			"from": [-0.25, 5, -12.75],
			"to": [2.75, 6, -10.75],
			"rotation": {"angle": -22.5, "axis": "x", "origin": [1.25, 5.5, -12.5]},
			"faces": {
				"north": {"uv": [12, 9.25, 12.375, 9.375], "texture": "#5"},
				"east": {"uv": [7.25, 12.125, 7.5, 12.25], "texture": "#5"},
				"south": {"uv": [2.25, 12.125, 2.625, 12.25], "texture": "#5"},
				"west": {"uv": [9, 12.125, 9.25, 12.25], "texture": "#5"},
				"up": {"uv": [8.875, 9.875, 8.5, 9.625], "texture": "#5"},
				"down": {"uv": [8, 11.625, 7.625, 11.875], "texture": "#5"}
			}
		},
		{
			"from": [1, 3.07508, -12.87745],
			"to": [15, 7.07508, -11.87745],
			"rotation": {"angle": 22.5, "axis": "x", "origin": [2, 3.57508, -12.37745]},
			"faces": {
				"north": {"uv": [9.125, 7.5, 10.875, 8], "texture": "#5"},
				"east": {"uv": [6.75, 12, 6.875, 12.5], "texture": "#5"},
				"south": {"uv": [1.375, 9.25, 3.125, 9.75], "texture": "#5"},
				"west": {"uv": [7.625, 12, 7.75, 12.5], "texture": "#5"},
				"up": {"uv": [12.75, 10.75, 11, 10.625], "texture": "#5"},
				"down": {"uv": [12.75, 10.875, 11, 11], "texture": "#5"}
			}
		},
		{
			"from": [12.5, 1.5, -13.75],
			"to": [15.5, 2.5, -11.75],
			"rotation": {"angle": 0, "axis": "y", "origin": [8, 1.5, -12.91667]},
			"faces": {
				"north": {"uv": [2.75, 12.125, 3.125, 12.25], "texture": "#5"},
				"east": {"uv": [12.125, 11.625, 12.375, 11.75], "texture": "#5"},
				"south": {"uv": [4.75, 12.125, 5.125, 12.25], "texture": "#5"},
				"west": {"uv": [12.125, 11.875, 12.375, 12], "texture": "#5"},
				"up": {"uv": [8.5, 11.875, 8.125, 11.625], "texture": "#5"},
				"down": {"uv": [12, 8.125, 11.625, 8.375], "texture": "#5"}
			}
		},
		{
			"from": [0.5, 1.5, -13.75],
			"to": [3.5, 2.5, -11.75],
			"rotation": {"angle": 0, "axis": "y", "origin": [8, 1.5, -12.91667]},
			"faces": {
				"north": {"uv": [5.25, 12.125, 5.625, 12.25], "texture": "#5"},
				"east": {"uv": [12.125, 12.125, 12.375, 12.25], "texture": "#5"},
				"south": {"uv": [12.125, 8.125, 12.5, 8.25], "texture": "#5"},
				"west": {"uv": [3.875, 12.25, 4.125, 12.375], "texture": "#5"},
				"up": {"uv": [9, 11.875, 8.625, 11.625], "texture": "#5"},
				"down": {"uv": [11.75, 11.625, 11.375, 11.875], "texture": "#5"}
			}
		},
		{
			"from": [-1.5, 1, -13.5],
			"to": [17.5, 4, -11.5],
			"rotation": {"angle": 0, "axis": "y", "origin": [8.5, 3, -11.5]},
			"faces": {
				"north": {"uv": [9, 8.5, 11.375, 8.875], "texture": "#5"},
				"east": {"uv": [9.125, 11.625, 9.375, 12], "texture": "#5"},
				"south": {"uv": [9, 9, 11.375, 9.375], "texture": "#5"},
				"west": {"uv": [3.875, 11.75, 4.125, 12.125], "texture": "#5"},
				"up": {"uv": [11.5, 8.375, 9.125, 8.125], "texture": "#5"},
				"down": {"uv": [11.625, 7.125, 9.25, 7.375], "texture": "#5"}
			}
		},
		{
			"from": [4, 0.5, -0.5],
			"to": [12, 1.5, 15.5],
			"rotation": {"angle": 0, "axis": "y", "origin": [8, 3, 24.5]},
			"faces": {
				"north": {"uv": [4.75, 11.375, 5.75, 11.5], "texture": "#5"},
				"east": {"uv": [11, 1.25, 13, 1.375], "texture": "#5"},
				"south": {"uv": [7.25, 11.375, 8.25, 11.5], "texture": "#5"},
				"west": {"uv": [11, 1.5, 13, 1.625], "texture": "#5"},
				"up": {"uv": [7.75, 7.375, 6.75, 5.375], "texture": "#5"},
				"down": {"uv": [8.25, 2.25, 7.25, 4.25], "texture": "#5"}
			}
		},
		{
			"from": [3.005, 0.505, -1.245],
			"to": [3.995, 1.495, 10.745],
			"rotation": {"angle": 22.5, "axis": "y", "origin": [2.5, 1, 7.5]},
			"faces": {
				"north": {"uv": [3.875, 12.5, 4, 12.625], "texture": "#5"},
				"east": {"uv": [11.125, 2, 12.625, 2.125], "texture": "#5"},
				"south": {"uv": [12.5, 4, 12.625, 4.125], "texture": "#5"},
				"west": {"uv": [11.125, 2.25, 12.625, 2.375], "texture": "#5"},
				"up": {"uv": [2.125, 12.5, 2, 11], "texture": "#5"},
				"down": {"uv": [7.125, 11.125, 7, 12.625], "texture": "#5"}
			}
		},
		{
			"from": [12.005, 0.505, -1.245],
			"to": [12.995, 1.495, 10.745],
			"rotation": {"angle": -22.5, "axis": "y", "origin": [13.5, 1, 7.5]},
			"faces": {
				"north": {"uv": [12.5, 9.25, 12.625, 9.375], "texture": "#5"},
				"east": {"uv": [7.25, 11.125, 8.75, 11.25], "texture": "#5"},
				"south": {"uv": [12.5, 11.125, 12.625, 11.25], "texture": "#5"},
				"west": {"uv": [8.875, 11.125, 10.375, 11.25], "texture": "#5"},
				"up": {"uv": [10.625, 12.625, 10.5, 11.125], "texture": "#5"},
				"down": {"uv": [10.875, 11.125, 10.75, 12.625], "texture": "#5"}
			}
		},
		{
			"from": [1, 0.5, -1.5],
			"to": [15, 3.5, 1.5],
			"rotation": {"angle": 22.5, "axis": "x", "origin": [8, 2, 0.5]},
			"faces": {
				"north": {"uv": [9.25, 6.625, 11, 7], "texture": "#5"},
				"east": {"uv": [1.375, 8.75, 1.75, 9.125], "texture": "#5"},
				"south": {"uv": [9.5, 3.125, 11.25, 3.5], "texture": "#5"},
				"west": {"uv": [3.875, 11.25, 4.25, 11.625], "texture": "#5"},
				"up": {"uv": [11.25, 4, 9.5, 3.625], "texture": "#5"},
				"down": {"uv": [10.75, 9.5, 9, 9.875], "texture": "#5"}
			}
		},
		{
			"from": [4, 0.5, 21.5],
			"to": [12, 1.5, 29.5],
			"rotation": {"angle": 0, "axis": "y", "origin": [8, 3, 24.5]},
			"faces": {
				"north": {"uv": [8.375, 11.375, 9.375, 11.5], "texture": "#5"},
				"east": {"uv": [11.375, 11.125, 12.375, 11.25], "texture": "#5"},
				"south": {"uv": [11.375, 11.375, 12.375, 11.5], "texture": "#5"},
				"west": {"uv": [11.5, 5.25, 12.5, 5.375], "texture": "#5"},
				"up": {"uv": [9.375, 4.125, 8.375, 3.125], "texture": "#5"},
				"down": {"uv": [7.75, 8.5, 6.75, 9.5], "texture": "#5"}
			}
		},
		{
			"from": [5, 1.5, 2.5],
			"to": [11, 4.5, 8.5],
			"rotation": {"angle": 0, "axis": "y", "origin": [8, 3, 24.5]},
			"faces": {
				"north": {"uv": [9.25, 10.625, 10, 11], "texture": "#5"},
				"east": {"uv": [10.125, 10.625, 10.875, 11], "texture": "#5"},
				"south": {"uv": [2.25, 10.75, 3, 11.125], "texture": "#5"},
				"west": {"uv": [3.125, 10.75, 3.875, 11.125], "texture": "#5"},
				"up": {"uv": [6.5, 10.25, 5.75, 9.5], "texture": "#5"},
				"down": {"uv": [0.75, 9.625, 0, 10.375], "texture": "#5"}
			}
		},
		{
			"from": [5, 1.5, 23.5],
			"to": [11, 4.5, 27.5],
			"rotation": {"angle": 0, "axis": "y", "origin": [8, 3, 24.5]},
			"faces": {
				"north": {"uv": [4, 10.75, 4.75, 11.125], "texture": "#5"},
				"east": {"uv": [3.5, 10.125, 4, 10.5], "texture": "#5"},
				"south": {"uv": [0, 10.875, 0.75, 11.25], "texture": "#5"},
				"west": {"uv": [11.125, 10, 11.625, 10.375], "texture": "#5"},
				"up": {"uv": [10.125, 10.5, 9.375, 10], "texture": "#5"},
				"down": {"uv": [10.875, 0.75, 10.125, 1.25], "texture": "#5"}
			}
		},
		{
			"from": [4, 4.5, -0.5],
			"to": [12, 12.5, 30.5],
			"rotation": {"angle": 45, "axis": "z", "origin": [8, 8.5, 14.5]},
			"faces": {
				"north": {"uv": [7.875, 8.5, 8.875, 9.5], "texture": "#5"},
				"east": {"uv": [2.75, 2.75, 6.625, 3.75], "texture": "#5"},
				"south": {"uv": [4.625, 8.625, 5.625, 9.625], "texture": "#5"},
				"west": {"uv": [3.75, 0, 7.625, 1], "texture": "#5"},
				"up": {"uv": [3.75, 7.75, 2.75, 3.875], "texture": "#5"},
				"down": {"uv": [4.875, 3.875, 3.875, 7.75], "texture": "#5"}
			}
		},
		{
			"from": [3, 3.5, 0.5],
			"to": [13, 13.5, 29.5],
			"rotation": {"angle": 45, "axis": "z", "origin": [8, 8.5, 14.5]},
			"faces": {
				"north": {"uv": [1.875, 7.875, 3.125, 9.125], "texture": "#5"},
				"east": {"uv": [0, 0, 3.625, 1.25], "texture": "#5"},
				"south": {"uv": [3.25, 7.875, 4.5, 9.125], "texture": "#5"},
				"west": {"uv": [0, 1.375, 3.625, 2.625], "texture": "#5"},
				"up": {"uv": [1.25, 6.375, 0, 2.75], "texture": "#5"},
				"down": {"uv": [2.625, 2.75, 1.375, 6.375], "texture": "#5"}
			}
		},
		{
			"from": [5, 12, 2.5],
			"to": [11, 16, 27.5],
			"rotation": {"angle": 0, "axis": "z", "origin": [8, 8.5, 15]},
			"faces": {
				"north": {"uv": [10.125, 1.375, 10.875, 1.875], "texture": "#5"},
				"east": {"uv": [7.875, 5.375, 11, 5.875], "texture": "#5"},
				"south": {"uv": [2.625, 10.125, 3.375, 10.625], "texture": "#5"},
				"west": {"uv": [7.875, 6, 11, 6.5], "texture": "#5"},
				"up": {"uv": [5.75, 8.5, 5, 5.375], "texture": "#5"},
				"down": {"uv": [6.625, 5.375, 5.875, 8.5], "texture": "#5"}
			}
		},
		{
			"from": [16, 2.9, -3.5],
			"to": [18, 4.9, -2.5],
			"rotation": {"angle": -22.5, "axis": "x", "origin": [-1.5, 4.9, -2]},
			"faces": {
				"north": {"uv": [12, 4.75, 12.25, 5], "texture": "#5"},
				"east": {"uv": [7, 2.25, 7.125, 2.5], "texture": "#5"},
				"south": {"uv": [12, 7.75, 12.25, 8], "texture": "#5"},
				"west": {"uv": [12.25, 4, 12.375, 4.25], "texture": "#5"},
				"up": {"uv": [12.5, 4.5, 12.25, 4.375], "texture": "#5"},
				"down": {"uv": [12.5, 10.25, 12.25, 10.375], "texture": "#5"}
			}
		},
		{
			"from": [16, 1.75195, -8.65224],
			"to": [18, 3.75195, -7.65224],
			"rotation": {"angle": 22.5, "axis": "x", "origin": [-1.5, 3.75195, -6.15224]},
			"faces": {
				"north": {"uv": [7.875, 12, 8.125, 12.25], "texture": "#5"},
				"east": {"uv": [0.25, 12.375, 0.375, 12.625], "texture": "#5"},
				"south": {"uv": [8.25, 12, 8.5, 12.25], "texture": "#5"},
				"west": {"uv": [0.5, 12.375, 0.625, 12.625], "texture": "#5"},
				"up": {"uv": [2.5, 12.5, 2.25, 12.375], "texture": "#5"},
				"down": {"uv": [2.875, 12.375, 2.625, 12.5], "texture": "#5"}
			}
		},
		{
			"from": [16.005, 3.71366, -8.45694],
			"to": [17.995, 4.70366, -2.46694],
			"rotation": {"angle": 0, "axis": "y", "origin": [-1.5, 5.20866, -4.46194]},
			"faces": {
				"north": {"uv": [3, 12.375, 3.25, 12.5], "texture": "#5"},
				"east": {"uv": [11.5, 6.875, 12.25, 7], "texture": "#5"},
				"south": {"uv": [12.375, 4.625, 12.625, 4.75], "texture": "#5"},
				"west": {"uv": [11.75, 6, 12.5, 6.125], "texture": "#5"},
				"up": {"uv": [11.25, 11.875, 11, 11.125], "texture": "#5"},
				"down": {"uv": [2.5, 11.25, 2.25, 12], "texture": "#5"}
			}
		},
		{
			"from": [-2, 1.75195, -8.65224],
			"to": [0, 3.75195, -7.65224],
			"rotation": {"angle": 22.5, "axis": "x", "origin": [17.5, 3.75195, -6.15224]},
			"faces": {
				"north": {"uv": [12, 8.5, 12.25, 8.75], "texture": "#5"},
				"east": {"uv": [4.75, 12.375, 4.875, 12.625], "texture": "#5"},
				"south": {"uv": [8.625, 12, 8.875, 12.25], "texture": "#5"},
				"west": {"uv": [12.375, 4.875, 12.5, 5.125], "texture": "#5"},
				"up": {"uv": [5.25, 12.5, 5, 12.375], "texture": "#5"},
				"down": {"uv": [5.625, 12.375, 5.375, 12.5], "texture": "#5"}
			}
		},
		{
			"from": [-1.995, 3.71366, -8.45694],
			"to": [-0.005, 4.70366, -2.46694],
			"rotation": {"angle": 0, "axis": "y", "origin": [17.5, 5.20866, -4.46194]},
			"faces": {
				"north": {"uv": [12.375, 6.75, 12.625, 6.875], "texture": "#5"},
				"east": {"uv": [11.75, 6.25, 12.5, 6.375], "texture": "#5"},
				"south": {"uv": [7.25, 12.375, 7.5, 12.5], "texture": "#5"},
				"west": {"uv": [11.75, 6.5, 12.5, 6.625], "texture": "#5"},
				"up": {"uv": [2.875, 12, 2.625, 11.25], "texture": "#5"},
				"down": {"uv": [3.25, 11.25, 3, 12], "texture": "#5"}
			}
		},
		{
			"from": [-2, 2.9, -3.5],
			"to": [0, 4.9, -2.5],
			"rotation": {"angle": -22.5, "axis": "x", "origin": [17.5, 4.9, -2]},
			"faces": {
				"north": {"uv": [12, 8.875, 12.25, 9.125], "texture": "#5"},
				"east": {"uv": [12.375, 7.75, 12.5, 8], "texture": "#5"},
				"south": {"uv": [11, 12, 11.25, 12.25], "texture": "#5"},
				"west": {"uv": [7.875, 12.375, 8, 12.625], "texture": "#5"},
				"up": {"uv": [8.375, 12.5, 8.125, 12.375], "texture": "#5"},
				"down": {"uv": [12.625, 8.375, 12.375, 8.5], "texture": "#5"}
			}
		},
		{
			"from": [1, 0, -10.5],
			"to": [15, 1, -2.5],
			"rotation": {"angle": 0, "axis": "y", "origin": [8, 2, 6.5]},
			"faces": {
				"up": {"uv": [1.75, 8.625, 0, 7.625], "texture": "#5"},
				"down": {"uv": [9.5, 0, 7.75, 1], "texture": "#5"}
			}
		},
		{
			"from": [0, 0, -8.5],
			"to": [1, 4, -2.5],
			"rotation": {"angle": 0, "axis": "y", "origin": [8, 2, 6.5]},
			"faces": {
				"north": {"uv": [11.375, 12, 11.5, 12.5], "texture": "#5"},
				"east": {"uv": [10.25, 2, 11, 2.5], "texture": "#5"},
				"south": {"uv": [11.625, 12, 11.75, 12.5], "texture": "#5"},
				"west": {"uv": [10.25, 10, 11, 10.5], "texture": "#5"},
				"up": {"uv": [11.875, 9.25, 11.75, 8.5], "texture": "#5"},
				"down": {"uv": [0.875, 11.875, 0.75, 12.625], "texture": "#5"}
			}
		},
		{
			"from": [3, 1.75195, 15.34776],
			"to": [13, 3.75195, 16.34776],
			"rotation": {"angle": 22.5, "axis": "x", "origin": [-1.5, 3.75195, 17.84776]},
			"faces": {
				"north": {"uv": [0, 10.5, 1.25, 10.75], "texture": "#5"},
				"east": {"uv": [8.5, 12.375, 8.625, 12.625], "texture": "#5"},
				"south": {"uv": [10.625, 4.125, 11.875, 4.375], "texture": "#5"},
				"west": {"uv": [12.375, 8.625, 12.5, 8.875], "texture": "#5"},
				"up": {"uv": [12.5, 2.625, 11.25, 2.5], "texture": "#5"},
				"down": {"uv": [12.5, 2.75, 11.25, 2.875], "texture": "#5"}
			}
		},
		{
			"from": [3.005, 3.71366, 15.54306],
			"to": [12.995, 4.70366, 21.53306],
			"rotation": {"angle": 0, "axis": "y", "origin": [-1.5, 5.20866, 19.53806]},
			"faces": {
				"north": {"uv": [11.375, 3, 12.625, 3.125], "texture": "#5"},
				"east": {"uv": [11.75, 7.125, 12.5, 7.25], "texture": "#5"},
				"south": {"uv": [11.375, 3.25, 12.625, 3.375], "texture": "#5"},
				"west": {"uv": [11.75, 10, 12.5, 10.125], "texture": "#5"},
				"up": {"uv": [9.125, 7.375, 7.875, 6.625], "texture": "#5"},
				"down": {"uv": [1.25, 8.75, 0, 9.5], "texture": "#5"}
			}
		},
		{
			"from": [3, 2.9, 20.5],
			"to": [13, 4.9, 21.5],
			"rotation": {"angle": -22.5, "axis": "x", "origin": [-1.5, 4.9, 22]},
			"faces": {
				"north": {"uv": [10.625, 4.5, 11.875, 4.75], "texture": "#5"},
				"east": {"uv": [8.75, 12.375, 8.875, 12.625], "texture": "#5"},
				"south": {"uv": [10.625, 4.875, 11.875, 5.125], "texture": "#5"},
				"west": {"uv": [9, 12.375, 9.125, 12.625], "texture": "#5"},
				"up": {"uv": [12.625, 3.625, 11.375, 3.5], "texture": "#5"},
				"down": {"uv": [12.625, 3.75, 11.375, 3.875], "texture": "#5"}
			}
		},
		{
			"from": [-0.5, 6.52336, -10.36334],
			"to": [0.5, 12.52336, -9.36334],
			"rotation": {"angle": 22.5, "axis": "x", "origin": [8, 9.52336, -9.86334]},
			"faces": {
				"north": {"uv": [1, 11.875, 1.125, 12.625], "texture": "#5"},
				"east": {"uv": [4.25, 11.875, 4.375, 12.625], "texture": "#5"},
				"south": {"uv": [4.5, 11.875, 4.625, 12.625], "texture": "#5"},
				"west": {"uv": [6.25, 11.875, 6.375, 12.625], "texture": "#5"},
				"up": {"uv": [12.625, 11.5, 12.5, 11.375], "texture": "#5"},
				"down": {"uv": [12.625, 11.625, 12.5, 11.75], "texture": "#5"}
			}
		},
		{
			"from": [-0.495, 11.49134, -9.17223],
			"to": [16.495, 12.48134, -1.18223],
			"rotation": {"angle": 0, "axis": "y", "origin": [8, 11.98634, -0.67723]},
			"faces": {
				"north": {"uv": [10.875, 9.5, 13, 9.625], "texture": "#5"},
				"east": {"uv": [11.5, 5.5, 12.5, 5.625], "texture": "#5"},
				"south": {"uv": [10.875, 9.75, 13, 9.875], "texture": "#5"},
				"west": {"uv": [11.5, 5.75, 12.5, 5.875], "texture": "#5"},
				"up": {"uv": [8.125, 2.125, 6, 1.125], "texture": "#5"},
				"down": {"uv": [2.125, 6.5, 0, 7.5], "texture": "#5"}
			}
		},
		{
			"from": [-0.5, 6.51134, -5.17723],
			"to": [0.5, 11.51134, -4.17723],
			"rotation": {"angle": 0, "axis": "y", "origin": [8, 11.98634, -0.67723]},
			"faces": {
				"north": {"uv": [1.25, 12, 1.375, 12.625], "texture": "#5"},
				"east": {"uv": [1.5, 12, 1.625, 12.625], "texture": "#5"},
				"south": {"uv": [1.75, 12, 1.875, 12.625], "texture": "#5"},
				"west": {"uv": [12, 4, 12.125, 4.625], "texture": "#5"},
				"up": {"uv": [12, 12.625, 11.875, 12.5], "texture": "#5"},
				"down": {"uv": [12.625, 11.875, 12.5, 12], "texture": "#5"}
			}
		},
		{
			"from": [15.5, 6.51134, -5.17723],
			"to": [16.5, 11.51134, -4.17723],
			"rotation": {"angle": 0, "axis": "y", "origin": [8, 11.98634, -0.67723]},
			"faces": {
				"north": {"uv": [1.375, 12, 1.25, 12.625], "texture": "#5"},
				"east": {"uv": [12.125, 4, 12, 4.625], "texture": "#5"},
				"south": {"uv": [1.875, 12, 1.75, 12.625], "texture": "#5"},
				"west": {"uv": [1.625, 12, 1.5, 12.625], "texture": "#5"},
				"up": {"uv": [11.875, 12.625, 12, 12.5], "texture": "#5"},
				"down": {"uv": [12.5, 11.875, 12.625, 12], "texture": "#5"}
			}
		},
		{
			"from": [-0.5, 0.51134, -2.17723],
			"to": [16.5, 11.51134, -1.17723],
			"rotation": {"angle": 0, "axis": "y", "origin": [8, 11.98634, -0.67723]},
			"faces": {
				"north": {"uv": [3.75, 1.125, 5.875, 2.5], "texture": "#5"},
				"east": {"uv": [3.375, 11.25, 3.5, 12.625], "texture": "#5"},
				"south": {"uv": [5, 3.875, 7.125, 5.25], "texture": "#5"},
				"west": {"uv": [3.625, 11.25, 3.75, 12.625], "texture": "#5"},
				"up": {"uv": [13.125, 0.875, 11, 0.75], "texture": "#5"},
				"down": {"uv": [13.125, 1, 11, 1.125], "texture": "#5"}
			}
		},
		{
			"from": [15.5, 6.52336, -10.36334],
			"to": [16.5, 12.52336, -9.36334],
			"rotation": {"angle": 22.5, "axis": "x", "origin": [8, 9.52336, -9.86334]},
			"faces": {
				"north": {"uv": [10, 11.875, 10.125, 12.625], "texture": "#5"},
				"east": {"uv": [10.25, 11.875, 10.375, 12.625], "texture": "#5"},
				"south": {"uv": [11.875, 11.625, 12, 12.375], "texture": "#5"},
				"west": {"uv": [0, 12, 0.125, 12.75], "texture": "#5"},
				"up": {"uv": [12.625, 12.25, 12.5, 12.125], "texture": "#5"},
				"down": {"uv": [12.625, 12.375, 12.5, 12.5], "texture": "#5"}
			}
		},
		{
			"from": [-1, 0, -2.5],
			"to": [17, 7, -0.5],
			"rotation": {"angle": 0, "axis": "y", "origin": [8, 3.5, 9.33333]},
			"faces": {
				"north": {"uv": [7.25, 4.375, 9.5, 5.25], "texture": "#5"},
				"east": {"uv": [1.625, 11, 1.875, 11.875], "texture": "#5"},
				"south": {"uv": [6.75, 7.5, 9, 8.375], "texture": "#5"},
				"west": {"uv": [5.875, 11, 6.125, 11.875], "texture": "#5"},
				"up": {"uv": [11.875, 0.25, 9.625, 0], "texture": "#5"},
				"down": {"uv": [11.875, 0.375, 9.625, 0.625], "texture": "#5"}
			}
		},
		{
			"from": [-5.475, 7.475, -11.25],
			"to": [-3.475, 8.475, -10.25],
			"rotation": {"angle": -45, "axis": "z", "origin": [-3.9, 3.35, -9.5]},
			"faces": {
				"north": {"uv": [12.375, 9, 12.625, 9.125], "texture": "#5"},
				"east": {"uv": [2, 12.625, 2.125, 12.75], "texture": "#5"},
				"south": {"uv": [9.25, 12.375, 9.5, 12.5], "texture": "#5"},
				"west": {"uv": [2.25, 12.625, 2.375, 12.75], "texture": "#5"},
				"up": {"uv": [9.875, 12.5, 9.625, 12.375], "texture": "#5"},
				"down": {"uv": [11.25, 12.375, 11, 12.5], "texture": "#5"}
			}
		},
		{
			"from": [-4.3, 7, -10.4],
			"to": [-1.3, 9, -10.4],
			"rotation": {"angle": 22.5, "axis": "y", "origin": [-2.8, 8, -10.75]},
			"faces": {
				"north": {"uv": [11.75, 10.25, 12.125, 10.5], "texture": "#5"},
				"south": {"uv": [12, 0, 12.375, 0.25], "texture": "#5"}
			}
		},
		{
			"from": [19.475, 7.475, -11.25],
			"to": [21.475, 8.475, -10.25],
			"rotation": {"angle": 45, "axis": "z", "origin": [19.9, 3.35, -9.5]},
			"faces": {
				"north": {"uv": [12.125, 12.375, 12.375, 12.5], "texture": "#5"},
				"east": {"uv": [2.5, 12.625, 2.625, 12.75], "texture": "#5"},
				"south": {"uv": [12.5, 0, 12.75, 0.125], "texture": "#5"},
				"west": {"uv": [12.625, 2.5, 12.75, 2.625], "texture": "#5"},
				"up": {"uv": [12.75, 0.375, 12.5, 0.25], "texture": "#5"},
				"down": {"uv": [12.75, 0.5, 12.5, 0.625], "texture": "#5"}
			}
		},
		{
			"from": [17.3, 7, -10.4],
			"to": [20.3, 9, -10.4],
			"rotation": {"angle": -22.5, "axis": "y", "origin": [18.8, 8, -10.75]},
			"faces": {
				"north": {"uv": [0.25, 12, 0.625, 12.25], "texture": "#5"},
				"south": {"uv": [12, 0.375, 12.375, 0.625], "texture": "#5"}
			}
		},
		{
			"from": [-1, 0, -8.5],
			"to": [17, 4, -2.5],
			"faces": {
				"east": {"uv": [4.875, 10.375, 5.625, 10.875], "texture": "#5"},
				"west": {"uv": [5.75, 10.375, 6.5, 10.875], "texture": "#5"}
			}
		},
		{
			"from": [0.5, 6.96134, -10.17723],
			"to": [15.5, 12.96134, -9.67723],
			"rotation": {"angle": 22.5, "axis": "x", "origin": [8.5, 9.46134, -11.17723]},
			"faces": {
				"north": {"uv": [0, 13.9375, 1.875, 14.6875], "texture": "#5"},
				"south": {"uv": [1.875, 13.9375, 0, 14.6875], "texture": "#5"}
			}
		},
		{
			"from": [-0.25, 6.96134, -10.92723],
			"to": [0.25, 11.96134, -1.92723],
			"rotation": {"angle": 0, "axis": "y", "origin": [0, -0.51366, -9.67723]},
			"faces": {
				"east": {"uv": [4.125, 14.6875, 3, 15.3125], "texture": "#5"},
				"west": {"uv": [3, 14.6875, 4.125, 15.3125], "texture": "#5"}
			}
		},
		{
			"from": [15.75, 6.96134, -10.92723],
			"to": [16.25, 11.96134, -1.92723],
			"rotation": {"angle": 0, "axis": "y", "origin": [16, -0.51366, -9.67723]},
			"faces": {
				"east": {"uv": [4.125, 14.6875, 3, 15.3125], "texture": "#5"},
				"west": {"uv": [3, 14.6875, 4.125, 15.3125], "texture": "#5"}
			}
		},
		{
			"from": [9, 0.87026, -4.53849],
			"to": [14.5, 7.87026, -2.53849],
			"rotation": {"angle": 22.5, "axis": "x", "origin": [11.75, 4.37026, -3.53849]},
			"faces": {
				"north": {"uv": [3.5, 3, 4.875, 4.75], "texture": "#1"},
				"east": {"uv": [3.5, 7, 4, 8.75], "texture": "#1"},
				"south": {"uv": [0, 4, 1.375, 5.75], "texture": "#1"},
				"west": {"uv": [7, 4, 7.5, 5.75], "texture": "#1"},
				"up": {"uv": [7.625, 8, 6.25, 7.5], "texture": "#1"},
				"down": {"uv": [0, 0, 0, 0], "texture": "#1"}
			}
		},
		{
			"from": [9.004, 0.754, -8.95],
			"to": [14.5, 2.75, -3.954],
			"rotation": {"angle": 0, "axis": "y", "origin": [11.752, 3.002, -6.452]},
			"faces": {
				"north": {"uv": [7.75, 4, 9.125, 4.5], "texture": "#1"},
				"east": {"uv": [6.25, 8.25, 7.5, 8.75], "texture": "#1"},
				"south": {"uv": [0, 0, 0, 0], "texture": "#1"},
				"west": {"uv": [7.75, 8.25, 9, 8.75], "texture": "#1"},
				"up": {"uv": [6.625, 4.25, 5.25, 3], "texture": "#1"},
				"down": {"uv": [6.625, 4.5, 5.25, 5.75], "texture": "#1"}
			}
		},
		{
			"from": [1.5, 0.754, -8.95],
			"to": [6.996, 2.75, -3.954],
			"rotation": {"angle": 0, "axis": "y", "origin": [4.248, 3.002, -6.452]},
			"faces": {
				"north": {"uv": [7.75, 4.75, 9.125, 5.25], "texture": "#1"},
				"east": {"uv": [8.5, 1.5, 9.75, 2], "texture": "#1"},
				"south": {"uv": [0, 0, 0, 0], "texture": "#1"},
				"west": {"uv": [8.5, 2.25, 9.75, 2.75], "texture": "#1"},
				"up": {"uv": [1.375, 7.25, 0, 6], "texture": "#1"},
				"down": {"uv": [3.125, 6, 1.75, 7.25], "texture": "#1"}
			}
		},
		{
			"from": [1.496, 0.87026, -4.53849],
			"to": [6.996, 7.87026, -2.53849],
			"rotation": {"angle": 22.5, "axis": "x", "origin": [4.246, 4.37026, -3.53849]},
			"faces": {
				"north": {"uv": [1.75, 4, 3.125, 5.75], "texture": "#1"},
				"east": {"uv": [4.25, 7, 4.75, 8.75], "texture": "#1"},
				"south": {"uv": [3.5, 5, 4.875, 6.75], "texture": "#1"},
				"west": {"uv": [0, 7.5, 0.5, 9.25], "texture": "#1"},
				"up": {"uv": [9.375, 8, 8, 7.5], "texture": "#1"},
				"down": {"uv": [0, 0, 0, 0], "texture": "#1"}
			}
		},
		{
			"from": [2, 3.625, -10.75],
			"to": [7, 7.625, -9.25],
			"rotation": {"angle": 0, "axis": "y", "origin": [0, 1, -11.25]},
			"faces": {
				"north": {"uv": [7, 1.5, 8.25, 2.5], "texture": "#1"},
				"east": {"uv": [5, 8.75, 5.375, 9.75], "texture": "#1"},
				"south": {"uv": [7, 2.75, 8.25, 3.75], "texture": "#1"},
				"west": {"uv": [3.75, 9, 4.125, 10], "texture": "#1"},
				"up": {"uv": [10, 6.625, 8.75, 6.25], "texture": "#1"},
				"down": {"uv": [3.5, 9, 2.25, 9.375], "texture": "#1"}
			}
		},
		{
			"from": [4.25, 6.375, -9.975],
			"to": [4.75, 6.875, -8.475],
			"rotation": {"angle": -22.5, "axis": "x", "origin": [4.5, 6.25, -10]},
			"faces": {
				"north": {"uv": [6.25, 9, 6.375, 9.125], "texture": "#1"},
				"east": {"uv": [7.75, 5.5, 8.125, 5.625], "texture": "#1"},
				"south": {"uv": [6.75, 9, 6.875, 9.125], "texture": "#1"},
				"west": {"uv": [8.75, 7, 9.125, 7.125], "texture": "#1"},
				"up": {"uv": [5.875, 9.125, 5.75, 8.75], "texture": "#1"},
				"down": {"uv": [4.625, 9, 4.5, 9.375], "texture": "#1"}
			}
		},
		{
			"from": [2.75, 4.875, -8.425],
			"to": [6.25, 8.375, -8.425],
			"rotation": {"angle": -22.5, "axis": "x", "origin": [4.5, 6.25, -10]},
			"faces": {
				"north": {"uv": [2.25, 7.5, 3.125, 8.375], "texture": "#1"},
				"east": {"uv": [0, 0, 0, 0], "texture": "#1"},
				"south": {"uv": [5, 7.5, 5.875, 8.375], "texture": "#1"},
				"west": {"uv": [0, 0, 0, 0], "texture": "#1"},
				"up": {"uv": [0, 0, 0, 0], "texture": "#1"},
				"down": {"uv": [0, 0, 0, 0], "texture": "#1"}
			}
		}
	],
	"display": {
		"thirdperson_righthand": {
			"rotation": [75, 45, 0],
			"translation": [0, 2.5, 0],
			"scale": [0.375, 0.375, 0.375]
		},
		"thirdperson_lefthand": {
			"rotation": [75, 45, 0],
			"translation": [0, 2.5, 0],
			"scale": [0.375, 0.375, 0.375]
		},
		"firstperson_righthand": {
			"rotation": [0, 45, 0],
			"scale": [0.4, 0.4, 0.4]
		},
		"firstperson_lefthand": {
			"rotation": [0, 225, 0],
			"scale": [0.4, 0.4, 0.4]
		},
		"ground": {
			"translation": [0, 3, 0],
			"scale": [0.25, 0.25, 0.25]
		},
		"gui": {
			"rotation": [30, 225, 0],
			"translation": [-0.5, 0.25, 0],
			"scale": [0.36, 0.36, 0.36]
		},
		"head": {
			"translation": [0, -9.25, 52],
			"scale": [3.5, 3.5, 3.5]
		}
	},
	"groups": [
		{
			"name": "group",
			"origin": [3, 6, -6.5],
			"color": 0,
			"children": [0, 1, 2, 3, 4, 5, 6, 7, 8, 9, 10, 11, 12, 13, 14, 15, 16, 17, 18, 19, 20, 21, 22, 23, 24, 25, 26, 27, 28, 29, 30, 31, 32, 33, 34, 35, 36, 37, 38, 39, 40, 41]
		},
		{
			"name": "seats",
			"origin": [8, 8, 8],
			"color": 0,
			"children": []
		},
		42,
		43,
		44,
		45,
		{
			"name": "tires2",
			"origin": [8, 8, 8],
			"color": 0,
			"children": []
		},
		46,
		{
			"name": "group",
			"origin": [0, -0.51366, 0.32277],
			"color": 0,
			"children": [47, 48, 49]
		},
		{
			"name": "lp_seats",
			"origin": [8, 8, 8],
			"color": 0,
			"children": [
				{
					"name": "group",
					"origin": [4.5, 6.25, 0.25],
					"color": 0,
					"children": [
						{
							"name": "group",
							"origin": [11.752, 3.002, 5.498],
							"color": 0,
							"children": [50, 51, 52, 53]
						},
						54,
						55,
						56
					]
				}
			]
		}
	]
}