{
	"credit": "www.sebxter.pl",
	"texture_size": [32, 32],
	"textures": {
		"1": "block/vehiles/car/tire_base",
		"2": "block/vehiles/car/tire_side",
		"particle": "block/vehiles/car/tire_side"
	},
	"elements": [
		{
			"name": "octagon",
			"from": [7.002, 6.96647, 5.502],
			"to": [8.998, 9.03353, 10.498],
			"rotation": {"angle": 45, "axis": "x", "origin": [7.475, 8, 8]},
			"faces": {
				"north": {"uv": [7.5, 3, 8.5, 4], "texture": "#1"},
				"east": {"uv": [0, 0, 2.5, 1], "texture": "#1"},
				"south": {"uv": [4.5, 7.5, 5.5, 8.5], "texture": "#1"},
				"west": {"uv": [0, 1.5, 2.5, 2.5], "texture": "#1"},
				"up": {"uv": [1, 5.5, 0, 3], "texture": "#1"},
				"down": {"uv": [4, 0, 3, 2.5], "texture": "#1"}
			}
		},
		{
			"name": "octagon",
			"from": [7, 6.96447, 5.5],
			"to": [9, 9.03553, 10.5],
			"rotation": {"angle": 0, "axis": "x", "origin": [7.475, 8, 8]},
			"faces": {
				"north": {"uv": [7.5, 4.5, 8.5, 5.5], "texture": "#1"},
				"east": {"uv": [1.5, 3, 4, 4], "texture": "#1"},
				"south": {"uv": [6, 7.5, 7, 8.5], "texture": "#1"},
				"west": {"uv": [4.5, 0, 7, 1], "texture": "#1"},
				"up": {"uv": [2.5, 7, 1.5, 4.5], "texture": "#1"},
				"down": {"uv": [5.5, 1.5, 4.5, 4], "texture": "#1"}
			}
		},
		{
			"name": "octagon",
			"from": [7.002, 5.502, 6.96647],
			"to": [8.998, 10.498, 9.03353],
			"rotation": {"angle": 45, "axis": "x", "origin": [7.475, 8, 8]},
			"faces": {
				"north": {"uv": [3, 4.5, 4, 7], "texture": "#1"},
				"east": {"uv": [4.5, 4.5, 5.5, 7], "texture": "#1"},
				"south": {"uv": [0, 6, 1, 8.5], "texture": "#1"},
				"west": {"uv": [6, 1.5, 7, 4], "texture": "#1"},
				"up": {"uv": [8.5, 7, 7.5, 6], "texture": "#1"},
				"down": {"uv": [8.5, 7.5, 7.5, 8.5], "texture": "#1"}
			}
		},
		{
			"name": "octagon",
			"from": [7, 5.5, 6.96447],
			"to": [9, 10.5, 9.03553],
			"rotation": {"angle": 0, "axis": "x", "origin": [7.475, 8, 8]},
			"faces": {
				"north": {"uv": [6, 4.5, 7, 7], "texture": "#1"},
				"east": {"uv": [7.5, 0, 8.5, 2.5], "texture": "#1"},
				"south": {"uv": [1.5, 7.5, 2.5, 10], "texture": "#1"},
				"west": {"uv": [3, 7.5, 4, 10], "texture": "#1"},
				"up": {"uv": [1, 10, 0, 9], "texture": "#1"},
				"down": {"uv": [10, 0, 9, 1], "texture": "#1"}
			}
		},
		{
			"from": [6.95, 5.875, 5.875],
			"to": [9.05, 10.125, 10.125],
			"rotation": {"angle": 0, "axis": "x", "origin": [8.525, 8, 8]},
			"faces": {
				"east": {"uv": [16, 0, 0, 16], "texture": "#2"},
				"west": {"uv": [16, 0, 0, 16], "texture": "#2"}
			}
		}
	],
	"display": {
		"thirdperson_righthand": {
			"rotation": [75, 45, 0],
			"translation": [0, 2.5, 0],
			"scale": [0.375, 0.375, 0.375]
		},
		"thirdperson_lefthand": {
			"rotation": [75, 45, 0],
			"translation": [0, 2.5, 0],
			"scale": [0.375, 0.375, 0.375]
		},
		"firstperson_righthand": {
			"rotation": [0, 45, 0],
			"scale": [0.4, 0.4, 0.4]
		},
		"firstperson_lefthand": {
			"rotation": [0, 225, 0],
			"scale": [0.4, 0.4, 0.4]
		},
		"ground": {
			"translation": [0, 3, 0],
			"scale": [0.25, 0.25, 0.25]
		},
		"gui": {
			"rotation": [30, 130, 0],
			"translation": [0.25, 0, 0],
			"scale": [2.5, 2.5, 2.5]
		},
		"head": {
			"translation": [0, -34.5, 0],
			"scale": [3.5, 3.5, 3.5]
		}
	},
	"groups": [
		{
			"name": "octagon",
			"origin": [8, 8, 8],
			"color": 0,
			"children": [0, 1, 2, 3]
		},
		4
	]
}