{
	"credit": "www.sebxter.pl",
	"texture_size": [128, 128],
	"textures": {
		"0": "block/vehiles/car/truck_trailer",
		"particle": "sebxter:tires_pack/tire_1",
		"1_2": "sebxter:tires_pack/tire_1",
		"2_1": "sebxter:tires_pack/tire_template"
	},
	"elements": [
		{
			"from": [0, 4, 17.5],
			"to": [16, 5, 23.5],
			"rotation": {"angle": 0, "axis": "y", "origin": [8, 5.5, 20.5]},
			"faces": {
				"north": {"uv": [10.375, 3, 12.375, 3.125], "texture": "#0"},
				"east": {"uv": [9.625, 3, 10.375, 3.125], "texture": "#0"},
				"south": {"uv": [13.125, 3, 15.125, 3.125], "texture": "#0"},
				"west": {"uv": [12.375, 3, 13.125, 3.125], "texture": "#0"},
				"up": {"uv": [12.375, 3, 10.375, 2.25], "texture": "#0"},
				"down": {"uv": [14.375, 2.25, 12.375, 3], "texture": "#0"}
			}
		},
		{
			"from": [0, 1, 23.5],
			"to": [16, 5, 30.5],
			"rotation": {"angle": 0, "axis": "y", "origin": [8, 3.5, 25.5]},
			"faces": {
				"north": {"uv": [0.875, 2.375, 2.875, 2.875], "texture": "#0"},
				"east": {"uv": [0, 2.375, 0.875, 2.875], "texture": "#0"},
				"south": {"uv": [3.75, 2.375, 5.75, 2.875], "texture": "#0"},
				"west": {"uv": [2.875, 2.375, 3.75, 2.875], "texture": "#0"},
				"up": {"uv": [2.875, 2.375, 0.875, 1.5], "texture": "#0"},
				"down": {"uv": [4.875, 1.5, 2.875, 2.375], "texture": "#0"}
			}
		},
		{
			"from": [0.75, 1.5, 30],
			"to": [2.75, 3.5, 31],
			"rotation": {"angle": 0, "axis": "y", "origin": [8, 3.5, 25.5]},
			"faces": {
				"north": {"uv": [0.125, 1.625, 0.375, 1.875], "texture": "#0"},
				"east": {"uv": [0, 1.625, 0.125, 1.875], "texture": "#0"},
				"south": {"uv": [0.5, 1.625, 0.75, 1.875], "texture": "#0"},
				"west": {"uv": [0.375, 1.625, 0.5, 1.875], "texture": "#0"},
				"up": {"uv": [0.375, 1.625, 0.125, 1.5], "texture": "#0"},
				"down": {"uv": [0.625, 1.5, 0.375, 1.625], "texture": "#0"}
			}
		},
		{
			"from": [2.75, 1.5, 30],
			"to": [4.75, 2.5, 31],
			"rotation": {"angle": 0, "axis": "y", "origin": [8, 3.5, 25.5]},
			"faces": {
				"north": {"uv": [0.125, 2.125, 0.375, 2.25], "texture": "#0"},
				"east": {"uv": [0, 2.125, 0.125, 2.25], "texture": "#0"},
				"south": {"uv": [0.5, 2.125, 0.75, 2.25], "texture": "#0"},
				"west": {"uv": [0.375, 2.125, 0.5, 2.25], "texture": "#0"},
				"up": {"uv": [0.375, 2.125, 0.125, 2], "texture": "#0"},
				"down": {"uv": [0.625, 2, 0.375, 2.125], "texture": "#0"}
			}
		},
		{
			"from": [11.25, 1.5, 30],
			"to": [13.25, 2.5, 31],
			"rotation": {"angle": 0, "axis": "y", "origin": [8, 3.5, 25.5]},
			"faces": {
				"north": {"uv": [0.125, 0.625, 0.375, 0.75], "texture": "#0"},
				"east": {"uv": [0, 0.625, 0.125, 0.75], "texture": "#0"},
				"south": {"uv": [0.5, 0.625, 0.75, 0.75], "texture": "#0"},
				"west": {"uv": [0.375, 0.625, 0.5, 0.75], "texture": "#0"},
				"up": {"uv": [0.375, 0.625, 0.125, 0.5], "texture": "#0"},
				"down": {"uv": [0.625, 0.5, 0.375, 0.625], "texture": "#0"}
			}
		},
		{
			"from": [13.25, 1.5, 30],
			"to": [15.25, 3.5, 31],
			"rotation": {"angle": 0, "axis": "y", "origin": [8, 3.5, 25.5]},
			"faces": {
				"north": {"uv": [0.125, 0.125, 0.375, 0.375], "texture": "#0"},
				"east": {"uv": [0, 0.125, 0.125, 0.375], "texture": "#0"},
				"south": {"uv": [0.5, 0.125, 0.75, 0.375], "texture": "#0"},
				"west": {"uv": [0.375, 0.125, 0.5, 0.375], "texture": "#0"},
				"up": {"uv": [0.375, 0.125, 0.125, 0], "texture": "#0"},
				"down": {"uv": [0.625, 0, 0.375, 0.125], "texture": "#0"}
			}
		},
		{
			"from": [6.5, 3.5, -13.5],
			"to": [9.5, 6.5, 31.5],
			"rotation": {"angle": 45, "axis": "z", "origin": [8, 5, 20.5]},
			"faces": {
				"north": {"uv": [5.625, 13.5, 6, 13.875], "texture": "#0"},
				"east": {"uv": [0, 13.5, 5.625, 13.875], "texture": "#0"},
				"south": {"uv": [11.625, 13.5, 12, 13.875], "texture": "#0"},
				"west": {"uv": [6, 13.5, 11.625, 13.875], "texture": "#0"},
				"up": {"uv": [6, 13.5, 5.625, 7.875], "texture": "#0"},
				"down": {"uv": [6.375, 7.875, 6, 13.5], "texture": "#0"}
			}
		},
		{
			"from": [0, 1, 10.5],
			"to": [16, 5, 17.5],
			"rotation": {"angle": 0, "axis": "y", "origin": [8, 3.5, 25.5]},
			"faces": {
				"north": {"uv": [0.875, 0.875, 2.875, 1.375], "texture": "#0"},
				"east": {"uv": [0, 0.875, 0.875, 1.375], "texture": "#0"},
				"south": {"uv": [3.75, 0.875, 5.75, 1.375], "texture": "#0"},
				"west": {"uv": [2.875, 0.875, 3.75, 1.375], "texture": "#0"},
				"up": {"uv": [2.875, 0.875, 0.875, 0], "texture": "#0"},
				"down": {"uv": [4.875, 0, 2.875, 0.875], "texture": "#0"}
			}
		},
		{
			"from": [2, 2.88909, 6.93934],
			"to": [14, 5.88909, 12.93934],
			"rotation": {"angle": 45, "axis": "x", "origin": [8, 4.88909, 9.43934]},
			"faces": {
				"north": {"uv": [0.75, 10.875, 2.25, 11.25], "texture": "#0"},
				"east": {"uv": [0, 10.875, 0.75, 11.25], "texture": "#0"},
				"south": {"uv": [3, 10.875, 4.5, 11.25], "texture": "#0"},
				"west": {"uv": [2.25, 10.875, 3, 11.25], "texture": "#0"},
				"up": {"uv": [2.25, 10.875, 0.75, 10.125], "texture": "#0"},
				"down": {"uv": [3.75, 10.125, 2.25, 10.875], "texture": "#0"}
			}
		},
		{
			"from": [1, 5, -16],
			"to": [15, 19, 32],
			"rotation": {"angle": 0, "axis": "y", "origin": [8, 3.5, 25.5]},
			"faces": {
				"north": {"uv": [6, 6, 7.75, 7.75], "texture": "#0"},
				"east": {"uv": [0, 6, 6, 7.75], "texture": "#0"},
				"south": {"uv": [13.75, 6, 15.5, 7.75], "texture": "#0"},
				"west": {"uv": [7.75, 6, 13.75, 7.75], "texture": "#0"},
				"up": {"uv": [7.75, 6, 6, 0], "texture": "#0"},
				"down": {"uv": [9.5, 0, 7.75, 6], "texture": "#0"}
			}
		},
		{
			"from": [0, 5, -14],
			"to": [16, 20, -12],
			"rotation": {"angle": 0, "axis": "y", "origin": [8, 3.5, 25.5]},
			"faces": {
				"north": {"uv": [9.875, 0.25, 11.875, 2.125], "texture": "#0"},
				"east": {"uv": [9.625, 0.25, 9.875, 2.125], "texture": "#0"},
				"south": {"uv": [12.125, 0.25, 14.125, 2.125], "texture": "#0"},
				"west": {"uv": [11.875, 0.25, 12.125, 2.125], "texture": "#0"},
				"up": {"uv": [11.875, 0.25, 9.875, 0], "texture": "#0"},
				"down": {"uv": [13.875, 0, 11.875, 0.25], "texture": "#0"}
			}
		},
		{
			"from": [0, 5, 0],
			"to": [16, 20, 2],
			"rotation": {"angle": 0, "axis": "y", "origin": [8, 12.5, 1]},
			"faces": {
				"north": {"uv": [6.75, 9.125, 8.75, 11], "texture": "#0"},
				"east": {"uv": [6.5, 9.125, 6.75, 11], "texture": "#0"},
				"south": {"uv": [9, 9.125, 11, 11], "texture": "#0"},
				"west": {"uv": [8.75, 9.125, 9, 11], "texture": "#0"},
				"up": {"uv": [8.75, 9.125, 6.75, 8.875], "texture": "#0"},
				"down": {"uv": [10.75, 8.875, 8.75, 9.125], "texture": "#0"}
			}
		},
		{
			"from": [0, 5, 28],
			"to": [16, 20, 30],
			"rotation": {"angle": 0, "axis": "y", "origin": [8, 3.5, 25.5]},
			"faces": {
				"north": {"uv": [0.25, 8.125, 2.25, 10], "texture": "#0"},
				"east": {"uv": [0, 8.125, 0.25, 10], "texture": "#0"},
				"south": {"uv": [2.5, 8.125, 4.5, 10], "texture": "#0"},
				"west": {"uv": [2.25, 8.125, 2.5, 10], "texture": "#0"},
				"up": {"uv": [2.25, 8.125, 0.25, 7.875], "texture": "#0"},
				"down": {"uv": [4.25, 7.875, 2.25, 8.125], "texture": "#0"}
			}
		},
		{
			"from": [0, 5, 14],
			"to": [16, 20, 16],
			"rotation": {"angle": 0, "axis": "y", "origin": [8, 3.5, 25.5]},
			"faces": {
				"north": {"uv": [0.25, 3.25, 2.25, 5.125], "texture": "#0"},
				"east": {"uv": [0, 3.25, 0.25, 5.125], "texture": "#0"},
				"south": {"uv": [2.5, 3.25, 4.5, 5.125], "texture": "#0"},
				"west": {"uv": [2.25, 3.25, 2.5, 5.125], "texture": "#0"},
				"up": {"uv": [2.25, 3.25, 0.25, 3], "texture": "#0"},
				"down": {"uv": [4.25, 3, 2.25, 3.25], "texture": "#0"}
			}
		},
		{
			"from": [2, 2, -11],
			"to": [14, 5, -4],
			"rotation": {"angle": 0, "axis": "y", "origin": [8, 3.5, 25.5]},
			"faces": {
				"north": {"uv": [10.5, 5.5, 12, 5.875], "texture": "#0"},
				"east": {"uv": [9.625, 5.5, 10.5, 5.875], "texture": "#0"},
				"south": {"uv": [12.875, 5.5, 14.375, 5.875], "texture": "#0"},
				"west": {"uv": [12, 5.5, 12.875, 5.875], "texture": "#0"},
				"up": {"uv": [12, 5.5, 10.5, 4.625], "texture": "#0"},
				"down": {"uv": [13.5, 4.625, 12, 5.5], "texture": "#0"}
			}
		},
		{
			"from": [3, 2, -1],
			"to": [13, 5, 4],
			"rotation": {"angle": 0, "axis": "y", "origin": [8, 3.5, 25.5]},
			"faces": {
				"north": {"uv": [7.125, 11.75, 8.375, 12.125], "texture": "#0"},
				"east": {"uv": [6.5, 11.75, 7.125, 12.125], "texture": "#0"},
				"south": {"uv": [9, 11.75, 10.25, 12.125], "texture": "#0"},
				"west": {"uv": [8.375, 11.75, 9, 12.125], "texture": "#0"},
				"up": {"uv": [8.375, 11.75, 7.125, 11.125], "texture": "#0"},
				"down": {"uv": [9.625, 11.125, 8.375, 11.75], "texture": "#0"}
			}
		},
		{
			"from": [15.5, 1, 9.5],
			"to": [16.5, 2, 17.5],
			"rotation": {"angle": 45, "axis": "z", "origin": [16, 1.5, 14]},
			"faces": {
				"north": {"uv": [10.375, 12.25, 10.5, 12.375], "texture": "#0"},
				"east": {"uv": [9.375, 12.25, 10.375, 12.375], "texture": "#0"},
				"south": {"uv": [11.5, 12.25, 11.625, 12.375], "texture": "#0"},
				"west": {"uv": [10.5, 12.25, 11.5, 12.375], "texture": "#0"},
				"up": {"uv": [10.5, 12.25, 10.375, 11.25], "texture": "#0"},
				"down": {"uv": [10.625, 11.25, 10.5, 12.25], "texture": "#0"}
			}
		},
		{
			"from": [15.5, 1, 23.5],
			"to": [16.5, 2, 30.5],
			"rotation": {"angle": 45, "axis": "z", "origin": [16, 1.5, 14]},
			"faces": {
				"north": {"uv": [3, 12.25, 3.125, 12.375], "texture": "#0"},
				"east": {"uv": [2.125, 12.25, 3, 12.375], "texture": "#0"},
				"south": {"uv": [4, 12.25, 4.125, 12.375], "texture": "#0"},
				"west": {"uv": [3.125, 12.25, 4, 12.375], "texture": "#0"},
				"up": {"uv": [3.125, 12.25, 3, 11.375], "texture": "#0"},
				"down": {"uv": [3.25, 11.375, 3.125, 12.25], "texture": "#0"}
			}
		},
		{
			"from": [-0.5, 1, 23.5],
			"to": [0.5, 2, 30.5],
			"rotation": {"angle": -45, "axis": "z", "origin": [0, 1.5, 14]},
			"faces": {
				"north": {"uv": [0.875, 12.25, 1, 12.375], "texture": "#0"},
				"east": {"uv": [0, 12.25, 0.875, 12.375], "texture": "#0"},
				"south": {"uv": [1.875, 12.25, 2, 12.375], "texture": "#0"},
				"west": {"uv": [1, 12.25, 1.875, 12.375], "texture": "#0"},
				"up": {"uv": [1, 12.25, 0.875, 11.375], "texture": "#0"},
				"down": {"uv": [1.125, 11.375, 1, 12.25], "texture": "#0"}
			}
		},
		{
			"from": [-0.5, 1, 9.5],
			"to": [0.5, 2, 17.5],
			"rotation": {"angle": -45, "axis": "z", "origin": [0, 1.5, 14]},
			"faces": {
				"north": {"uv": [12.125, 9.875, 12.25, 10], "texture": "#0"},
				"east": {"uv": [11.125, 9.875, 12.125, 10], "texture": "#0"},
				"south": {"uv": [13.25, 9.875, 13.375, 10], "texture": "#0"},
				"west": {"uv": [12.25, 9.875, 13.25, 10], "texture": "#0"},
				"up": {"uv": [12.25, 9.875, 12.125, 8.875], "texture": "#0"},
				"down": {"uv": [12.375, 8.875, 12.25, 9.875], "texture": "#0"}
			}
		},
		{
			"from": [-1, 1.75195, 17.34776],
			"to": [17, 3.75195, 18.34776],
			"rotation": {"angle": 22.5, "axis": "x", "origin": [-1.5, 3.75195, 19.84776]},
			"faces": {
				"north": {"uv": [11.125, 11.125, 13.375, 11.375], "texture": "#0"},
				"east": {"uv": [11, 11.125, 11.125, 11.375], "texture": "#0"},
				"south": {"uv": [13.5, 11.125, 15.75, 11.375], "texture": "#0"},
				"west": {"uv": [13.375, 11.125, 13.5, 11.375], "texture": "#0"},
				"up": {"uv": [13.375, 11.125, 11.125, 11], "texture": "#0"},
				"down": {"uv": [15.625, 11, 13.375, 11.125], "texture": "#0"}
			}
		},
		{
			"from": [-0.995, 3.71366, 17.54306],
			"to": [16.995, 4.70366, 23.53306],
			"rotation": {"angle": 0, "axis": "x", "origin": [-1.5, 5.20866, 21.53806]},
			"faces": {
				"north": {"uv": [7.25, 8.625, 9.5, 8.75], "texture": "#0"},
				"east": {"uv": [6.5, 8.625, 7.25, 8.75], "texture": "#0"},
				"south": {"uv": [10.25, 8.625, 12.5, 8.75], "texture": "#0"},
				"west": {"uv": [9.5, 8.625, 10.25, 8.75], "texture": "#0"},
				"up": {"uv": [9.5, 8.625, 7.25, 7.875], "texture": "#0"},
				"down": {"uv": [11.75, 7.875, 9.5, 8.625], "texture": "#0"}
			}
		},
		{
			"from": [-1, 2.9, 22.5],
			"to": [17, 4.9, 23.5],
			"rotation": {"angle": -22.5, "axis": "x", "origin": [-1.5, 4.9, 24]},
			"faces": {
				"north": {"uv": [0.125, 5.375, 2.375, 5.625], "texture": "#0"},
				"east": {"uv": [0, 5.375, 0.125, 5.625], "texture": "#0"},
				"south": {"uv": [2.5, 5.375, 4.75, 5.625], "texture": "#0"},
				"west": {"uv": [2.375, 5.375, 2.5, 5.625], "texture": "#0"},
				"up": {"uv": [2.375, 5.375, 0.125, 5.25], "texture": "#0"},
				"down": {"uv": [4.625, 5.25, 2.375, 5.375], "texture": "#0"}
			}
		},
		{
			"from": [1, 0, 17.5],
			"to": [15, 4, 23.5],
			"rotation": {"angle": 0, "axis": "y", "origin": [8, 2, 32.5]},
			"faces": {
				"north": {"uv": [10.375, 4, 12.125, 4.5], "texture": "#0"},
				"east": {"uv": [9.625, 4, 10.375, 4.5], "texture": "#0"},
				"south": {"uv": [12.875, 4, 14.625, 4.5], "texture": "#0"},
				"west": {"uv": [12.125, 4, 12.875, 4.5], "texture": "#0"},
				"up": {"uv": [12.125, 4, 10.375, 3.25], "texture": "#0"},
				"down": {"uv": [13.875, 3.25, 12.125, 4], "texture": "#0"}
			}
		},
		{
			"from": [0, 0, 17.5],
			"to": [16, 4, 23.5],
			"faces": {
				"east": {"uv": [9.3125, 15, 10.0625, 15.5], "texture": "#0"},
				"west": {"uv": [11.1875, 15, 11.9375, 15.5], "texture": "#0"}
			}
		},
		{
			"name": "octagon",
			"from": [-0.848, -1.748, 19.46647],
			"to": [1.148, 3.248, 21.53353],
			"rotation": {"angle": 0, "axis": "x", "origin": [-0.375, 0.75, 20.5]},
			"faces": {
				"north": {"uv": [1, 5.5, 0, 3], "rotation": 180, "texture": "#2_1"},
				"east": {"uv": [0, 0, 2.5, 1], "rotation": 90, "texture": "#2_1"},
				"south": {"uv": [4, 0, 3, 2.5], "texture": "#2_1"},
				"west": {"uv": [0, 1.5, 2.5, 2.5], "rotation": 270, "texture": "#2_1"},
				"up": {"uv": [4.5, 7.5, 5.5, 8.5], "texture": "#2_1"},
				"down": {"uv": [7.5, 3, 8.5, 4], "rotation": 180, "texture": "#2_1"}
			}
		},
		{
			"name": "octagon",
			"from": [-0.85, -1.75, 19.46447],
			"to": [1.15, 3.25, 21.53553],
			"rotation": {"angle": -45, "axis": "x", "origin": [-0.375, 0.75, 20.5]},
			"faces": {
				"north": {"uv": [2.5, 7, 1.5, 4.5], "rotation": 180, "texture": "#2_1"},
				"east": {"uv": [1.5, 3, 4, 4], "rotation": 90, "texture": "#2_1"},
				"south": {"uv": [5.5, 1.5, 4.5, 4], "texture": "#2_1"},
				"west": {"uv": [4.5, 0, 7, 1], "rotation": 270, "texture": "#2_1"},
				"up": {"uv": [6, 7.5, 7, 8.5], "texture": "#2_1"},
				"down": {"uv": [7.5, 4.5, 8.5, 5.5], "rotation": 180, "texture": "#2_1"}
			}
		},
		{
			"name": "octagon",
			"from": [-0.848, -0.28353, 18.002],
			"to": [1.148, 1.78353, 22.998],
			"rotation": {"angle": 0, "axis": "x", "origin": [-0.375, 0.75, 20.5]},
			"faces": {
				"north": {"uv": [8.5, 7, 7.5, 6], "rotation": 180, "texture": "#2_1"},
				"east": {"uv": [4.5, 4.5, 5.5, 7], "rotation": 90, "texture": "#2_1"},
				"south": {"uv": [8.5, 7.5, 7.5, 8.5], "texture": "#2_1"},
				"west": {"uv": [6, 1.5, 7, 4], "rotation": 270, "texture": "#2_1"},
				"up": {"uv": [0, 6, 1, 8.5], "texture": "#2_1"},
				"down": {"uv": [3, 4.5, 4, 7], "rotation": 180, "texture": "#2_1"}
			}
		},
		{
			"name": "octagon",
			"from": [-0.85, -0.28553, 18],
			"to": [1.15, 1.78553, 23],
			"rotation": {"angle": -45, "axis": "x", "origin": [-0.375, 0.75, 20.5]},
			"faces": {
				"north": {"uv": [1, 10, 0, 9], "rotation": 180, "texture": "#2_1"},
				"east": {"uv": [7.5, 0, 8.5, 2.5], "rotation": 90, "texture": "#2_1"},
				"south": {"uv": [10, 0, 9, 1], "texture": "#2_1"},
				"west": {"uv": [3, 7.5, 4, 10], "rotation": 270, "texture": "#2_1"},
				"up": {"uv": [1.5, 7.5, 2.5, 10], "texture": "#2_1"},
				"down": {"uv": [6, 4.5, 7, 7], "rotation": 180, "texture": "#2_1"}
			}
		},
		{
			"name": "octagon",
			"from": [14.852, -1.748, 19.46647],
			"to": [16.848, 3.248, 21.53353],
			"rotation": {"angle": 0, "axis": "x", "origin": [16.375, 0.75, 20.5]},
			"faces": {
				"north": {"uv": [0, 5.5, 1, 3], "rotation": 180, "texture": "#2_1"},
				"east": {"uv": [0, 2.5, 2.5, 1.5], "rotation": 270, "texture": "#2_1"},
				"south": {"uv": [3, 0, 4, 2.5], "texture": "#2_1"},
				"west": {"uv": [0, 1, 2.5, 0], "rotation": 90, "texture": "#2_1"},
				"up": {"uv": [5.5, 7.5, 4.5, 8.5], "texture": "#2_1"},
				"down": {"uv": [8.5, 3, 7.5, 4], "rotation": 180, "texture": "#2_1"}
			}
		},
		{
			"name": "octagon",
			"from": [14.85, -1.75, 19.46447],
			"to": [16.85, 3.25, 21.53553],
			"rotation": {"angle": -45, "axis": "x", "origin": [16.375, 0.75, 20.5]},
			"faces": {
				"north": {"uv": [1.5, 7, 2.5, 4.5], "rotation": 180, "texture": "#2_1"},
				"east": {"uv": [4.5, 1, 7, 0], "rotation": 270, "texture": "#2_1"},
				"south": {"uv": [4.5, 1.5, 5.5, 4], "texture": "#2_1"},
				"west": {"uv": [1.5, 4, 4, 3], "rotation": 90, "texture": "#2_1"},
				"up": {"uv": [7, 7.5, 6, 8.5], "texture": "#2_1"},
				"down": {"uv": [8.5, 4.5, 7.5, 5.5], "rotation": 180, "texture": "#2_1"}
			}
		},
		{
			"name": "octagon",
			"from": [14.852, -0.28353, 18.002],
			"to": [16.848, 1.78353, 22.998],
			"rotation": {"angle": 0, "axis": "x", "origin": [16.375, 0.75, 20.5]},
			"faces": {
				"north": {"uv": [7.5, 7, 8.5, 6], "rotation": 180, "texture": "#2_1"},
				"east": {"uv": [6, 4, 7, 1.5], "rotation": 270, "texture": "#2_1"},
				"south": {"uv": [7.5, 7.5, 8.5, 8.5], "texture": "#2_1"},
				"west": {"uv": [4.5, 7, 5.5, 4.5], "rotation": 90, "texture": "#2_1"},
				"up": {"uv": [1, 6, 0, 8.5], "texture": "#2_1"},
				"down": {"uv": [4, 4.5, 3, 7], "rotation": 180, "texture": "#2_1"}
			}
		},
		{
			"name": "octagon",
			"from": [14.85, -0.28553, 18],
			"to": [16.85, 1.78553, 23],
			"rotation": {"angle": -45, "axis": "x", "origin": [16.375, 0.75, 20.5]},
			"faces": {
				"north": {"uv": [0, 10, 1, 9], "rotation": 180, "texture": "#2_1"},
				"east": {"uv": [3, 10, 4, 7.5], "rotation": 270, "texture": "#2_1"},
				"south": {"uv": [9, 0, 10, 1], "texture": "#2_1"},
				"west": {"uv": [7.5, 2.5, 8.5, 0], "rotation": 90, "texture": "#2_1"},
				"up": {"uv": [2.5, 7.5, 1.5, 10], "texture": "#2_1"},
				"down": {"uv": [7, 4.5, 6, 7], "rotation": 180, "texture": "#2_1"}
			}
		},
		{
			"from": [-0.9, -1.375, 18.375],
			"to": [-0.9, 2.875, 22.625],
			"rotation": {"angle": 22.5, "axis": "x", "origin": [-0.375, 0.75, 20.5]},
			"faces": {
				"west": {"uv": [0, 0, 16, 16], "rotation": 270, "texture": "#1_2"}
			}
		},
		{
			"from": [16.9, -1.375, 18.375],
			"to": [16.9, 2.875, 22.625],
			"rotation": {"angle": 22.5, "axis": "x", "origin": [16.375, 0.75, 20.5]},
			"faces": {
				"east": {"uv": [0, 16, 16, 0], "rotation": 270, "texture": "#1_2"}
			}
		}
	],
	"display": {
		"thirdperson_righthand": {
			"rotation": [75, 45, 0],
			"translation": [0, 2.5, 0],
			"scale": [0.375, 0.375, 0.375]
		},
		"thirdperson_lefthand": {
			"rotation": [75, 45, 0],
			"translation": [0, 2.5, 0],
			"scale": [0.375, 0.375, 0.375]
		},
		"firstperson_righthand": {
			"rotation": [0, 45, 0],
			"scale": [0.4, 0.4, 0.4]
		},
		"firstperson_lefthand": {
			"rotation": [0, 225, 0],
			"scale": [0.4, 0.4, 0.4]
		},
		"ground": {
			"translation": [0, 3, 0],
			"scale": [0.25, 0.25, 0.25]
		},
		"gui": {
			"rotation": [30, 225, 0],
			"translation": [0, -0.75, 0],
			"scale": [0.35, 0.35, 0.35]
		},
		"head": {
			"translation": [0, -9.25, 11.75],
			"scale": [3.5, 3.5, 3.5]
		},
		"fixed": {
			"scale": [0.5, 0.5, 0.5]
		}
	},
	"groups": [
		{
			"name": "group",
			"origin": [3, 6, -6.5],
			"color": 0,
			"children": [0, 1, 2, 3, 4, 5, 6, 7, 8, 9, 10, 11, 12, 13, 14, 15, 16, 17, 18, 19, 20, 21, 22, 23]
		},
		{
			"name": "tires2",
			"origin": [8, 8, 8],
			"color": 0,
			"children": []
		},
		24,
		{
			"name": "tires_temp2",
			"origin": [8, 8, 8],
			"color": 0,
			"children": [
				{
					"name": "tires_temp",
					"origin": [8, 8, 8],
					"color": 0,
					"children": [
						{
							"name": "tire_template",
							"origin": [8, 8, 8],
							"color": 0,
							"children": [
								{
									"name": "octagon",
									"origin": [8, 8, 8],
									"color": 0,
									"children": [25, 26, 27, 28, 29, 30, 31, 32]
								},
								33,
								34
							]
						}
					]
				}
			]
		}
	]
}