{
	"credit": "www.sebxter.pl",
	"texture_size": [128, 128],
	"textures": {
		"1": "block/vehiles/car/seats",
		"7": "block/vehiles/car/truck",
		"particle": "sebxter:tires_pack/tire_1"
	},
	"elements": [
		{
			"from": [-1, 4, -6.5],
			"to": [17, 9, -0.5],
			"rotation": {"angle": 0, "axis": "y", "origin": [8, 4.5, -6]},
			"faces": {
				"north": {"uv": [6.625, 2.875, 8.875, 3.5], "texture": "#7"},
				"east": {"uv": [5.875, 10.75, 6.625, 11.375], "texture": "#7"},
				"south": {"uv": [7.125, 4.625, 9.375, 5.25], "texture": "#7"},
				"west": {"uv": [7.75, 10.75, 8.5, 11.375], "texture": "#7"},
				"up": {"uv": [8.625, 1.875, 6.375, 1.125], "texture": "#7"},
				"down": {"uv": [8.875, 2, 6.625, 2.75], "texture": "#7"}
			}
		},
		{
			"from": [1, 0, -6.5],
			"to": [15, 4, -0.5],
			"rotation": {"angle": 0, "axis": "y", "origin": [8, 2, 8.5]},
			"faces": {
				"north": {"uv": [0, 6.25, 1.75, 6.75], "texture": "#7"},
				"east": {"uv": [10.875, 0.625, 11.625, 1.125], "texture": "#7"},
				"south": {"uv": [9, 3, 10.75, 3.5], "texture": "#7"},
				"west": {"uv": [10.875, 3, 11.625, 3.5], "texture": "#7"},
				"up": {"uv": [1.75, 8.625, 0, 7.875], "texture": "#7"},
				"down": {"uv": [6, 7.875, 4.25, 8.625], "texture": "#7"}
			}
		},
		{
			"from": [0, 4, 17.5],
			"to": [16, 5, 23.5],
			"rotation": {"angle": 0, "axis": "y", "origin": [8, 5.5, 20.5]},
			"faces": {
				"north": {"uv": [11.75, 2.875, 13.75, 3], "texture": "#7"},
				"east": {"uv": [12.125, 7.25, 12.875, 7.375], "texture": "#7"},
				"south": {"uv": [11.75, 3.125, 13.75, 3.25], "texture": "#7"},
				"west": {"uv": [12.25, 5.5, 13, 5.625], "texture": "#7"},
				"up": {"uv": [6.25, 7.75, 4.25, 7], "texture": "#7"},
				"down": {"uv": [8.375, 7, 6.375, 7.75], "texture": "#7"}
			}
		},
		{
			"from": [-1, 0, -10.5],
			"to": [17, 9, -6.5],
			"rotation": {"angle": 0, "axis": "y", "origin": [8, 4.5, -6]},
			"faces": {
				"north": {"uv": [2.125, 0, 4.375, 1.125], "texture": "#7"},
				"east": {"uv": [1.5, 9.375, 2, 10.5], "texture": "#7"},
				"south": {"uv": [2.125, 1.25, 4.375, 2.375], "texture": "#7"},
				"west": {"uv": [2.125, 9.375, 2.625, 10.5], "texture": "#7"},
				"up": {"uv": [10.75, 7.125, 8.5, 6.625], "texture": "#7"},
				"down": {"uv": [10.75, 7.25, 8.5, 7.75], "texture": "#7"}
			}
		},
		{
			"from": [11.505, 4.005, -11.495],
			"to": [12.495, 8.995, -10.505],
			"rotation": {"angle": 0, "axis": "y", "origin": [8.5, 4.5, -6]},
			"faces": {
				"north": {"uv": [1.75, 12.625, 1.875, 13.25], "texture": "#7"},
				"east": {"uv": [4.125, 12.625, 4.25, 13.25], "texture": "#7"},
				"south": {"uv": [4.375, 12.625, 4.5, 13.25], "texture": "#7"},
				"west": {"uv": [4.625, 12.625, 4.75, 13.25], "texture": "#7"},
				"up": {"uv": [13.125, 12, 13, 11.875], "texture": "#7"},
				"down": {"uv": [12.625, 13, 12.5, 13.125], "texture": "#7"}
			}
		},
		{
			"from": [13.5, 6, -11.325],
			"to": [16.5, 8, -8.325],
			"rotation": {"angle": -22.5, "axis": "y", "origin": [15, 7, -11]},
			"faces": {
				"north": {"uv": [12.375, 0, 12.75, 0.25], "texture": "#7"},
				"east": {"uv": [2.125, 12.375, 2.5, 12.625], "texture": "#7"},
				"south": {"uv": [2.625, 12.375, 3, 12.625], "texture": "#7"},
				"west": {"uv": [12.375, 4.375, 12.75, 4.625], "texture": "#7"},
				"up": {"uv": [7.875, 9.75, 7.5, 9.375], "texture": "#7"},
				"down": {"uv": [12.25, 0, 11.875, 0.375], "texture": "#7"}
			}
		},
		{
			"from": [-0.5, 6, -11.325],
			"to": [2.5, 8, -8.325],
			"rotation": {"angle": 22.5, "axis": "y", "origin": [1, 7, -11]},
			"faces": {
				"north": {"uv": [5.625, 12.375, 6, 12.625], "texture": "#7"},
				"east": {"uv": [6.125, 12.375, 6.5, 12.625], "texture": "#7"},
				"south": {"uv": [7.625, 12.375, 8, 12.625], "texture": "#7"},
				"west": {"uv": [8.125, 12.375, 8.5, 12.625], "texture": "#7"},
				"up": {"uv": [12.25, 4.75, 11.875, 4.375], "texture": "#7"},
				"down": {"uv": [9.375, 11.875, 9, 12.25], "texture": "#7"}
			}
		},
		{
			"from": [3.505, 4.005, -11.495],
			"to": [4.495, 8.995, -10.505],
			"rotation": {"angle": 0, "axis": "y", "origin": [8.5, 4.5, -6]},
			"faces": {
				"north": {"uv": [4.875, 12.625, 5, 13.25], "texture": "#7"},
				"east": {"uv": [5.125, 12.625, 5.25, 13.25], "texture": "#7"},
				"south": {"uv": [5.375, 12.625, 5.5, 13.25], "texture": "#7"},
				"west": {"uv": [2, 12.75, 2.125, 13.375], "texture": "#7"},
				"up": {"uv": [1.5, 13.25, 1.375, 13.125], "texture": "#7"},
				"down": {"uv": [3.125, 13.125, 3, 13.25], "texture": "#7"}
			}
		},
		{
			"from": [9.5, 4, -11],
			"to": [10.5, 8, -10],
			"rotation": {"angle": 45, "axis": "y", "origin": [10, 6, -10.5]},
			"faces": {
				"north": {"uv": [2.25, 12.75, 2.375, 13.25], "texture": "#7"},
				"east": {"uv": [2.5, 12.75, 2.625, 13.25], "texture": "#7"},
				"south": {"uv": [2.75, 12.75, 2.875, 13.25], "texture": "#7"},
				"west": {"uv": [5.625, 12.75, 5.75, 13.25], "texture": "#7"},
				"up": {"uv": [3.375, 13.25, 3.25, 13.125], "texture": "#7"},
				"down": {"uv": [13.25, 3.625, 13.125, 3.75], "texture": "#7"}
			}
		},
		{
			"from": [5.5, 4, -11],
			"to": [6.5, 8, -10],
			"rotation": {"angle": 45, "axis": "y", "origin": [6, 6, -10.5]},
			"faces": {
				"north": {"uv": [5.875, 12.75, 6, 13.25], "texture": "#7"},
				"east": {"uv": [6.125, 12.75, 6.25, 13.25], "texture": "#7"},
				"south": {"uv": [6.375, 12.75, 6.5, 13.25], "texture": "#7"},
				"west": {"uv": [12.75, 7.5, 12.875, 8], "texture": "#7"},
				"up": {"uv": [13.25, 5.375, 13.125, 5.25], "texture": "#7"},
				"down": {"uv": [13.25, 5.5, 13.125, 5.625], "texture": "#7"}
			}
		},
		{
			"from": [7.5, 4, -11],
			"to": [8.5, 8, -10],
			"rotation": {"angle": 45, "axis": "y", "origin": [8, 6, -10.5]},
			"faces": {
				"north": {"uv": [7.625, 12.75, 7.75, 13.25], "texture": "#7"},
				"east": {"uv": [7.875, 12.75, 8, 13.25], "texture": "#7"},
				"south": {"uv": [8.125, 12.75, 8.25, 13.25], "texture": "#7"},
				"west": {"uv": [12.75, 8.125, 12.875, 8.625], "texture": "#7"},
				"up": {"uv": [13.25, 5.875, 13.125, 5.75], "texture": "#7"},
				"down": {"uv": [13.25, 6, 13.125, 6.125], "texture": "#7"}
			}
		},
		{
			"from": [4.5, 8, -11.5],
			"to": [11.5, 9, -10.5],
			"rotation": {"angle": 0, "axis": "y", "origin": [8.5, 4.5, -6]},
			"faces": {
				"north": {"uv": [11.75, 5.25, 12.625, 5.375], "texture": "#7"},
				"east": {"uv": [13.125, 6.25, 13.25, 6.375], "texture": "#7"},
				"south": {"uv": [11.75, 7.5, 12.625, 7.625], "texture": "#7"},
				"west": {"uv": [13.125, 6.5, 13.25, 6.625], "texture": "#7"},
				"up": {"uv": [12.875, 1.625, 12, 1.5], "texture": "#7"},
				"down": {"uv": [12.875, 1.75, 12, 1.875], "texture": "#7"}
			}
		},
		{
			"from": [-1.5, 1.5, -11.5],
			"to": [17.5, 4.5, -7.5],
			"rotation": {"angle": 0, "axis": "y", "origin": [8.5, 3, -9.5]},
			"faces": {
				"north": {"uv": [9, 2, 11.375, 2.375], "texture": "#7"},
				"east": {"uv": [2.5, 11.625, 3, 12], "texture": "#7"},
				"south": {"uv": [9, 2.5, 11.375, 2.875], "texture": "#7"},
				"west": {"uv": [3.125, 11.625, 3.625, 12], "texture": "#7"},
				"up": {"uv": [9.5, 5.875, 7.125, 5.375], "texture": "#7"},
				"down": {"uv": [10.625, 6, 8.25, 6.5], "texture": "#7"}
			}
		},
		{
			"from": [0, 0.5, -11.5],
			"to": [16, 2.5, -10.5],
			"rotation": {"angle": 45, "axis": "x", "origin": [8, 1, -11]},
			"faces": {
				"north": {"uv": [0, 10.75, 2, 11], "texture": "#7"},
				"east": {"uv": [6.375, 2, 6.5, 2.25], "texture": "#7"},
				"south": {"uv": [3.75, 10.75, 5.75, 11], "texture": "#7"},
				"west": {"uv": [8.25, 6.625, 8.375, 6.875], "texture": "#7"},
				"up": {"uv": [13.75, 3.5, 11.75, 3.375], "texture": "#7"},
				"down": {"uv": [13.75, 5, 11.75, 5.125], "texture": "#7"}
			}
		},
		{
			"from": [0, 1, 23.5],
			"to": [16, 5, 30.5],
			"rotation": {"angle": 0, "axis": "y", "origin": [8, 3.5, 25.5]},
			"faces": {
				"north": {"uv": [8, 8.625, 10, 9.125], "texture": "#7"},
				"east": {"uv": [10.75, 6, 11.625, 6.5], "texture": "#7"},
				"south": {"uv": [8.75, 0.875, 10.75, 1.375], "texture": "#7"},
				"west": {"uv": [8.625, 10.75, 9.5, 11.25], "texture": "#7"},
				"up": {"uv": [3.875, 6.875, 1.875, 6], "texture": "#7"},
				"down": {"uv": [8, 3.625, 6, 4.5], "texture": "#7"}
			}
		},
		{
			"from": [0.75, 1.5, 30],
			"to": [2.75, 3.5, 31],
			"rotation": {"angle": 0, "axis": "y", "origin": [8, 3.5, 25.5]},
			"faces": {
				"north": {"uv": [12.625, 4, 12.875, 4.25], "texture": "#7"},
				"east": {"uv": [5.625, 11.125, 5.75, 11.375], "texture": "#7"},
				"south": {"uv": [12.75, 8.75, 13, 9], "texture": "#7"},
				"west": {"uv": [8.375, 12.75, 8.5, 13], "texture": "#7"},
				"up": {"uv": [10.625, 0.75, 10.375, 0.625], "texture": "#7"},
				"down": {"uv": [13, 5.25, 12.75, 5.375], "texture": "#7"}
			}
		},
		{
			"from": [2.75, 1.5, 30],
			"to": [4.75, 2.5, 31],
			"rotation": {"angle": 0, "axis": "y", "origin": [8, 3.5, 25.5]},
			"faces": {
				"north": {"uv": [12.75, 12.125, 13, 12.25], "texture": "#7"},
				"east": {"uv": [6.625, 13.125, 6.75, 13.25], "texture": "#7"},
				"south": {"uv": [12.75, 12.375, 13, 12.5], "texture": "#7"},
				"west": {"uv": [13.125, 6.75, 13.25, 6.875], "texture": "#7"},
				"up": {"uv": [13, 12.75, 12.75, 12.625], "texture": "#7"},
				"down": {"uv": [13.125, 0, 12.875, 0.125], "texture": "#7"}
			}
		},
		{
			"from": [11.25, 1.5, 30],
			"to": [13.25, 2.5, 31],
			"rotation": {"angle": 0, "axis": "y", "origin": [8, 3.5, 25.5]},
			"faces": {
				"north": {"uv": [1.375, 12.875, 1.625, 13], "texture": "#7"},
				"east": {"uv": [13.125, 7, 13.25, 7.125], "texture": "#7"},
				"south": {"uv": [12.875, 4.375, 13.125, 4.5], "texture": "#7"},
				"west": {"uv": [8.375, 13.125, 8.5, 13.25], "texture": "#7"},
				"up": {"uv": [8.875, 13, 8.625, 12.875], "texture": "#7"},
				"down": {"uv": [9.25, 12.875, 9, 13], "texture": "#7"}
			}
		},
		{
			"from": [13.25, 1.5, 30],
			"to": [15.25, 3.5, 31],
			"rotation": {"angle": 0, "axis": "y", "origin": [8, 3.5, 25.5]},
			"faces": {
				"north": {"uv": [10.125, 12.75, 10.375, 13], "texture": "#7"},
				"east": {"uv": [9.375, 12.875, 9.5, 13.125], "texture": "#7"},
				"south": {"uv": [10.5, 12.75, 10.75, 13], "texture": "#7"},
				"west": {"uv": [9.625, 12.875, 9.75, 13.125], "texture": "#7"},
				"up": {"uv": [13, 13, 12.75, 12.875], "texture": "#7"},
				"down": {"uv": [0.75, 13, 0.5, 13.125], "texture": "#7"}
			}
		},
		{
			"from": [6.5, 3.5, 10.5],
			"to": [9.5, 6.5, 31.5],
			"rotation": {"angle": 45, "axis": "z", "origin": [8, 5, 20.5]},
			"faces": {
				"north": {"uv": [9.5, 11.875, 9.875, 12.25], "texture": "#7"},
				"east": {"uv": [8.75, 1.5, 11.375, 1.875], "texture": "#7"},
				"south": {"uv": [10, 11.875, 10.375, 12.25], "texture": "#7"},
				"west": {"uv": [0, 8.875, 2.625, 9.25], "texture": "#7"},
				"up": {"uv": [3.125, 11.5, 2.75, 8.875], "texture": "#7"},
				"down": {"uv": [3.625, 8.875, 3.25, 11.5], "texture": "#7"}
			}
		},
		{
			"from": [0, 1, 10.5],
			"to": [16, 5, 17.5],
			"rotation": {"angle": 0, "axis": "y", "origin": [8, 3.5, 25.5]},
			"faces": {
				"north": {"uv": [3.75, 8.75, 5.75, 9.25], "texture": "#7"},
				"east": {"uv": [9.625, 10.75, 10.5, 11.25], "texture": "#7"},
				"south": {"uv": [5.875, 8.75, 7.875, 9.25], "texture": "#7"},
				"west": {"uv": [10.625, 10.75, 11.5, 11.25], "texture": "#7"},
				"up": {"uv": [6, 6.875, 4, 6], "texture": "#7"},
				"down": {"uv": [8.125, 6, 6.125, 6.875], "texture": "#7"}
			}
		},
		{
			"from": [0, 5, 9.5],
			"to": [16, 17, 12.5],
			"rotation": {"angle": 0, "axis": "y", "origin": [8, 3.5, 25.5]},
			"faces": {
				"north": {"uv": [0, 0, 2, 1.5], "texture": "#7"},
				"east": {"uv": [6.75, 10.375, 7.125, 11.875], "texture": "#7"},
				"south": {"uv": [0, 1.625, 2, 3.125], "texture": "#7"},
				"west": {"uv": [7.25, 10.375, 7.625, 11.875], "texture": "#7"},
				"up": {"uv": [2, 3.625, 0, 3.25], "texture": "#7"},
				"down": {"uv": [11.625, 5.125, 9.625, 5.5], "texture": "#7"}
			}
		},
		{
			"from": [0, 14, 4.5],
			"to": [16, 17, 9.5],
			"rotation": {"angle": 0, "axis": "y", "origin": [8, 3.5, 25.5]},
			"faces": {
				"north": {"uv": [6.75, 9.875, 8.75, 10.25], "texture": "#7"},
				"east": {"uv": [6, 4.625, 6.625, 5], "texture": "#7"},
				"south": {"uv": [8.875, 9.875, 10.875, 10.25], "texture": "#7"},
				"west": {"uv": [6.75, 9.375, 7.375, 9.75], "texture": "#7"},
				"up": {"uv": [10, 8.5, 8, 7.875], "texture": "#7"},
				"down": {"uv": [10.125, 3.625, 8.125, 4.25], "texture": "#7"}
			}
		},
		{
			"from": [15.5, 1, 10.5],
			"to": [16.5, 2, 17.5],
			"rotation": {"angle": 45, "axis": "z", "origin": [16, 1.5, 14]},
			"faces": {
				"north": {"uv": [8.625, 13.125, 8.75, 13.25], "texture": "#7"},
				"east": {"uv": [12, 2, 12.875, 2.125], "texture": "#7"},
				"south": {"uv": [13.125, 8.75, 13.25, 8.875], "texture": "#7"},
				"west": {"uv": [12, 11.875, 12.875, 12], "texture": "#7"},
				"up": {"uv": [2.625, 11.5, 2.5, 10.625], "texture": "#7"},
				"down": {"uv": [7, 12, 6.875, 12.875], "texture": "#7"}
			}
		},
		{
			"from": [15.5, 1, 23.5],
			"to": [16.5, 2, 30.5],
			"rotation": {"angle": 45, "axis": "z", "origin": [16, 1.5, 14]},
			"faces": {
				"north": {"uv": [8.875, 13.125, 9, 13.25], "texture": "#7"},
				"east": {"uv": [2.125, 12.125, 3, 12.25], "texture": "#7"},
				"south": {"uv": [13.125, 9, 13.25, 9.125], "texture": "#7"},
				"west": {"uv": [12.125, 6, 13, 6.125], "texture": "#7"},
				"up": {"uv": [7.25, 12.875, 7.125, 12], "texture": "#7"},
				"down": {"uv": [7.5, 12, 7.375, 12.875], "texture": "#7"}
			}
		},
		{
			"from": [-0.5, 1, 23.5],
			"to": [0.5, 2, 30.5],
			"rotation": {"angle": -45, "axis": "z", "origin": [0, 1.5, 14]},
			"faces": {
				"north": {"uv": [9.125, 13.125, 9.25, 13.25], "texture": "#7"},
				"east": {"uv": [12.125, 6.25, 13, 6.375], "texture": "#7"},
				"south": {"uv": [10.125, 13.125, 10.25, 13.25], "texture": "#7"},
				"west": {"uv": [12.125, 6.5, 13, 6.625], "texture": "#7"},
				"up": {"uv": [3.25, 13, 3.125, 12.125], "texture": "#7"},
				"down": {"uv": [3.5, 12.125, 3.375, 13], "texture": "#7"}
			}
		},
		{
			"from": [-0.5, 1, 10.5],
			"to": [0.5, 2, 17.5],
			"rotation": {"angle": -45, "axis": "z", "origin": [0, 1.5, 14]},
			"faces": {
				"north": {"uv": [10.375, 13.125, 10.5, 13.25], "texture": "#7"},
				"east": {"uv": [12.125, 6.75, 13, 6.875], "texture": "#7"},
				"south": {"uv": [10.625, 13.125, 10.75, 13.25], "texture": "#7"},
				"west": {"uv": [12.125, 7, 13, 7.125], "texture": "#7"},
				"up": {"uv": [12.125, 13, 12, 12.125], "texture": "#7"},
				"down": {"uv": [12.375, 12.125, 12.25, 13], "texture": "#7"}
			}
		},
		{
			"from": [-1, 0, -0.5],
			"to": [1, 5, 10.5],
			"rotation": {"angle": 0, "axis": "y", "origin": [8, 3.5, 11.33333]},
			"faces": {
				"north": {"uv": [3.75, 8, 4, 8.625], "texture": "#7"},
				"east": {"uv": [0, 9.375, 1.375, 10], "texture": "#7"},
				"south": {"uv": [1.125, 11.75, 1.375, 12.375], "texture": "#7"},
				"west": {"uv": [3.75, 9.375, 5.125, 10], "texture": "#7"},
				"up": {"uv": [2.375, 12, 2.125, 10.625], "texture": "#7"},
				"down": {"uv": [2, 11.125, 1.75, 12.5], "texture": "#7"}
			}
		},
		{
			"from": [-0.11441, 4.43202, -0.495],
			"to": [1.87559, 8.42202, 10.495],
			"rotation": {"angle": -22.5, "axis": "z", "origin": [0.88059, 6.92702, 5]},
			"faces": {
				"north": {"uv": [10.5, 11.875, 10.75, 12.375], "texture": "#7"},
				"east": {"uv": [9.875, 9.25, 11.25, 9.75], "texture": "#7"},
				"south": {"uv": [10.875, 11.875, 11.125, 12.375], "texture": "#7"},
				"west": {"uv": [0, 10.125, 1.375, 10.625], "texture": "#7"},
				"up": {"uv": [4, 12.5, 3.75, 11.125], "texture": "#7"},
				"down": {"uv": [4.375, 11.125, 4.125, 12.5], "texture": "#7"}
			}
		},
		{
			"from": [14.12441, 4.43202, -0.495],
			"to": [16.11441, 8.42202, 10.495],
			"rotation": {"angle": 22.5, "axis": "z", "origin": [15.11941, 6.92702, 5]},
			"faces": {
				"north": {"uv": [11.25, 11.875, 11.5, 12.375], "texture": "#7"},
				"east": {"uv": [3.75, 10.125, 5.125, 10.625], "texture": "#7"},
				"south": {"uv": [11.625, 11.875, 11.875, 12.375], "texture": "#7"},
				"west": {"uv": [5.25, 10.125, 6.625, 10.625], "texture": "#7"},
				"up": {"uv": [4.75, 12.5, 4.5, 11.125], "texture": "#7"},
				"down": {"uv": [5.125, 11.125, 4.875, 12.5], "texture": "#7"}
			}
		},
		{
			"from": [15, 0, -0.5],
			"to": [17, 5, 10.5],
			"rotation": {"angle": 0, "axis": "y", "origin": [8, 3.5, 11.33333]},
			"faces": {
				"north": {"uv": [11.75, 6, 12, 6.625], "texture": "#7"},
				"east": {"uv": [5.25, 9.375, 6.625, 10], "texture": "#7"},
				"south": {"uv": [11.75, 6.75, 12, 7.375], "texture": "#7"},
				"west": {"uv": [9.5, 4.375, 10.875, 5], "texture": "#7"},
				"up": {"uv": [5.5, 12.5, 5.25, 11.125], "texture": "#7"},
				"down": {"uv": [8.875, 11.375, 8.625, 12.75], "texture": "#7"}
			}
		},
		{
			"from": [1, 0, -0.5],
			"to": [15, 1, 9.5],
			"rotation": {"angle": 0, "axis": "y", "origin": [8, 3.5, 11.33333]},
			"faces": {
				"up": {"uv": [4, 5, 2.25, 3.75], "texture": "#7"},
				"down": {"uv": [5.875, 3.75, 4.125, 5], "texture": "#7"}
			}
		},
		{
			"from": [1, 2.03702, -0.31389],
			"to": [15, 9.03702, 0.68611],
			"rotation": {"angle": -22.5, "axis": "x", "origin": [8, 6.03702, 0.18611]},
			"faces": {
				"south": {"uv": [2.375, 7, 4.125, 7.875], "texture": "#7"}
			}
		},
		{
			"from": [-0.995, 3.53013, -1.22723],
			"to": [0.995, 9.52013, 1.76277],
			"rotation": {"angle": -45, "axis": "x", "origin": [6, 6.52513, 1.26777]},
			"faces": {
				"north": {"uv": [8.25, 11.5, 8.5, 12.25], "texture": "#7"},
				"east": {"uv": [11.5, 1.5, 11.875, 2.25], "texture": "#7"},
				"south": {"uv": [0, 11.75, 0.25, 12.5], "texture": "#7"},
				"west": {"uv": [5.625, 11.5, 6, 12.25], "texture": "#7"},
				"up": {"uv": [7, 5, 6.75, 4.625], "texture": "#7"},
				"down": {"uv": [9.25, 12.375, 9, 12.75], "texture": "#7"}
			}
		},
		{
			"from": [15.005, 3.53013, -1.22723],
			"to": [16.995, 9.52013, 1.76277],
			"rotation": {"angle": -45, "axis": "x", "origin": [10, 6.52513, 1.26777]},
			"faces": {
				"north": {"uv": [0.375, 11.75, 0.625, 12.5], "texture": "#7"},
				"east": {"uv": [6.125, 11.5, 6.5, 12.25], "texture": "#7"},
				"south": {"uv": [0.75, 11.75, 1, 12.5], "texture": "#7"},
				"west": {"uv": [7.75, 11.5, 8.125, 12.25], "texture": "#7"},
				"up": {"uv": [9.625, 12.75, 9.375, 12.375], "texture": "#7"},
				"down": {"uv": [10, 12.375, 9.75, 12.75], "texture": "#7"}
			}
		},
		{
			"from": [-2, 2.9, -1.5],
			"to": [18, 4.9, -0.5],
			"rotation": {"angle": -22.5, "axis": "x", "origin": [-1.5, 4.9, 0]},
			"faces": {
				"north": {"uv": [9.625, 5.625, 12.125, 5.875], "texture": "#7"},
				"east": {"uv": [9.875, 12.875, 10, 13.125], "texture": "#7"},
				"south": {"uv": [10.125, 7.875, 12.625, 8.125], "texture": "#7"},
				"west": {"uv": [0.875, 13, 1, 13.25], "texture": "#7"},
				"up": {"uv": [12.625, 9.125, 10.125, 9], "texture": "#7"},
				"down": {"uv": [13.375, 1.25, 10.875, 1.375], "texture": "#7"}
			}
		},
		{
			"from": [-2, 1.75195, -6.65224],
			"to": [18, 3.75195, -5.65224],
			"rotation": {"angle": 22.5, "axis": "x", "origin": [-1.5, 3.75195, -4.15224]},
			"faces": {
				"north": {"uv": [10.125, 8.25, 12.625, 8.5], "texture": "#7"},
				"east": {"uv": [13, 1.5, 13.125, 1.75], "texture": "#7"},
				"south": {"uv": [10.125, 8.625, 12.625, 8.875], "texture": "#7"},
				"west": {"uv": [13, 1.875, 13.125, 2.125], "texture": "#7"},
				"up": {"uv": [13.5, 10, 11, 9.875], "texture": "#7"},
				"down": {"uv": [13.5, 10.125, 11, 10.25], "texture": "#7"}
			}
		},
		{
			"from": [-1.995, 3.71366, -6.45694],
			"to": [17.995, 4.70366, -0.46694],
			"rotation": {"angle": 0, "axis": "x", "origin": [-1.5, 5.20866, -2.46194]},
			"faces": {
				"north": {"uv": [9, 11.375, 11.5, 11.5], "texture": "#7"},
				"east": {"uv": [12.25, 5.75, 13, 5.875], "texture": "#7"},
				"south": {"uv": [11.375, 9.25, 13.875, 9.375], "texture": "#7"},
				"west": {"uv": [12.375, 0.375, 13.125, 0.5], "texture": "#7"},
				"up": {"uv": [4.375, 5.875, 1.875, 5.125], "texture": "#7"},
				"down": {"uv": [7, 5.125, 4.5, 5.875], "texture": "#7"}
			}
		},
		{
			"from": [-1, 1.75195, 17.34776],
			"to": [17, 3.75195, 18.34776],
			"rotation": {"angle": 22.5, "axis": "x", "origin": [-1.5, 3.75195, 19.84776]},
			"faces": {
				"north": {"uv": [10.25, 3.625, 12.5, 3.875], "texture": "#7"},
				"east": {"uv": [3.625, 13, 3.75, 13.25], "texture": "#7"},
				"south": {"uv": [10.25, 4, 12.5, 4.25], "texture": "#7"},
				"west": {"uv": [3.875, 13, 4, 13.25], "texture": "#7"},
				"up": {"uv": [13.625, 9.625, 11.375, 9.5], "texture": "#7"},
				"down": {"uv": [13.75, 2.375, 11.5, 2.5], "texture": "#7"}
			}
		},
		{
			"from": [-0.995, 3.71366, 17.54306],
			"to": [16.995, 4.70366, 23.53306],
			"rotation": {"angle": 0, "axis": "x", "origin": [-1.5, 5.20866, 21.53806]},
			"faces": {
				"north": {"uv": [11.5, 2.625, 13.75, 2.75], "texture": "#7"},
				"east": {"uv": [12.375, 4.75, 13.125, 4.875], "texture": "#7"},
				"south": {"uv": [9, 11.625, 11.25, 11.75], "texture": "#7"},
				"west": {"uv": [10.125, 12.5, 10.875, 12.625], "texture": "#7"},
				"up": {"uv": [9, 0.75, 6.75, 0], "texture": "#7"},
				"down": {"uv": [2.25, 7, 0, 7.75], "texture": "#7"}
			}
		},
		{
			"from": [-1, 2.9, 22.5],
			"to": [17, 4.9, 23.5],
			"rotation": {"angle": -22.5, "axis": "x", "origin": [-1.5, 4.9, 24]},
			"faces": {
				"north": {"uv": [7.75, 10.375, 10, 10.625], "texture": "#7"},
				"east": {"uv": [13, 4, 13.125, 4.25], "texture": "#7"},
				"south": {"uv": [10.125, 10.375, 12.375, 10.625], "texture": "#7"},
				"west": {"uv": [6.875, 13, 7, 13.25], "texture": "#7"},
				"up": {"uv": [13.875, 10.875, 11.625, 10.75], "texture": "#7"},
				"down": {"uv": [13.875, 11, 11.625, 11.125], "texture": "#7"}
			}
		},
		{
			"from": [1, 0, 17.5],
			"to": [15, 4, 23.5],
			"rotation": {"angle": 0, "axis": "y", "origin": [8, 2, 32.5]},
			"faces": {
				"north": {"uv": [9.125, 0, 10.875, 0.5], "texture": "#7"},
				"east": {"uv": [10.875, 6.625, 11.625, 7.125], "texture": "#7"},
				"south": {"uv": [8, 9.25, 9.75, 9.75], "texture": "#7"},
				"west": {"uv": [10.875, 7.25, 11.625, 7.75], "texture": "#7"},
				"up": {"uv": [7.875, 8.625, 6.125, 7.875], "texture": "#7"},
				"down": {"uv": [3.625, 8, 1.875, 8.75], "texture": "#7"}
			}
		},
		{
			"from": [-0.5, 8.52336, -0.36334],
			"to": [0.5, 14.52336, 0.63666],
			"rotation": {"angle": 22.5, "axis": "x", "origin": [8, 11.52336, 0.13666]},
			"faces": {
				"north": {"uv": [1.125, 12.5, 1.25, 13.25], "texture": "#7"},
				"east": {"uv": [11, 12.5, 11.125, 13.25], "texture": "#7"},
				"south": {"uv": [11.25, 12.5, 11.375, 13.25], "texture": "#7"},
				"west": {"uv": [11.5, 12.5, 11.625, 13.25], "texture": "#7"},
				"up": {"uv": [12.125, 13.25, 12, 13.125], "texture": "#7"},
				"down": {"uv": [13.25, 12.125, 13.125, 12.25], "texture": "#7"}
			}
		},
		{
			"from": [-0.5, 13.48634, 0.82277],
			"to": [16.5, 14.48634, 9.82277],
			"rotation": {"angle": 0, "axis": "x", "origin": [8, 13.98634, 9.32277]},
			"faces": {
				"north": {"uv": [11.625, 11.25, 13.75, 11.375], "texture": "#7"},
				"east": {"uv": [8.125, 4.375, 9.25, 4.5], "texture": "#7"},
				"south": {"uv": [11.375, 11.625, 13.5, 11.75], "texture": "#7"},
				"west": {"uv": [9.125, 0.625, 10.25, 0.75], "texture": "#7"},
				"up": {"uv": [4.25, 3.625, 2.125, 2.5], "texture": "#7"},
				"down": {"uv": [2.125, 3.75, 0, 4.875], "texture": "#7"}
			}
		},
		{
			"from": [-0.5, 5.51134, 8.82277],
			"to": [16.5, 13.51134, 9.82277],
			"rotation": {"angle": 0, "axis": "x", "origin": [8, 13.98634, 9.32277]},
			"faces": {
				"north": {"uv": [4.375, 2.5, 6.5, 3.5], "texture": "#7"},
				"east": {"uv": [1.5, 11.75, 1.625, 12.75], "texture": "#7"},
				"south": {"uv": [4.5, 0, 6.625, 1], "texture": "#7"},
				"west": {"uv": [6.625, 12, 6.75, 13], "texture": "#7"},
				"up": {"uv": [13.875, 0.75, 11.75, 0.625], "texture": "#7"},
				"down": {"uv": [13.875, 0.875, 11.75, 1], "texture": "#7"}
			}
		},
		{
			"from": [15.5, 8.52336, -0.36334],
			"to": [16.5, 14.52336, 0.63666],
			"rotation": {"angle": 22.5, "axis": "x", "origin": [8, 11.52336, 0.13666]},
			"faces": {
				"north": {"uv": [11.75, 12.5, 11.875, 13.25], "texture": "#7"},
				"east": {"uv": [12.5, 12.125, 12.625, 12.875], "texture": "#7"},
				"south": {"uv": [0, 12.625, 0.125, 13.375], "texture": "#7"},
				"west": {"uv": [0.25, 12.625, 0.375, 13.375], "texture": "#7"},
				"up": {"uv": [12.375, 13.25, 12.25, 13.125], "texture": "#7"},
				"down": {"uv": [13.25, 12.375, 13.125, 12.5], "texture": "#7"}
			}
		},
		{
			"from": [1, 0, 9.5],
			"to": [15, 9, 10.5],
			"rotation": {"angle": 0, "axis": "y", "origin": [8, 3.5, 11.33333]},
			"faces": {
				"north": {"uv": [4.5, 1.125, 6.25, 2.25], "texture": "#7"},
				"south": {"uv": [0, 5, 1.75, 6.125], "texture": "#7"},
				"down": {"uv": [8.5, 0.875, 6.75, 1], "texture": "#7"}
			}
		},
		{
			"from": [-4.3, 9, -0.4],
			"to": [-1.3, 11, -0.4],
			"rotation": {"angle": 22.5, "axis": "y", "origin": [-2.8, 10, -0.75]},
			"faces": {
				"north": {"uv": [12.5, 10.375, 12.875, 10.625], "texture": "#7"},
				"south": {"uv": [0.5, 12.625, 0.875, 12.875], "texture": "#7"}
			}
		},
		{
			"from": [-5.475, 9.475, -1.25],
			"to": [-3.475, 10.475, -0.25],
			"rotation": {"angle": -45, "axis": "z", "origin": [-3.9, 5.35, 0.5]},
			"faces": {
				"north": {"uv": [7.125, 13, 7.375, 13.125], "texture": "#7"},
				"east": {"uv": [13.125, 12.625, 13.25, 12.75], "texture": "#7"},
				"south": {"uv": [13, 7.25, 13.25, 7.375], "texture": "#7"},
				"west": {"uv": [12.75, 13.125, 12.875, 13.25], "texture": "#7"},
				"up": {"uv": [13.25, 7.625, 13, 7.5], "texture": "#7"},
				"down": {"uv": [13.25, 7.75, 13, 7.875], "texture": "#7"}
			}
		},
		{
			"from": [19.475, 9.475, -1.25],
			"to": [21.475, 10.475, -0.25],
			"rotation": {"angle": 45, "axis": "z", "origin": [19.9, 5.35, 0.5]},
			"faces": {
				"north": {"uv": [13, 8, 13.25, 8.125], "texture": "#7"},
				"east": {"uv": [13.125, 12.875, 13.25, 13], "texture": "#7"},
				"south": {"uv": [13, 8.25, 13.25, 8.375], "texture": "#7"},
				"west": {"uv": [13, 13.125, 13.125, 13.25], "texture": "#7"},
				"up": {"uv": [13.25, 8.625, 13, 8.5], "texture": "#7"},
				"down": {"uv": [13.25, 10.375, 13, 10.5], "texture": "#7"}
			}
		},
		{
			"from": [17.3, 9, -0.4],
			"to": [20.3, 11, -0.4],
			"rotation": {"angle": -22.5, "axis": "y", "origin": [18.8, 10, -0.75]},
			"faces": {
				"north": {"uv": [3.625, 12.625, 4, 12.875], "texture": "#7"},
				"south": {"uv": [12.625, 3.625, 13, 3.875], "texture": "#7"}
			}
		},
		{
			"from": [-1, 0, -6.5],
			"to": [17, 4, -0.5],
			"faces": {
				"east": {"uv": [11, 0, 11.75, 0.5], "texture": "#7"},
				"west": {"uv": [11, 4.375, 11.75, 4.875], "texture": "#7"}
			}
		},
		{
			"from": [0, 0, 17.5],
			"to": [16, 4, 23.5],
			"rotation": {"angle": 0, "axis": "y", "origin": [-1, 0, 0]},
			"faces": {
				"east": {"uv": [0, 11.125, 0.75, 11.625], "texture": "#7"},
				"west": {"uv": [0.875, 11.125, 1.625, 11.625], "texture": "#7"}
			}
		},
		{
			"from": [0.5, 8.46134, -1.07723],
			"to": [15.5, 14.46134, -0.57723],
			"rotation": {"angle": 22.5, "axis": "x", "origin": [8.5, 9.46134, -1.17723]},
			"faces": {
				"north": {"uv": [4.3125, 14.875, 6.1875, 15.625], "texture": "#7"},
				"south": {"uv": [6.1875, 14.875, 4.3125, 15.625], "texture": "#7"}
			}
		},
		{
			"from": [0.25, 7.51134, -1.05223],
			"to": [0.25, 13.51134, 8.94777],
			"rotation": {"angle": 0, "axis": "y", "origin": [0, -0.51366, 0.32277]},
			"faces": {
				"east": {"uv": [1.25, 14.125, 0, 14.875], "texture": "#7"},
				"west": {"uv": [0, 14.125, 1.25, 14.875], "texture": "#7"}
			}
		},
		{
			"from": [15.75, 7.51134, -1.05223],
			"to": [15.75, 13.51134, 8.94777],
			"rotation": {"angle": 0, "axis": "y", "origin": [16, -0.51366, 0.32277]},
			"faces": {
				"east": {"uv": [1.25, 14.125, 0, 14.875], "texture": "#7"},
				"west": {"uv": [0, 14.125, 1.25, 14.875], "texture": "#7"}
			}
		},
		{
			"from": [9, 1.87026, 7.41151],
			"to": [14.5, 8.87026, 9.41151],
			"rotation": {"angle": 22.5, "axis": "x", "origin": [11.75, 5.37026, 8.41151]},
			"faces": {
				"north": {"uv": [3.5, 3, 4.875, 4.75], "texture": "#1"},
				"east": {"uv": [3.5, 7, 4, 8.75], "texture": "#1"},
				"south": {"uv": [0, 4, 1.375, 5.75], "texture": "#1"},
				"west": {"uv": [7, 4, 7.5, 5.75], "texture": "#1"},
				"up": {"uv": [7.625, 8, 6.25, 7.5], "texture": "#1"},
				"down": {"uv": [0, 0, 0, 0], "texture": "#1"}
			}
		},
		{
			"from": [9.004, 1.754, 3],
			"to": [14.5, 3.75, 7.996],
			"rotation": {"angle": 0, "axis": "y", "origin": [11.752, 4.002, 5.498]},
			"faces": {
				"north": {"uv": [7.75, 4, 9.125, 4.5], "texture": "#1"},
				"east": {"uv": [6.25, 8.25, 7.5, 8.75], "texture": "#1"},
				"south": {"uv": [0, 0, 0, 0], "texture": "#1"},
				"west": {"uv": [7.75, 8.25, 9, 8.75], "texture": "#1"},
				"up": {"uv": [6.625, 4.25, 5.25, 3], "texture": "#1"},
				"down": {"uv": [6.625, 4.5, 5.25, 5.75], "texture": "#1"}
			}
		},
		{
			"from": [1.5, 1.754, 3],
			"to": [6.996, 3.75, 7.996],
			"rotation": {"angle": 0, "axis": "y", "origin": [4.248, 4.002, 5.498]},
			"faces": {
				"north": {"uv": [7.75, 4.75, 9.125, 5.25], "texture": "#1"},
				"east": {"uv": [8.5, 1.5, 9.75, 2], "texture": "#1"},
				"south": {"uv": [0, 0, 0, 0], "texture": "#1"},
				"west": {"uv": [8.5, 2.25, 9.75, 2.75], "texture": "#1"},
				"up": {"uv": [1.375, 7.25, 0, 6], "texture": "#1"},
				"down": {"uv": [3.125, 6, 1.75, 7.25], "texture": "#1"}
			}
		},
		{
			"from": [1.496, 1.87026, 7.41151],
			"to": [6.996, 8.87026, 9.41151],
			"rotation": {"angle": 22.5, "axis": "x", "origin": [4.246, 5.37026, 8.41151]},
			"faces": {
				"north": {"uv": [1.75, 4, 3.125, 5.75], "texture": "#1"},
				"east": {"uv": [4.25, 7, 4.75, 8.75], "texture": "#1"},
				"south": {"uv": [3.5, 5, 4.875, 6.75], "texture": "#1"},
				"west": {"uv": [0, 7.5, 0.5, 9.25], "texture": "#1"},
				"up": {"uv": [9.375, 8, 8, 7.5], "texture": "#1"},
				"down": {"uv": [0, 0, 0, 0], "texture": "#1"}
			}
		},
		{
			"from": [2, 4.625, -0.5],
			"to": [7, 8.625, 1],
			"rotation": {"angle": 0, "axis": "y", "origin": [0, 2, -1]},
			"faces": {
				"north": {"uv": [7, 1.5, 8.25, 2.5], "texture": "#1"},
				"east": {"uv": [5, 8.75, 5.375, 9.75], "texture": "#1"},
				"south": {"uv": [7, 2.75, 8.25, 3.75], "texture": "#1"},
				"west": {"uv": [3.75, 9, 4.125, 10], "texture": "#1"},
				"up": {"uv": [10, 6.625, 8.75, 6.25], "texture": "#1"},
				"down": {"uv": [3.5, 9, 2.25, 9.375], "texture": "#1"}
			}
		},
		{
			"from": [4.25, 7.375, 0.275],
			"to": [4.75, 7.875, 1.775],
			"rotation": {"angle": -22.5, "axis": "x", "origin": [4.5, 7.25, 0.25]},
			"faces": {
				"north": {"uv": [6.25, 9, 6.375, 9.125], "texture": "#1"},
				"east": {"uv": [7.75, 5.5, 8.125, 5.625], "texture": "#1"},
				"south": {"uv": [6.75, 9, 6.875, 9.125], "texture": "#1"},
				"west": {"uv": [8.75, 7, 9.125, 7.125], "texture": "#1"},
				"up": {"uv": [5.875, 9.125, 5.75, 8.75], "texture": "#1"},
				"down": {"uv": [4.625, 9, 4.5, 9.375], "texture": "#1"}
			}
		},
		{
			"from": [2.75, 5.875, 1.825],
			"to": [6.25, 9.375, 1.825],
			"rotation": {"angle": -22.5, "axis": "x", "origin": [4.5, 7.25, 0.25]},
			"faces": {
				"north": {"uv": [2.25, 7.5, 3.125, 8.375], "texture": "#1"},
				"east": {"uv": [0, 0, 0, 0], "texture": "#1"},
				"south": {"uv": [5, 7.5, 5.875, 8.375], "texture": "#1"},
				"west": {"uv": [0, 0, 0, 0], "texture": "#1"},
				"up": {"uv": [0, 0, 0, 0], "texture": "#1"},
				"down": {"uv": [0, 0, 0, 0], "texture": "#1"}
			}
		}
	],
	"display": {
		"thirdperson_righthand": {
			"rotation": [75, 45, 0],
			"translation": [0, 2.5, 0],
			"scale": [0.375, 0.375, 0.375]
		},
		"thirdperson_lefthand": {
			"rotation": [75, 45, 0],
			"translation": [0, 2.5, 0],
			"scale": [0.375, 0.375, 0.375]
		},
		"firstperson_righthand": {
			"rotation": [0, 45, 0],
			"scale": [0.4, 0.4, 0.4]
		},
		"firstperson_lefthand": {
			"rotation": [0, 225, 0],
			"scale": [0.4, 0.4, 0.4]
		},
		"ground": {
			"translation": [0, 3, 0],
			"scale": [0.25, 0.25, 0.25]
		},
		"gui": {
			"rotation": [30, 225, 0],
			"translation": [0, 1, 0],
			"scale": [0.36, 0.36, 0.36]
		},
		"head": {
			"translation": [0, -9.25, 11.75],
			"scale": [3.5, 3.5, 3.5]
		},
		"fixed": {
			"scale": [0.5, 0.5, 0.5]
		}
	},
	"groups": [
		{
			"name": "group",
			"origin": [3, 6, -6.5],
			"color": 0,
			"children": [
				0,
				1,
				2,
				3,
				4,
				5,
				6,
				7,
				8,
				9,
				10,
				11,
				12,
				13,
				14,
				15,
				16,
				17,
				18,
				19,
				20,
				21,
				22,
				23,
				24,
				25,
				26,
				27,
				28,
				29,
				30,
				31,
				32,
				33,
				34,
				35,
				36,
				37,
				38,
				39,
				40,
				41,
				42,
				43,
				44,
				45,
				46
			]
		},
		{
			"name": "seats",
			"origin": [8, 8, 8],
			"color": 0,
			"children": [
				{
					"name": "group",
					"origin": [8.5, 3, -9.5],
					"color": 0,
					"children": [47, 48, 49, 50]
				}
			]
		},
		51,
		52,
		{
			"name": "group",
			"origin": [0, -0.51366, 0.32277],
			"color": 0,
			"children": [53, 54, 55]
		},
		{
			"name": "lp_seats",
			"origin": [8, 8, 8],
			"color": 0,
			"children": [
				{
					"name": "group",
					"origin": [4.5, 6.25, 0.25],
					"color": 0,
					"children": [
						{
							"name": "group",
							"origin": [11.752, 3.002, 5.498],
							"color": 0,
							"children": [56, 57, 58, 59]
						},
						60,
						61,
						62
					]
				}
			]
		}
	]
}