{
	"credit": "www.sebxter.pl",
	"texture_size": [128, 128],
	"textures": {
		"1": "block/vehiles/car/seats",
		"5": "block/vehiles/car/van",
		"particle": "sebxter:tires_pack/tire_1"
	},
	"elements": [
		{
			"from": [-1, 4, -6.5],
			"to": [17, 7, -0.5],
			"rotation": {"angle": 0, "axis": "y", "origin": [8, 4.5, -6]},
			"faces": {
				"north": {"uv": [10.75, 0.875, 13, 1.25], "texture": "#5"},
				"east": {"uv": [6.625, 1.125, 7.375, 1.5], "texture": "#5"},
				"south": {"uv": [10.75, 1.375, 13, 1.75], "texture": "#5"},
				"west": {"uv": [9.25, 12.5, 10, 12.875], "texture": "#5"},
				"up": {"uv": [6.25, 9.25, 4, 8.5], "texture": "#5"},
				"down": {"uv": [8.625, 8.5, 6.375, 9.25], "texture": "#5"}
			}
		},
		{
			"from": [1, 0, -6.5],
			"to": [15, 4, -0.5],
			"rotation": {"angle": 0, "axis": "y", "origin": [8, 2, 8.5]},
			"faces": {
				"north": {"uv": [10.25, 4.625, 12, 5.125], "texture": "#5"},
				"east": {"uv": [3, 8.75, 3.75, 9.25], "texture": "#5"},
				"south": {"uv": [10.25, 5.25, 12, 5.75], "texture": "#5"},
				"west": {"uv": [11.75, 5.875, 12.5, 6.375], "texture": "#5"},
				"up": {"uv": [6.125, 10.125, 4.375, 9.375], "texture": "#5"},
				"down": {"uv": [8, 9.375, 6.25, 10.125], "texture": "#5"}
			}
		},
		{
			"from": [13, 0, -10.5],
			"to": [17, 7, -6.5],
			"rotation": {"angle": 0, "axis": "y", "origin": [8, 4.5, -6]},
			"faces": {
				"north": {"uv": [7.375, 11.625, 7.875, 12.5], "texture": "#5"},
				"east": {"uv": [8, 11.625, 8.5, 12.5], "texture": "#5"},
				"south": {"uv": [5.375, 11.75, 5.875, 12.625], "texture": "#5"},
				"west": {"uv": [6, 11.75, 6.5, 12.625], "texture": "#5"},
				"up": {"uv": [8.625, 9.875, 8.125, 9.375], "texture": "#5"},
				"down": {"uv": [1.25, 12.625, 0.75, 13.125], "texture": "#5"}
			}
		},
		{
			"from": [-1, 0, -10.5],
			"to": [3, 7, -6.5],
			"rotation": {"angle": 0, "axis": "y", "origin": [8, 4.5, -6]},
			"faces": {
				"north": {"uv": [2.25, 11.875, 2.75, 12.75], "texture": "#5"},
				"east": {"uv": [2.875, 11.875, 3.375, 12.75], "texture": "#5"},
				"south": {"uv": [3.5, 11.875, 4, 12.75], "texture": "#5"},
				"west": {"uv": [4.125, 11.875, 4.625, 12.75], "texture": "#5"},
				"up": {"uv": [5.875, 13.25, 5.375, 12.75], "texture": "#5"},
				"down": {"uv": [6.5, 12.75, 6, 13.25], "texture": "#5"}
			}
		},
		{
			"from": [3, 0, -10.5],
			"to": [13, 2, -6.5],
			"rotation": {"angle": 0, "axis": "y", "origin": [8, 4.5, -6]},
			"faces": {
				"north": {"uv": [12.375, 9.25, 13.625, 9.5], "texture": "#5"},
				"east": {"uv": [7.625, 5.875, 8.125, 6.125], "texture": "#5"},
				"south": {"uv": [12.5, 7.125, 13.75, 7.375], "texture": "#5"},
				"west": {"uv": [6, 10.75, 6.5, 11], "texture": "#5"},
				"up": {"uv": [12.125, 0.5, 10.875, 0], "texture": "#5"},
				"down": {"uv": [10.625, 10.875, 9.375, 11.375], "texture": "#5"}
			}
		},
		{
			"from": [13.5, 4.6, -11],
			"to": [16.5, 5.6, -10],
			"rotation": {"angle": 0, "axis": "y", "origin": [8, 5.35, -10.25]},
			"faces": {
				"north": {"uv": [2.25, 11.625, 2.625, 11.75], "texture": "#5"},
				"east": {"uv": [10.75, 13.75, 10.875, 13.875], "texture": "#5"},
				"south": {"uv": [9.5, 13.375, 9.875, 13.5], "texture": "#5"},
				"west": {"uv": [0, 13.875, 0.125, 14], "texture": "#5"},
				"up": {"uv": [11.375, 13.5, 11, 13.375], "texture": "#5"},
				"down": {"uv": [11.875, 13.375, 11.5, 13.5], "texture": "#5"}
			}
		},
		{
			"from": [14, 4.85, -10.75],
			"to": [16, 6.85, -9.75],
			"rotation": {"angle": 0, "axis": "y", "origin": [8, 5.35, -10.25]},
			"faces": {
				"north": {"uv": [8.75, 13.25, 9, 13.5], "texture": "#5"},
				"east": {"uv": [1.875, 8.375, 2, 8.625], "texture": "#5"},
				"south": {"uv": [9.125, 13.25, 9.375, 13.5], "texture": "#5"},
				"west": {"uv": [5.625, 13.625, 5.75, 13.875], "texture": "#5"},
				"up": {"uv": [6.125, 13.75, 5.875, 13.625], "texture": "#5"},
				"down": {"uv": [13.875, 8, 13.625, 8.125], "texture": "#5"}
			}
		},
		{
			"from": [0, 4.85, -10.75],
			"to": [2, 6.85, -9.75],
			"rotation": {"angle": 0, "axis": "y", "origin": [8, 5.35, -10.25]},
			"faces": {
				"north": {"uv": [13.25, 13.125, 13.5, 13.375], "texture": "#5"},
				"east": {"uv": [8.75, 13.625, 8.875, 13.875], "texture": "#5"},
				"south": {"uv": [2.875, 13.375, 3.125, 13.625], "texture": "#5"},
				"west": {"uv": [9, 13.625, 9.125, 13.875], "texture": "#5"},
				"up": {"uv": [9.5, 13.75, 9.25, 13.625], "texture": "#5"},
				"down": {"uv": [9.875, 13.625, 9.625, 13.75], "texture": "#5"}
			}
		},
		{
			"from": [-0.5, 4.6, -11],
			"to": [2.5, 5.6, -10],
			"rotation": {"angle": 0, "axis": "y", "origin": [8, 5.35, -10.25]},
			"faces": {
				"north": {"uv": [12, 13.375, 12.375, 13.5], "texture": "#5"},
				"east": {"uv": [0.25, 13.875, 0.375, 14], "texture": "#5"},
				"south": {"uv": [12.5, 13.375, 12.875, 13.5], "texture": "#5"},
				"west": {"uv": [0.5, 13.875, 0.625, 14], "texture": "#5"},
				"up": {"uv": [13.875, 6.5, 13.5, 6.375], "texture": "#5"},
				"down": {"uv": [13.875, 6.625, 13.5, 6.75], "texture": "#5"}
			}
		},
		{
			"from": [3, 3.5, -9.775],
			"to": [13, 7.5, -0.775],
			"rotation": {"angle": 0, "axis": "y", "origin": [8, 5.5, -5.775]},
			"faces": {
				"north": {"uv": [10.75, 10.875, 12, 11.375], "texture": "#5"},
				"east": {"uv": [5.375, 11.125, 6.5, 11.625], "texture": "#5"},
				"south": {"uv": [0, 11, 1.25, 11.5], "texture": "#5"},
				"west": {"uv": [11.5, 3.375, 12.625, 3.875], "texture": "#5"},
				"up": {"uv": [10.625, 2, 9.375, 0.875], "texture": "#5"},
				"down": {"uv": [4.25, 9.375, 3, 10.5], "texture": "#5"}
			}
		},
		{
			"from": [3, 1.93017, -10.88291],
			"to": [13, 5.93017, -9.88291],
			"rotation": {"angle": 22.5, "axis": "x", "origin": [8, 3.93017, -6.38291]},
			"faces": {
				"north": {"uv": [1.375, 11, 2.625, 11.5], "texture": "#5"},
				"east": {"uv": [3.25, 13.375, 3.375, 13.875], "texture": "#5"},
				"south": {"uv": [7.75, 11, 9, 11.5], "texture": "#5"},
				"west": {"uv": [5.375, 13.375, 5.5, 13.875], "texture": "#5"},
				"up": {"uv": [11.75, 13, 10.5, 12.875], "texture": "#5"},
				"down": {"uv": [14.125, 11.5, 12.875, 11.625], "texture": "#5"}
			}
		},
		{
			"from": [12.5, 1, -11.75],
			"to": [15.5, 2, -9.75],
			"rotation": {"angle": 0, "axis": "y", "origin": [8, 1.5, -10.91667]},
			"faces": {
				"north": {"uv": [6.875, 13.5, 7.25, 13.625], "texture": "#5"},
				"east": {"uv": [11, 13.625, 11.25, 13.75], "texture": "#5"},
				"south": {"uv": [13.5, 6.875, 13.875, 7], "texture": "#5"},
				"west": {"uv": [11.375, 13.625, 11.625, 13.75], "texture": "#5"},
				"up": {"uv": [8.625, 6.125, 8.25, 5.875], "texture": "#5"},
				"down": {"uv": [9.75, 10, 9.375, 10.25], "texture": "#5"}
			}
		},
		{
			"from": [0.5, 1, -11.75],
			"to": [3.5, 2, -9.75],
			"rotation": {"angle": 0, "axis": "y", "origin": [8, 1.5, -10.91667]},
			"faces": {
				"north": {"uv": [7.375, 13.5, 7.75, 13.625], "texture": "#5"},
				"east": {"uv": [11.75, 13.625, 12, 13.75], "texture": "#5"},
				"south": {"uv": [10.5, 13.5, 10.875, 13.625], "texture": "#5"},
				"west": {"uv": [12.125, 13.625, 12.375, 13.75], "texture": "#5"},
				"up": {"uv": [9.75, 10.625, 9.375, 10.375], "texture": "#5"},
				"down": {"uv": [9.875, 13, 9.5, 13.25], "texture": "#5"}
			}
		},
		{
			"from": [-1.5, 1.5, -11.5],
			"to": [17.5, 4.5, -7.5],
			"rotation": {"angle": 0, "axis": "y", "origin": [8.5, 3, -9.5]},
			"faces": {
				"north": {"uv": [10.25, 4.125, 12.625, 4.5], "texture": "#5"},
				"east": {"uv": [12.75, 4.125, 13.25, 4.5], "texture": "#5"},
				"south": {"uv": [4.375, 10.25, 6.75, 10.625], "texture": "#5"},
				"west": {"uv": [2.875, 12.875, 3.375, 13.25], "texture": "#5"},
				"up": {"uv": [12.25, 7.25, 9.875, 6.75], "texture": "#5"},
				"down": {"uv": [12.25, 9.25, 9.875, 9.75], "texture": "#5"}
			}
		},
		{
			"from": [0, 1.5, 23.5],
			"to": [16, 13.5, 31.5],
			"rotation": {"angle": 0, "axis": "y", "origin": [8, 3, 26.5]},
			"faces": {
				"north": {"uv": [3.25, 3, 5.25, 4.5], "texture": "#5"},
				"east": {"uv": [1.875, 8.75, 2.875, 10.25], "texture": "#5"},
				"south": {"uv": [4.5, 0, 6.5, 1.5], "texture": "#5"},
				"west": {"uv": [8.75, 5.875, 9.75, 7.375], "texture": "#5"},
				"up": {"uv": [8.625, 1, 6.625, 0], "texture": "#5"},
				"down": {"uv": [2, 7.25, 0, 8.25], "texture": "#5"}
			}
		},
		{
			"from": [-0.5, 12.75, 9],
			"to": [16.5, 14.75, 32],
			"rotation": {"angle": 0, "axis": "y", "origin": [8, 3, 26.5]},
			"faces": {
				"north": {"uv": [10.625, 11.5, 12.75, 11.75], "texture": "#5"},
				"east": {"uv": [10.625, 8, 13.5, 8.25], "texture": "#5"},
				"south": {"uv": [0, 11.625, 2.125, 11.875], "texture": "#5"},
				"west": {"uv": [3, 10.75, 5.875, 11], "texture": "#5"},
				"up": {"uv": [2.125, 2.875, 0, 0], "texture": "#5"},
				"down": {"uv": [4.375, 0, 2.25, 2.875], "texture": "#5"}
			}
		},
		{
			"from": [2, 0.5, 8.5],
			"to": [14, 1.5, 31.5],
			"rotation": {"angle": 0, "axis": "y", "origin": [8, 3, 26.5]},
			"faces": {
				"north": {"uv": [3.5, 12.875, 5, 13], "texture": "#5"},
				"east": {"uv": [10.875, 0.625, 13.75, 0.75], "texture": "#5"},
				"south": {"uv": [6.625, 12.875, 8.125, 13], "texture": "#5"},
				"west": {"uv": [11.75, 9, 14.625, 9.125], "texture": "#5"},
				"up": {"uv": [1.5, 5.875, 0, 3], "texture": "#5"},
				"down": {"uv": [3.125, 3, 1.625, 5.875], "texture": "#5"}
			}
		},
		{
			"from": [0, 4.5, 17.5],
			"to": [16, 13.5, 23.5],
			"rotation": {"angle": 0, "axis": "y", "origin": [8, 3, 26.5]},
			"faces": {
				"north": {"uv": [0, 6, 2, 7.125], "texture": "#5"},
				"east": {"uv": [4.5, 1.625, 5.25, 2.75], "texture": "#5"},
				"south": {"uv": [2.125, 6.25, 4.125, 7.375], "texture": "#5"},
				"west": {"uv": [6.875, 10.25, 7.625, 11.375], "texture": "#5"},
				"up": {"uv": [10.5, 8.25, 8.5, 7.5], "texture": "#5"},
				"down": {"uv": [10.75, 0, 8.75, 0.75], "texture": "#5"}
			}
		},
		{
			"from": [0, 1.5, 9.5],
			"to": [16, 13.5, 17.5],
			"rotation": {"angle": 0, "axis": "y", "origin": [8, 3, 26.5]},
			"faces": {
				"north": {"uv": [3.25, 4.625, 5.25, 6.125], "texture": "#5"},
				"east": {"uv": [8.75, 8.375, 9.75, 9.875], "texture": "#5"},
				"south": {"uv": [5.375, 1.625, 7.375, 3.125], "texture": "#5"},
				"west": {"uv": [0, 9.375, 1, 10.875], "texture": "#5"},
				"up": {"uv": [6.25, 8.375, 4.25, 7.375], "texture": "#5"},
				"down": {"uv": [8.375, 7.375, 6.375, 8.375], "texture": "#5"}
			}
		},
		{
			"from": [5, 0.5, -11.5],
			"to": [11, 1.5, -7.5],
			"rotation": {"angle": 0, "axis": "y", "origin": [8, 1, -9.5]},
			"faces": {
				"north": {"uv": [13, 10.875, 13.75, 11], "texture": "#5"},
				"east": {"uv": [8.75, 0.875, 9.25, 1], "texture": "#5"},
				"south": {"uv": [13, 12.875, 13.75, 13], "texture": "#5"},
				"west": {"uv": [10.75, 1.875, 11.25, 2], "texture": "#5"},
				"up": {"uv": [12.5, 8.875, 11.75, 8.375], "texture": "#5"},
				"down": {"uv": [0.75, 12, 0, 12.5], "texture": "#5"}
			}
		},
		{
			"from": [14.5, 3.75, 30.85],
			"to": [15.5, 6.75, 31.85],
			"rotation": {"angle": 0, "axis": "y", "origin": [7.63043, 4.79617, 4.55404]},
			"faces": {
				"north": {"uv": [9.125, 11, 9.25, 11.375], "texture": "#5"},
				"east": {"uv": [6.25, 13.375, 6.375, 13.75], "texture": "#5"},
				"south": {"uv": [13, 13.375, 13.125, 13.75], "texture": "#5"},
				"west": {"uv": [13.25, 13.5, 13.375, 13.875], "texture": "#5"},
				"up": {"uv": [14, 0.625, 13.875, 0.5], "texture": "#5"},
				"down": {"uv": [14, 1.375, 13.875, 1.5], "texture": "#5"}
			}
		},
		{
			"from": [0.5, 3.75, 30.85],
			"to": [1.5, 6.75, 31.85],
			"rotation": {"angle": 0, "axis": "y", "origin": [8.36957, 4.79617, 4.55404]},
			"faces": {
				"north": {"uv": [13.5, 13.5, 13.625, 13.875], "texture": "#5"},
				"east": {"uv": [1.25, 13.625, 1.375, 14], "texture": "#5"},
				"south": {"uv": [13.625, 1.375, 13.75, 1.75], "texture": "#5"},
				"west": {"uv": [1.5, 13.625, 1.625, 14], "texture": "#5"},
				"up": {"uv": [14, 1.75, 13.875, 1.625], "texture": "#5"},
				"down": {"uv": [2.125, 13.875, 2, 14], "texture": "#5"}
			}
		},
		{
			"from": [-0.38043, 2.25, 25],
			"to": [4.61957, 3.25, 32],
			"rotation": {"angle": 0, "axis": "y", "origin": [8, 0.75, 26.75]},
			"faces": {
				"north": {"uv": [9.375, 2.125, 10, 2.25], "texture": "#5"},
				"east": {"uv": [11.125, 10.625, 12, 10.75], "texture": "#5"},
				"south": {"uv": [11, 13.125, 11.625, 13.25], "texture": "#5"},
				"west": {"uv": [13, 4.625, 13.875, 4.75], "texture": "#5"},
				"up": {"uv": [1.75, 10.25, 1.125, 9.375], "texture": "#5"},
				"down": {"uv": [7.25, 11.5, 6.625, 12.375], "texture": "#5"}
			}
		},
		{
			"from": [11.38043, 2.25, 25],
			"to": [16.38043, 3.25, 32],
			"rotation": {"angle": 0, "axis": "y", "origin": [8, 0.75, 26.75]},
			"faces": {
				"north": {"uv": [11.75, 13.125, 12.375, 13.25], "texture": "#5"},
				"east": {"uv": [13, 4.875, 13.875, 5], "texture": "#5"},
				"south": {"uv": [12.5, 13.125, 13.125, 13.25], "texture": "#5"},
				"west": {"uv": [13, 5.125, 13.875, 5.25], "texture": "#5"},
				"up": {"uv": [9.75, 12.375, 9.125, 11.5], "texture": "#5"},
				"down": {"uv": [10.5, 11.5, 9.875, 12.375], "texture": "#5"}
			}
		},
		{
			"from": [-0.38043, 2.25, 9.25],
			"to": [3.61957, 3.25, 16.25],
			"rotation": {"angle": 0, "axis": "y", "origin": [8, 0.75, 26.75]},
			"faces": {
				"north": {"uv": [11.75, 6.5, 12.25, 6.625], "texture": "#5"},
				"east": {"uv": [13, 5.375, 13.875, 5.5], "texture": "#5"},
				"south": {"uv": [13.375, 4.125, 13.875, 4.25], "texture": "#5"},
				"west": {"uv": [13, 5.625, 13.875, 5.75], "texture": "#5"},
				"up": {"uv": [5.25, 12.75, 4.75, 11.875], "texture": "#5"},
				"down": {"uv": [11.125, 11.875, 10.625, 12.75], "texture": "#5"}
			}
		},
		{
			"from": [12.38043, 2.25, 9.25],
			"to": [16.38043, 3.25, 16.25],
			"rotation": {"angle": 0, "axis": "y", "origin": [8, 0.75, 26.75]},
			"faces": {
				"north": {"uv": [13.375, 4.375, 13.875, 4.5], "texture": "#5"},
				"east": {"uv": [8.5, 13, 9.375, 13.125], "texture": "#5"},
				"south": {"uv": [5.625, 13.375, 6.125, 13.5], "texture": "#5"},
				"west": {"uv": [13, 10.625, 13.875, 10.75], "texture": "#5"},
				"up": {"uv": [11.75, 12.75, 11.25, 11.875], "texture": "#5"},
				"down": {"uv": [12.375, 11.875, 11.875, 12.75], "texture": "#5"}
			}
		},
		{
			"from": [-1, 0, -0.5],
			"to": [1, 7, 8.5],
			"rotation": {"angle": 0, "axis": "y", "origin": [8, 3.5, 11.33333]},
			"faces": {
				"north": {"uv": [8.625, 11.625, 8.875, 12.5], "texture": "#5"},
				"east": {"uv": [9.875, 9.875, 11, 10.75], "texture": "#5"},
				"south": {"uv": [1.375, 12.625, 1.625, 13.5], "texture": "#5"},
				"west": {"uv": [8.125, 10, 9.25, 10.875], "texture": "#5"},
				"up": {"uv": [2, 13.125, 1.75, 12], "texture": "#5"},
				"down": {"uv": [10.375, 12.5, 10.125, 13.625], "texture": "#5"}
			}
		},
		{
			"from": [15, 0, -0.5],
			"to": [17, 7, 8.5],
			"shade": false,
			"rotation": {"angle": 0, "axis": "y", "origin": [8, 3.5, 11.33333]},
			"faces": {
				"north": {"uv": [2.125, 12.875, 2.375, 13.75], "texture": "#5"},
				"east": {"uv": [10.125, 2.125, 11.25, 3], "texture": "#5"},
				"south": {"uv": [2.5, 12.875, 2.75, 13.75], "texture": "#5"},
				"west": {"uv": [10.25, 3.125, 11.375, 4], "texture": "#5"},
				"up": {"uv": [0.25, 13.75, 0, 12.625], "texture": "#5"},
				"down": {"uv": [0.625, 12.625, 0.375, 13.75], "texture": "#5"}
			}
		},
		{
			"from": [1, 0, -0.5],
			"to": [15, 1, 8.5],
			"rotation": {"angle": 0, "axis": "y", "origin": [8, 3.5, 11.33333]},
			"faces": {
				"up": {"uv": [9.25, 2.25, 7.5, 1.125], "texture": "#5"},
				"down": {"uv": [3.875, 7.5, 2.125, 8.625], "texture": "#5"}
			}
		},
		{
			"from": [1, 0.03702, -0.31389],
			"to": [15, 7.03702, 0.68611],
			"rotation": {"angle": -22.5, "axis": "x", "origin": [8, 4.03702, 0.18611]},
			"faces": {
				"south": {"uv": [0, 8.375, 1.75, 9.25], "texture": "#5"}
			}
		},
		{
			"from": [-2, 2.9, -1.5],
			"to": [18, 4.9, -0.5],
			"rotation": {"angle": -22.5, "axis": "x", "origin": [-1.5, 4.9, 0]},
			"faces": {
				"north": {"uv": [2.75, 11.125, 5.25, 11.375], "texture": "#5"},
				"east": {"uv": [12.5, 13.625, 12.625, 13.875], "texture": "#5"},
				"south": {"uv": [11.125, 9.875, 13.625, 10.125], "texture": "#5"},
				"west": {"uv": [12.75, 13.625, 12.875, 13.875], "texture": "#5"},
				"up": {"uv": [14.625, 11.375, 12.125, 11.25], "texture": "#5"},
				"down": {"uv": [14.875, 9.625, 12.375, 9.75], "texture": "#5"}
			}
		},
		{
			"from": [-2, 1.75195, -6.65224],
			"to": [18, 3.75195, -5.65224],
			"rotation": {"angle": 22.5, "axis": "x", "origin": [-1.5, 3.75195, -4.15224]},
			"faces": {
				"north": {"uv": [11.125, 10.25, 13.625, 10.5], "texture": "#5"},
				"east": {"uv": [13.625, 13.125, 13.75, 13.375], "texture": "#5"},
				"south": {"uv": [11.375, 1.875, 13.875, 2.125], "texture": "#5"},
				"west": {"uv": [2.875, 13.75, 3, 14], "texture": "#5"},
				"up": {"uv": [15, 7.625, 12.5, 7.5], "texture": "#5"},
				"down": {"uv": [15, 7.75, 12.5, 7.875], "texture": "#5"}
			}
		},
		{
			"from": [-1.995, 3.71366, -6.45694],
			"to": [17.995, 4.70366, -0.46694],
			"rotation": {"angle": 0, "axis": "y", "origin": [-1.5, 5.20866, -2.46194]},
			"faces": {
				"north": {"uv": [12.5, 11.875, 15, 12], "texture": "#5"},
				"east": {"uv": [13.125, 0, 13.875, 0.125], "texture": "#5"},
				"south": {"uv": [12.5, 12.125, 15, 12.25], "texture": "#5"},
				"west": {"uv": [13.125, 0.25, 13.875, 0.375], "texture": "#5"},
				"up": {"uv": [10, 3.125, 7.5, 2.375], "texture": "#5"},
				"down": {"uv": [10.125, 3.25, 7.625, 4], "texture": "#5"}
			}
		},
		{
			"from": [-2, 1.75195, 17.34776],
			"to": [18, 3.75195, 18.34776],
			"rotation": {"angle": 22.5, "axis": "x", "origin": [-1.5, 3.75195, 19.84776]},
			"faces": {
				"north": {"uv": [11.375, 2.25, 13.875, 2.5], "texture": "#5"},
				"east": {"uv": [6.875, 13.75, 7, 14], "texture": "#5"},
				"south": {"uv": [11.375, 2.625, 13.875, 2.875], "texture": "#5"},
				"west": {"uv": [7.125, 13.75, 7.25, 14], "texture": "#5"},
				"up": {"uv": [15, 12.5, 12.5, 12.375], "texture": "#5"},
				"down": {"uv": [15.125, 5.875, 12.625, 6], "texture": "#5"}
			}
		},
		{
			"from": [-1.995, 3.71366, 17.54306],
			"to": [17.995, 4.70366, 23.53306],
			"rotation": {"angle": 0, "axis": "y", "origin": [-1.5, 5.20866, 21.53806]},
			"faces": {
				"north": {"uv": [12.625, 6.125, 15.125, 6.25], "texture": "#5"},
				"east": {"uv": [13.125, 0.875, 13.875, 1], "texture": "#5"},
				"south": {"uv": [6.625, 12.625, 9.125, 12.75], "texture": "#5"},
				"west": {"uv": [13.125, 1.125, 13.875, 1.25], "texture": "#5"},
				"up": {"uv": [10.125, 4.875, 7.625, 4.125], "texture": "#5"},
				"down": {"uv": [10.125, 5, 7.625, 5.75], "texture": "#5"}
			}
		},
		{
			"from": [-2, 2.9, 22.5],
			"to": [18, 4.9, 23.5],
			"rotation": {"angle": -22.5, "axis": "x", "origin": [-1.5, 4.9, 24]},
			"faces": {
				"north": {"uv": [2.75, 11.5, 5.25, 11.75], "texture": "#5"},
				"east": {"uv": [7.375, 13.75, 7.5, 14], "texture": "#5"},
				"south": {"uv": [11.5, 3, 14, 3.25], "texture": "#5"},
				"west": {"uv": [7.625, 13.75, 7.75, 14], "texture": "#5"},
				"up": {"uv": [15.125, 8.5, 12.625, 8.375], "texture": "#5"},
				"down": {"uv": [15.125, 8.625, 12.625, 8.75], "texture": "#5"}
			}
		},
		{
			"from": [1, 0, 17.5],
			"to": [15, 4, 23.5],
			"rotation": {"angle": 0, "axis": "y", "origin": [8, 2, 32.5]},
			"faces": {
				"north": {"uv": [1.125, 10.375, 2.875, 10.875], "texture": "#5"},
				"east": {"uv": [0.875, 12, 1.625, 12.5], "texture": "#5"},
				"south": {"uv": [10.625, 7.375, 12.375, 7.875], "texture": "#5"},
				"west": {"uv": [12.125, 4.625, 12.875, 5.125], "texture": "#5"},
				"up": {"uv": [11.625, 6.625, 9.875, 5.875], "texture": "#5"},
				"down": {"uv": [11.625, 8.375, 9.875, 9.125], "texture": "#5"}
			}
		},
		{
			"from": [-0.5, 6.52336, -0.36334],
			"to": [0.5, 12.52336, 0.63666],
			"rotation": {"angle": 22.5, "axis": "x", "origin": [8, 9.52336, 0.13666]},
			"faces": {
				"north": {"uv": [4, 7.5, 4.125, 8.25], "texture": "#5"},
				"east": {"uv": [3.5, 13.125, 3.625, 13.875], "texture": "#5"},
				"south": {"uv": [3.75, 13.125, 3.875, 13.875], "texture": "#5"},
				"west": {"uv": [4, 13.125, 4.125, 13.875], "texture": "#5"},
				"up": {"uv": [2.375, 14, 2.25, 13.875], "texture": "#5"},
				"down": {"uv": [2.625, 13.875, 2.5, 14], "texture": "#5"}
			}
		},
		{
			"from": [-0.495, 11.49134, 0.82777],
			"to": [16.495, 12.48134, 8.81777],
			"rotation": {"angle": 0, "axis": "y", "origin": [8, 11.98634, 9.32277]},
			"faces": {
				"north": {"uv": [12.5, 12.625, 14.625, 12.75], "texture": "#5"},
				"east": {"uv": [2.125, 6, 3.125, 6.125], "texture": "#5"},
				"south": {"uv": [12.75, 3.375, 14.875, 3.5], "texture": "#5"},
				"west": {"uv": [11.875, 12.875, 12.875, 13], "texture": "#5"},
				"up": {"uv": [6.375, 7.25, 4.25, 6.25], "texture": "#5"},
				"down": {"uv": [8.625, 6.25, 6.5, 7.25], "texture": "#5"}
			}
		},
		{
			"from": [-0.5, 6.51134, 4.82277],
			"to": [0.5, 11.51134, 5.82277],
			"rotation": {"angle": 0, "axis": "y", "origin": [8, 11.98634, 9.32277]},
			"faces": {
				"north": {"uv": [7.75, 10.25, 7.875, 10.875], "texture": "#5"},
				"east": {"uv": [6.625, 10.75, 6.75, 11.375], "texture": "#5"},
				"south": {"uv": [7.875, 13.125, 8, 13.75], "texture": "#5"},
				"west": {"uv": [0.75, 13.25, 0.875, 13.875], "texture": "#5"},
				"up": {"uv": [6, 14, 5.875, 13.875], "texture": "#5"},
				"down": {"uv": [6.25, 13.875, 6.125, 14], "texture": "#5"}
			}
		},
		{
			"from": [15.5, 6.51134, 4.82277],
			"to": [16.5, 11.51134, 5.82277],
			"rotation": {"angle": 0, "axis": "y", "origin": [8, 11.98634, 9.32277]},
			"faces": {
				"north": {"uv": [1, 13.25, 1.125, 13.875], "texture": "#5"},
				"east": {"uv": [1.75, 13.25, 1.875, 13.875], "texture": "#5"},
				"south": {"uv": [13.25, 6.375, 13.375, 7], "texture": "#5"},
				"west": {"uv": [8.5, 13.25, 8.625, 13.875], "texture": "#5"},
				"up": {"uv": [6.5, 14, 6.375, 13.875], "texture": "#5"},
				"down": {"uv": [14, 7.125, 13.875, 7.25], "texture": "#5"}
			}
		},
		{
			"from": [-0.5, 0.51134, 7.82277],
			"to": [16.5, 11.51134, 8.82277],
			"rotation": {"angle": 0, "axis": "y", "origin": [8, 11.98634, 9.32277]},
			"faces": {
				"north": {"uv": [5.375, 3.25, 7.5, 4.625], "texture": "#5"},
				"east": {"uv": [5.125, 12.875, 5.25, 14.25], "texture": "#5"},
				"south": {"uv": [5.375, 4.75, 7.5, 6.125], "texture": "#5"},
				"west": {"uv": [8.25, 12.875, 8.375, 14.25], "texture": "#5"},
				"up": {"uv": [14.875, 3.75, 12.75, 3.625], "texture": "#5"},
				"down": {"uv": [14.875, 3.875, 12.75, 4], "texture": "#5"}
			}
		},
		{
			"from": [15.5, 6.52336, -0.36334],
			"to": [16.5, 12.52336, 0.63666],
			"rotation": {"angle": 22.5, "axis": "x", "origin": [8, 9.52336, 0.13666]},
			"faces": {
				"north": {"uv": [4.25, 13.125, 4.375, 13.875], "texture": "#5"},
				"east": {"uv": [4.5, 13.125, 4.625, 13.875], "texture": "#5"},
				"south": {"uv": [4.75, 13.125, 4.875, 13.875], "texture": "#5"},
				"west": {"uv": [6.625, 13.125, 6.75, 13.875], "texture": "#5"},
				"up": {"uv": [8, 14, 7.875, 13.875], "texture": "#5"},
				"down": {"uv": [9.375, 13.875, 9.25, 14], "texture": "#5"}
			}
		},
		{
			"from": [-4.3, 7, -0.4],
			"to": [-1.3, 9, -0.4],
			"rotation": {"angle": 22.5, "axis": "y", "origin": [-2.8, 8, -0.75]},
			"faces": {
				"north": {"uv": [13.125, 1.375, 13.5, 1.625], "texture": "#5"},
				"south": {"uv": [6.875, 13.125, 7.25, 13.375], "texture": "#5"}
			}
		},
		{
			"from": [-5.475, 7.475, -1.25],
			"to": [-3.475, 8.475, -0.25],
			"rotation": {"angle": -45, "axis": "z", "origin": [-3.9, 3.35, 0.5]},
			"faces": {
				"north": {"uv": [13.75, 9.25, 14, 9.375], "texture": "#5"},
				"east": {"uv": [9.5, 13.875, 9.625, 14], "texture": "#5"},
				"south": {"uv": [13.75, 9.875, 14, 10], "texture": "#5"},
				"west": {"uv": [9.75, 13.875, 9.875, 14], "texture": "#5"},
				"up": {"uv": [10.25, 13.875, 10, 13.75], "texture": "#5"},
				"down": {"uv": [14, 10.125, 13.75, 10.25], "texture": "#5"}
			}
		},
		{
			"from": [19.475, 7.475, -1.25],
			"to": [21.475, 8.475, -0.25],
			"rotation": {"angle": 45, "axis": "z", "origin": [19.9, 3.35, 0.5]},
			"faces": {
				"north": {"uv": [10.375, 13.75, 10.625, 13.875], "texture": "#5"},
				"east": {"uv": [13.875, 10.875, 14, 11], "texture": "#5"},
				"south": {"uv": [13.75, 10.375, 14, 10.5], "texture": "#5"},
				"west": {"uv": [11, 13.875, 11.125, 14], "texture": "#5"},
				"up": {"uv": [14, 13.625, 13.75, 13.5], "texture": "#5"},
				"down": {"uv": [14, 13.75, 13.75, 13.875], "texture": "#5"}
			}
		},
		{
			"from": [17.3, 7, -0.4],
			"to": [20.3, 9, -0.4],
			"rotation": {"angle": -22.5, "axis": "y", "origin": [18.8, 8, -0.75]},
			"faces": {
				"north": {"uv": [7.375, 13.125, 7.75, 13.375], "texture": "#5"},
				"south": {"uv": [10.5, 13.125, 10.875, 13.375], "texture": "#5"}
			}
		},
		{
			"from": [-1, 0, -6.5],
			"to": [17, 4, -0.5],
			"faces": {
				"east": {"uv": [12.125, 5.25, 12.875, 5.75], "texture": "#5"},
				"west": {"uv": [12.125, 10.625, 12.875, 11.125], "texture": "#5"}
			}
		},
		{
			"from": [0, 0, 17.5],
			"to": [16, 4, 23.5],
			"faces": {
				"east": {"uv": [12.25, 0, 13, 0.5], "texture": "#5"},
				"west": {"uv": [12.375, 6.5, 13.125, 7], "texture": "#5"}
			}
		},
		{
			"from": [0.5, 6.96134, -0.25223],
			"to": [15.5, 12.96134, 0.24777],
			"rotation": {"angle": 22.5, "axis": "x", "origin": [8.5, 9.46134, -1.17723]},
			"faces": {
				"north": {"uv": [0.0625, 14.625, 1.9375, 15.375], "texture": "#5"},
				"south": {"uv": [1.9375, 14.625, 0.0625, 15.375], "texture": "#5"}
			}
		},
		{
			"from": [-0.25, 6.96134, -0.92723],
			"to": [0.25, 11.96134, 8.07277],
			"rotation": {"angle": 0, "axis": "y", "origin": [0, -0.51366, 0.32277]},
			"faces": {
				"east": {"uv": [8.0625, 15.375, 6.9375, 16], "texture": "#5"},
				"west": {"uv": [6.9375, 15.375, 8.0625, 16], "texture": "#5"}
			}
		},
		{
			"from": [15.75, 6.96134, -0.92723],
			"to": [16.25, 11.96134, 8.07277],
			"rotation": {"angle": 0, "axis": "y", "origin": [16, -0.51366, 0.32277]},
			"faces": {
				"east": {"uv": [8.0625, 15.375, 6.9375, 16], "texture": "#5"},
				"west": {"uv": [6.9375, 15.375, 8.0625, 16], "texture": "#5"}
			}
		},
		{
			"from": [9, 0.87026, 6.41151],
			"to": [14.5, 7.87026, 8.41151],
			"rotation": {"angle": 22.5, "axis": "x", "origin": [11.75, 4.37026, 7.41151]},
			"faces": {
				"north": {"uv": [3.5, 3, 4.875, 4.75], "texture": "#1"},
				"east": {"uv": [3.5, 7, 4, 8.75], "texture": "#1"},
				"south": {"uv": [0, 4, 1.375, 5.75], "texture": "#1"},
				"west": {"uv": [7, 4, 7.5, 5.75], "texture": "#1"},
				"up": {"uv": [7.625, 8, 6.25, 7.5], "texture": "#1"},
				"down": {"uv": [0, 0, 0, 0], "texture": "#1"}
			}
		},
		{
			"from": [9.004, 0.754, 2],
			"to": [14.5, 2.75, 6.996],
			"rotation": {"angle": 0, "axis": "y", "origin": [11.752, 3.002, 4.498]},
			"faces": {
				"north": {"uv": [7.75, 4, 9.125, 4.5], "texture": "#1"},
				"east": {"uv": [6.25, 8.25, 7.5, 8.75], "texture": "#1"},
				"south": {"uv": [0, 0, 0, 0], "texture": "#1"},
				"west": {"uv": [7.75, 8.25, 9, 8.75], "texture": "#1"},
				"up": {"uv": [6.625, 4.25, 5.25, 3], "texture": "#1"},
				"down": {"uv": [6.625, 4.5, 5.25, 5.75], "texture": "#1"}
			}
		},
		{
			"from": [1.5, 0.754, 2],
			"to": [6.996, 2.75, 6.996],
			"rotation": {"angle": 0, "axis": "y", "origin": [4.248, 3.002, 4.498]},
			"faces": {
				"north": {"uv": [7.75, 4.75, 9.125, 5.25], "texture": "#1"},
				"east": {"uv": [8.5, 1.5, 9.75, 2], "texture": "#1"},
				"south": {"uv": [0, 0, 0, 0], "texture": "#1"},
				"west": {"uv": [8.5, 2.25, 9.75, 2.75], "texture": "#1"},
				"up": {"uv": [1.375, 7.25, 0, 6], "texture": "#1"},
				"down": {"uv": [3.125, 6, 1.75, 7.25], "texture": "#1"}
			}
		},
		{
			"from": [1.496, 0.87026, 6.41151],
			"to": [6.996, 7.87026, 8.41151],
			"rotation": {"angle": 22.5, "axis": "x", "origin": [4.246, 4.37026, 7.41151]},
			"faces": {
				"north": {"uv": [1.75, 4, 3.125, 5.75], "texture": "#1"},
				"east": {"uv": [4.25, 7, 4.75, 8.75], "texture": "#1"},
				"south": {"uv": [3.5, 5, 4.875, 6.75], "texture": "#1"},
				"west": {"uv": [0, 7.5, 0.5, 9.25], "texture": "#1"},
				"up": {"uv": [9.375, 8, 8, 7.5], "texture": "#1"},
				"down": {"uv": [0, 0, 0, 0], "texture": "#1"}
			}
		},
		{
			"from": [2, 3.625, -0.5],
			"to": [7, 7.625, 1],
			"rotation": {"angle": 0, "axis": "y", "origin": [0, 1, -1]},
			"faces": {
				"north": {"uv": [7, 1.5, 8.25, 2.5], "texture": "#1"},
				"east": {"uv": [5, 8.75, 5.375, 9.75], "texture": "#1"},
				"south": {"uv": [7, 2.75, 8.25, 3.75], "texture": "#1"},
				"west": {"uv": [3.75, 9, 4.125, 10], "texture": "#1"},
				"up": {"uv": [10, 6.625, 8.75, 6.25], "texture": "#1"},
				"down": {"uv": [3.5, 9, 2.25, 9.375], "texture": "#1"}
			}
		},
		{
			"from": [4.25, 6.375, 0.275],
			"to": [4.75, 6.875, 1.775],
			"rotation": {"angle": -22.5, "axis": "x", "origin": [4.5, 6.25, 0.25]},
			"faces": {
				"north": {"uv": [6.25, 9, 6.375, 9.125], "texture": "#1"},
				"east": {"uv": [7.75, 5.5, 8.125, 5.625], "texture": "#1"},
				"south": {"uv": [6.75, 9, 6.875, 9.125], "texture": "#1"},
				"west": {"uv": [8.75, 7, 9.125, 7.125], "texture": "#1"},
				"up": {"uv": [5.875, 9.125, 5.75, 8.75], "texture": "#1"},
				"down": {"uv": [4.625, 9, 4.5, 9.375], "texture": "#1"}
			}
		},
		{
			"from": [2.75, 4.875, 1.825],
			"to": [6.25, 8.375, 1.825],
			"rotation": {"angle": -22.5, "axis": "x", "origin": [4.5, 6.25, 0.25]},
			"faces": {
				"north": {"uv": [2.25, 7.5, 3.125, 8.375], "texture": "#1"},
				"east": {"uv": [0, 0, 0, 0], "texture": "#1"},
				"south": {"uv": [5, 7.5, 5.875, 8.375], "texture": "#1"},
				"west": {"uv": [0, 0, 0, 0], "texture": "#1"},
				"up": {"uv": [0, 0, 0, 0], "texture": "#1"},
				"down": {"uv": [0, 0, 0, 0], "texture": "#1"}
			}
		}
	],
	"display": {
		"thirdperson_righthand": {
			"rotation": [75, 45, 0],
			"translation": [0, 2.5, 0],
			"scale": [0.375, 0.375, 0.375]
		},
		"thirdperson_lefthand": {
			"rotation": [75, 45, 0],
			"translation": [0, 2.5, 0],
			"scale": [0.375, 0.375, 0.375]
		},
		"firstperson_righthand": {
			"rotation": [0, 45, 0],
			"scale": [0.4, 0.4, 0.4]
		},
		"firstperson_lefthand": {
			"rotation": [0, 225, 0],
			"scale": [0.4, 0.4, 0.4]
		},
		"ground": {
			"translation": [0, 3, 0],
			"scale": [0.25, 0.25, 0.25]
		},
		"gui": {
			"rotation": [30, 225, 0],
			"translation": [0.25, 0, 0],
			"scale": [0.35, 0.35, 0.35]
		},
		"head": {
			"translation": [0, -9.25, 11.75],
			"scale": [3.5, 3.5, 3.5]
		}
	},
	"groups": [
		{
			"name": "group",
			"origin": [3, 6, -6.5],
			"color": 0,
			"children": [0, 1, 2, 3, 4, 5, 6, 7, 8, 9, 10, 11, 12, 13, 14, 15, 16, 17, 18, 19, 20, 21, 22, 23, 24, 25, 26, 27, 28, 29, 30, 31, 32, 33, 34, 35, 36, 37, 38, 39, 40, 41, 42]
		},
		{
			"name": "seats",
			"origin": [8, 8, 8],
			"color": 0,
			"children": [
				{
					"name": "group",
					"origin": [8.5, 3, -9.5],
					"color": 0,
					"children": [43, 44, 45, 46]
				}
			]
		},
		47,
		48,
		{
			"name": "group",
			"origin": [0, -0.51366, 0.32277],
			"color": 0,
			"children": [49, 50, 51]
		},
		{
			"name": "lp_seats",
			"origin": [8, 8, 8],
			"color": 0,
			"children": [
				{
					"name": "group",
					"origin": [4.5, 6.25, 0.25],
					"color": 0,
					"children": [
						{
							"name": "group",
							"origin": [11.752, 3.002, 5.498],
							"color": 0,
							"children": [52, 53, 54, 55]
						},
						56,
						57,
						58
					]
				}
			]
		}
	]
}