{
	"credit": "www.sebxter.pl",
	"texture_size": [128, 128],
	"textures": {
		"1": "block/vehiles/car/vintage_vehicle",
		"1_1": "block/vehiles/car/seats",
		"particle": "sebxter:tires_pack/tire_1"
	},
	"elements": [
		{
			"from": [-1, 1, -1.5],
			"to": [17, 7, -0.5],
			"rotation": {"angle": 0, "axis": "y", "origin": [8, 4.5, -6]},
			"faces": {
				"north": {"uv": [0, 5.375, 2.25, 6.125], "texture": "#1"},
				"east": {"uv": [9.875, 11.5, 10, 12.25], "texture": "#1"},
				"south": {"uv": [2.375, 5.75, 4.625, 6.5], "texture": "#1"},
				"west": {"uv": [10.125, 11.5, 10.25, 12.25], "texture": "#1"},
				"up": {"uv": [12.125, 6.625, 9.875, 6.5], "texture": "#1"},
				"down": {"uv": [10.5, 10, 8.25, 10.125], "texture": "#1"}
			}
		},
		{
			"from": [0, 6, 22],
			"to": [16, 7, 23],
			"rotation": {"angle": 45, "axis": "x", "origin": [8, 6.5, 22.5]},
			"faces": {
				"north": {"uv": [7.375, 6.25, 9.375, 6.375], "texture": "#1"},
				"east": {"uv": [12.125, 4.75, 12.25, 4.875], "texture": "#1"},
				"south": {"uv": [10.875, 10.25, 12.875, 10.375], "texture": "#1"},
				"west": {"uv": [12.5, 9.75, 12.625, 9.875], "texture": "#1"},
				"up": {"uv": [12.875, 10.625, 10.875, 10.5], "texture": "#1"},
				"down": {"uv": [13, 1.5, 11, 1.625], "texture": "#1"}
			}
		},
		{
			"from": [0, 4, 22],
			"to": [3, 5, 23],
			"rotation": {"angle": 0, "axis": "x", "origin": [8, 6.5, 22.5]},
			"faces": {
				"north": {"uv": [12, 8, 12.375, 8.125], "texture": "#1"},
				"east": {"uv": [11.75, 12.5, 11.875, 12.625], "texture": "#1"},
				"south": {"uv": [12.125, 10.75, 12.5, 10.875], "texture": "#1"},
				"west": {"uv": [12, 12.5, 12.125, 12.625], "texture": "#1"},
				"up": {"uv": [12.625, 6.625, 12.25, 6.5], "texture": "#1"},
				"down": {"uv": [12.625, 9, 12.25, 9.125], "texture": "#1"}
			}
		},
		{
			"from": [13, 4, 22],
			"to": [16, 5, 23],
			"rotation": {"angle": 0, "axis": "x", "origin": [8, 6.5, 22.5]},
			"faces": {
				"north": {"uv": [12.375, 2.875, 12.75, 3], "texture": "#1"},
				"east": {"uv": [12.625, 1.75, 12.75, 1.875], "texture": "#1"},
				"south": {"uv": [12.375, 11, 12.75, 11.125], "texture": "#1"},
				"west": {"uv": [12.625, 2, 12.75, 2.125], "texture": "#1"},
				"up": {"uv": [12.75, 11.375, 12.375, 11.25], "texture": "#1"},
				"down": {"uv": [12.75, 11.5, 12.375, 11.625], "texture": "#1"}
			}
		},
		{
			"from": [-1, 2, 17.5],
			"to": [17, 7, 22.5],
			"rotation": {"angle": 0, "axis": "y", "origin": [8, 5.5, 20.5]},
			"faces": {
				"north": {"uv": [6.5, 2.75, 8.75, 3.375], "texture": "#1"},
				"east": {"uv": [5, 9.75, 5.625, 10.375], "texture": "#1"},
				"south": {"uv": [4.75, 6.5, 7, 7.125], "texture": "#1"},
				"west": {"uv": [5.75, 9.75, 6.375, 10.375], "texture": "#1"},
				"up": {"uv": [4.125, 7.25, 1.875, 6.625], "texture": "#1"},
				"down": {"uv": [9, 3.5, 6.75, 4.125], "texture": "#1"}
			}
		},
		{
			"from": [-1.5, 2, 21.5],
			"to": [17.5, 4, 23.5],
			"rotation": {"angle": 0, "axis": "y", "origin": [8.5, 5.5, 20.5]},
			"faces": {
				"north": {"uv": [8.875, 3.125, 11.25, 3.375], "texture": "#1"},
				"east": {"uv": [10.875, 12, 11.125, 12.25], "texture": "#1"},
				"south": {"uv": [9.125, 0, 11.5, 0.25], "texture": "#1"},
				"west": {"uv": [12, 11, 12.25, 11.25], "texture": "#1"},
				"up": {"uv": [11.5, 0.625, 9.125, 0.375], "texture": "#1"},
				"down": {"uv": [5, 9.125, 2.625, 9.375], "texture": "#1"}
			}
		},
		{
			"from": [4.005, 1.505, -12.245],
			"to": [11.995, 7.495, -1.255],
			"rotation": {"angle": 0, "axis": "y", "origin": [8, 4.5, -6.75]},
			"faces": {
				"north": {"uv": [5.375, 8, 6.375, 8.75], "texture": "#1"},
				"east": {"uv": [8.375, 0.75, 9.75, 1.5], "texture": "#1"},
				"south": {"uv": [0, 8.75, 1, 9.5], "texture": "#1"},
				"west": {"uv": [1.125, 8.375, 2.5, 9.125], "texture": "#1"},
				"up": {"uv": [1, 8.625, 0, 7.25], "texture": "#1"},
				"down": {"uv": [7.625, 7.25, 6.625, 8.625], "texture": "#1"}
			}
		},
		{
			"from": [12.33312, 0.5, -11.52061],
			"to": [14.33312, 7.5, 0.47939],
			"rotation": {"angle": 22.5, "axis": "y", "origin": [11.33312, 6, -6.02061]},
			"faces": {
				"north": {"uv": [5, 11, 5.25, 11.875], "texture": "#1"},
				"east": {"uv": [1.125, 7.375, 2.625, 8.25], "texture": "#1"},
				"south": {"uv": [5.375, 11, 5.625, 11.875], "texture": "#1"},
				"west": {"uv": [7.75, 7.25, 9.25, 8.125], "texture": "#1"},
				"up": {"uv": [1, 11.125, 0.75, 9.625], "texture": "#1"},
				"down": {"uv": [6.75, 9.75, 6.5, 11.25], "texture": "#1"}
			}
		},
		{
			"from": [1.66688, 0.5, -11.52061],
			"to": [3.66688, 7.5, 0.47939],
			"rotation": {"angle": -22.5, "axis": "y", "origin": [4.66688, 6, -6.02061]},
			"faces": {
				"north": {"uv": [7.625, 11, 7.875, 11.875], "texture": "#1"},
				"east": {"uv": [7.875, 4.25, 9.375, 5.125], "texture": "#1"},
				"south": {"uv": [8, 11, 8.25, 11.875], "texture": "#1"},
				"west": {"uv": [7.875, 5.25, 9.375, 6.125], "texture": "#1"},
				"up": {"uv": [7.125, 11.25, 6.875, 9.75], "texture": "#1"},
				"down": {"uv": [7.5, 9.75, 7.25, 11.25], "texture": "#1"}
			}
		},
		{
			"from": [3.66688, 4.5, -7.52061],
			"to": [5.66688, 7.5, -1.52061],
			"rotation": {"angle": -22.5, "axis": "y", "origin": [4.66688, 6, -6.02061]},
			"faces": {
				"north": {"uv": [11.5, 4.375, 11.75, 4.75], "texture": "#1"},
				"east": {"uv": [6.75, 4.25, 7.5, 4.625], "texture": "#1"},
				"south": {"uv": [10.375, 11.5, 10.625, 11.875], "texture": "#1"},
				"west": {"uv": [8.25, 10.25, 9, 10.625], "texture": "#1"},
				"up": {"uv": [1, 12, 0.75, 11.25], "texture": "#1"},
				"down": {"uv": [4.75, 11.25, 4.5, 12], "texture": "#1"}
			}
		},
		{
			"from": [10.33312, 4.5, -7.52061],
			"to": [12.33312, 7.5, -1.52061],
			"rotation": {"angle": 22.5, "axis": "y", "origin": [11.33312, 6, -6.02061]},
			"faces": {
				"north": {"uv": [10.75, 11.5, 11, 11.875], "texture": "#1"},
				"east": {"uv": [9.125, 10.25, 9.875, 10.625], "texture": "#1"},
				"south": {"uv": [11.125, 11.5, 11.375, 11.875], "texture": "#1"},
				"west": {"uv": [10, 10.25, 10.75, 10.625], "texture": "#1"},
				"up": {"uv": [6, 12, 5.75, 11.25], "texture": "#1"},
				"down": {"uv": [6.375, 11.25, 6.125, 12], "texture": "#1"}
			}
		},
		{
			"from": [0.5, 5.90355, -2.2184],
			"to": [15.5, 7.90355, -0.2184],
			"rotation": {"angle": -22.5, "axis": "x", "origin": [8, 7.10355, -1.2184]},
			"faces": {
				"north": {"uv": [5.125, 9.375, 7, 9.625], "texture": "#1"},
				"east": {"uv": [12, 11.375, 12.25, 11.625], "texture": "#1"},
				"south": {"uv": [7.125, 9.375, 9, 9.625], "texture": "#1"},
				"west": {"uv": [12, 11.75, 12.25, 12], "texture": "#1"},
				"up": {"uv": [11.25, 7.5, 9.375, 7.25], "texture": "#1"},
				"down": {"uv": [11.25, 7.625, 9.375, 7.875], "texture": "#1"}
			}
		},
		{
			"from": [0.5, 0.5, -12.75],
			"to": [15.5, 2.5, -10.75],
			"rotation": {"angle": 45, "axis": "x", "origin": [8, 1.5, -11.75]},
			"faces": {
				"north": {"uv": [9.125, 9.375, 11, 9.625], "texture": "#1"},
				"east": {"uv": [0, 12.125, 0.25, 12.375], "texture": "#1"},
				"south": {"uv": [2.625, 9.5, 4.5, 9.75], "texture": "#1"},
				"west": {"uv": [12.125, 0.25, 12.375, 0.5], "texture": "#1"},
				"up": {"uv": [11.375, 4.5, 9.5, 4.25], "texture": "#1"},
				"down": {"uv": [11.375, 4.625, 9.5, 4.875], "texture": "#1"}
			}
		},
		{
			"from": [11.5, 0, -13.25],
			"to": [12.5, 3, -7.25],
			"rotation": {"angle": 0, "axis": "y", "origin": [8.5, 3, -9.75]},
			"faces": {
				"north": {"uv": [6.5, 3.5, 6.625, 3.875], "texture": "#1"},
				"east": {"uv": [10.375, 8.25, 11.125, 8.625], "texture": "#1"},
				"south": {"uv": [7.25, 12.375, 7.375, 12.75], "texture": "#1"},
				"west": {"uv": [5, 10.5, 5.75, 10.875], "texture": "#1"},
				"up": {"uv": [11.625, 12.25, 11.5, 11.5], "texture": "#1"},
				"down": {"uv": [1.25, 11.625, 1.125, 12.375], "texture": "#1"}
			}
		},
		{
			"from": [3.5, 0, -13.25],
			"to": [4.5, 3, -7.25],
			"rotation": {"angle": 0, "axis": "y", "origin": [7.5, 3, -9.75]},
			"faces": {
				"north": {"uv": [10.125, 12.375, 10.25, 12.75], "texture": "#1"},
				"east": {"uv": [10.5, 8.75, 11.25, 9.125], "texture": "#1"},
				"south": {"uv": [10.875, 12.375, 11, 12.75], "texture": "#1"},
				"west": {"uv": [2.625, 10.625, 3.375, 11], "texture": "#1"},
				"up": {"uv": [1.5, 12.375, 1.375, 11.625], "texture": "#1"},
				"down": {"uv": [1.75, 11.625, 1.625, 12.375], "texture": "#1"}
			}
		},
		{
			"from": [-1, 0, -0.5],
			"to": [1, 7, 17.5],
			"rotation": {"angle": 0, "axis": "y", "origin": [8, 3.5, 11.33333]},
			"faces": {
				"north": {"uv": [8.375, 11, 8.625, 11.875], "texture": "#1"},
				"east": {"uv": [4.125, 0, 6.375, 0.875], "texture": "#1"},
				"south": {"uv": [8.75, 11, 9, 11.875], "texture": "#1"},
				"west": {"uv": [4.125, 1, 6.375, 1.875], "texture": "#1"},
				"up": {"uv": [1.375, 11.5, 1.125, 9.25], "texture": "#1"},
				"down": {"uv": [1.75, 9.25, 1.5, 11.5], "texture": "#1"}
			}
		},
		{
			"from": [15, 0, -0.5],
			"to": [17, 7, 17.5],
			"rotation": {"angle": 0, "axis": "y", "origin": [8, 3.5, 11.33333]},
			"faces": {
				"north": {"uv": [9.125, 11, 9.375, 11.875], "texture": "#1"},
				"east": {"uv": [4.125, 2, 6.375, 2.875], "texture": "#1"},
				"south": {"uv": [9.5, 11, 9.75, 11.875], "texture": "#1"},
				"west": {"uv": [4.125, 3, 6.375, 3.875], "texture": "#1"},
				"up": {"uv": [2.125, 11.5, 1.875, 9.25], "texture": "#1"},
				"down": {"uv": [2.5, 9.25, 2.25, 11.5], "texture": "#1"}
			}
		},
		{
			"from": [1, 0, -0.5],
			"to": [15, 1, 16.5],
			"rotation": {"angle": 0, "axis": "y", "origin": [8, 3.5, 11.33333]},
			"faces": {
				"north": {"uv": [9.875, 11, 11.625, 11.125], "texture": "#1"},
				"up": {"uv": [4, 2.125, 2.25, 0], "texture": "#1"},
				"down": {"uv": [4, 2.25, 2.25, 4.375], "texture": "#1"}
			}
		},
		{
			"from": [1, 0.03702, -0.31389],
			"to": [15, 7.03702, 0.68611],
			"rotation": {"angle": -22.5, "axis": "x", "origin": [8, 4.03702, 0.18611]},
			"faces": {
				"south": {"uv": [0, 6.25, 1.75, 7.125], "texture": "#1"}
			}
		},
		{
			"from": [-1.995, -0.347, -3.60339],
			"to": [17.995, 4.643, -2.61339],
			"rotation": {"angle": -45, "axis": "x", "origin": [8, 3.648, -3.10839]},
			"faces": {
				"north": {"uv": [4.75, 5.75, 7.25, 6.375], "texture": "#1"},
				"east": {"uv": [0.5, 11.75, 0.625, 12.375], "texture": "#1"},
				"south": {"uv": [6.5, 0, 9, 0.625], "texture": "#1"},
				"west": {"uv": [11.75, 3.375, 11.875, 4], "texture": "#1"},
				"up": {"uv": [11.875, 8.125, 9.375, 8], "texture": "#1"},
				"down": {"uv": [12, 6.75, 9.5, 6.875], "texture": "#1"}
			}
		},
		{
			"from": [-2, 0.46602, -0.63351],
			"to": [0, 1.46602, 12.36649],
			"rotation": {"angle": 0, "axis": "x", "origin": [8, 0.96602, 1.86649]},
			"faces": {
				"north": {"uv": [12, 2.5, 12.25, 2.625], "texture": "#1"},
				"east": {"uv": [11.25, 8.25, 12.875, 8.375], "texture": "#1"},
				"south": {"uv": [3.5, 12.5, 3.75, 12.625], "texture": "#1"},
				"west": {"uv": [11.25, 8.5, 12.875, 8.625], "texture": "#1"},
				"up": {"uv": [4.875, 11.125, 4.625, 9.5], "texture": "#1"},
				"down": {"uv": [9.75, 5, 9.5, 6.625], "texture": "#1"}
			}
		},
		{
			"from": [16, 0.46602, -0.63351],
			"to": [18, 1.46602, 12.36649],
			"rotation": {"angle": 0, "axis": "x", "origin": [8, 0.96602, 1.86649]},
			"faces": {
				"north": {"uv": [12.5, 5.375, 12.75, 5.5], "texture": "#1"},
				"east": {"uv": [9.875, 11.25, 11.5, 11.375], "texture": "#1"},
				"south": {"uv": [5.625, 12.5, 5.875, 12.625], "texture": "#1"},
				"west": {"uv": [2.625, 11.375, 4.25, 11.5], "texture": "#1"},
				"up": {"uv": [0.25, 11.25, 0, 9.625], "texture": "#1"},
				"down": {"uv": [0.625, 9.625, 0.375, 11.25], "texture": "#1"}
			}
		},
		{
			"from": [-1.995, 0.75695, -9.64724],
			"to": [17.995, 3.74695, -8.65724],
			"rotation": {"angle": 22.5, "axis": "x", "origin": [-0.5, 3.75195, -7.15224]},
			"faces": {
				"north": {"uv": [8.375, 1.625, 10.875, 2], "texture": "#1"},
				"east": {"uv": [11.5, 12.375, 11.625, 12.75], "texture": "#1"},
				"south": {"uv": [8.375, 2.125, 10.875, 2.5], "texture": "#1"},
				"west": {"uv": [12.375, 11.75, 12.5, 12.125], "texture": "#1"},
				"up": {"uv": [12, 7.125, 9.5, 7], "texture": "#1"},
				"down": {"uv": [10.125, 9.75, 7.625, 9.875], "texture": "#1"}
			}
		},
		{
			"from": [-2, 3.70866, -9.46194],
			"to": [18, 4.70866, -3.46194],
			"rotation": {"angle": 0, "axis": "x", "origin": [-0.5, 5.20866, -5.46194]},
			"faces": {
				"north": {"uv": [9.875, 0.75, 12.375, 0.875], "texture": "#1"},
				"east": {"uv": [2.625, 11.125, 3.375, 11.25], "texture": "#1"},
				"south": {"uv": [9.875, 1, 12.375, 1.125], "texture": "#1"},
				"west": {"uv": [11.375, 9, 12.125, 9.125], "texture": "#1"},
				"up": {"uv": [6.625, 4.75, 4.125, 4], "texture": "#1"},
				"down": {"uv": [2.5, 4.5, 0, 5.25], "texture": "#1"}
			}
		},
		{
			"from": [-2, 0.81168, 15.172],
			"to": [18, 3.81168, 16.172],
			"rotation": {"angle": 22.5, "axis": "x", "origin": [-1.5, 3.81168, 17.672]},
			"faces": {
				"north": {"uv": [2.625, 8.625, 5.125, 9], "texture": "#1"},
				"east": {"uv": [12.375, 12.25, 12.5, 12.625], "texture": "#1"},
				"south": {"uv": [8.875, 2.625, 11.375, 3], "texture": "#1"},
				"west": {"uv": [0, 12.5, 0.125, 12.875], "texture": "#1"},
				"up": {"uv": [12.375, 1.375, 9.875, 1.25], "texture": "#1"},
				"down": {"uv": [12.375, 5, 9.875, 5.125], "texture": "#1"}
			}
		},
		{
			"from": [-1.995, 1.00698, 12.06597],
			"to": [17.995, 1.99698, 15.05597],
			"rotation": {"angle": -22.5, "axis": "x", "origin": [8, 1.50198, 13.56097]},
			"faces": {
				"north": {"uv": [9.875, 5.25, 12.375, 5.375], "texture": "#1"},
				"east": {"uv": [12.5, 0, 12.875, 0.125], "texture": "#1"},
				"west": {"uv": [0.25, 12.5, 0.625, 12.625], "texture": "#1"},
				"up": {"uv": [7.75, 9.25, 5.25, 8.875], "texture": "#1"},
				"down": {"uv": [10.375, 8.875, 7.875, 9.25], "texture": "#1"}
			}
		},
		{
			"from": [-1.995, 3.77339, 15.3673],
			"to": [17.995, 4.76339, 21.3573],
			"rotation": {"angle": 0, "axis": "x", "origin": [-1.5, 5.26839, 19.3623]},
			"faces": {
				"north": {"uv": [9.875, 5.5, 12.375, 5.625], "texture": "#1"},
				"east": {"uv": [11.5, 2.75, 12.25, 2.875], "texture": "#1"},
				"south": {"uv": [9.875, 5.75, 12.375, 5.875], "texture": "#1"},
				"west": {"uv": [11.625, 0, 12.375, 0.125], "texture": "#1"},
				"up": {"uv": [5.125, 5.625, 2.625, 4.875], "texture": "#1"},
				"down": {"uv": [7.75, 4.875, 5.25, 5.625], "texture": "#1"}
			}
		},
		{
			"from": [-2, 0.95973, 20.32424],
			"to": [18, 4.95973, 21.32424],
			"rotation": {"angle": -22.5, "axis": "x", "origin": [-1.5, 4.95973, 21.82424]},
			"faces": {
				"north": {"uv": [2.75, 8, 5.25, 8.5], "texture": "#1"},
				"east": {"uv": [7.625, 4.25, 7.75, 4.75], "texture": "#1"},
				"south": {"uv": [7.75, 8.25, 10.25, 8.75], "texture": "#1"},
				"west": {"uv": [11.25, 12, 11.375, 12.5], "texture": "#1"},
				"up": {"uv": [12.375, 6.125, 9.875, 6], "texture": "#1"},
				"down": {"uv": [12.375, 6.25, 9.875, 6.375], "texture": "#1"}
			}
		},
		{
			"from": [-1, 0, 17.5],
			"to": [17, 2, 22.5],
			"rotation": {"angle": 0, "axis": "y", "origin": [8, 2, 32.5]},
			"faces": {
				"north": {"uv": [9.125, 3.5, 11.375, 3.75], "texture": "#1"},
				"east": {"uv": [0, 11.375, 0.625, 11.625], "texture": "#1"},
				"south": {"uv": [9.125, 3.875, 11.375, 4.125], "texture": "#1"},
				"west": {"uv": [6.5, 11.375, 7.125, 11.625], "texture": "#1"},
				"up": {"uv": [9.375, 7.125, 7.125, 6.5], "texture": "#1"},
				"down": {"uv": [6.5, 7.25, 4.25, 7.875], "texture": "#1"}
			}
		},
		{
			"from": [-0.5, 6.52336, -0.36334],
			"to": [0.5, 12.52336, 0.63666],
			"rotation": {"angle": 22.5, "axis": "x", "origin": [8, 9.52336, 0.13666]},
			"faces": {
				"north": {"uv": [1.875, 11.625, 2, 12.375], "texture": "#1"},
				"east": {"uv": [2.125, 11.625, 2.25, 12.375], "texture": "#1"},
				"south": {"uv": [2.375, 11.625, 2.5, 12.375], "texture": "#1"},
				"west": {"uv": [2.625, 11.625, 2.75, 12.375], "texture": "#1"},
				"up": {"uv": [12.75, 2.375, 12.625, 2.25], "texture": "#1"},
				"down": {"uv": [12.75, 3.375, 12.625, 3.5], "texture": "#1"}
			}
		},
		{
			"from": [-0.495, 11.49134, 0.82777],
			"to": [16.495, 12.48134, 17.81777],
			"rotation": {"angle": 0, "axis": "x", "origin": [8, 11.98634, 9.32277]},
			"faces": {
				"north": {"uv": [10.25, 9.75, 12.375, 9.875], "texture": "#1"},
				"east": {"uv": [10.625, 10, 12.75, 10.125], "texture": "#1"},
				"south": {"uv": [7.625, 10.75, 9.75, 10.875], "texture": "#1"},
				"west": {"uv": [9.875, 10.75, 12, 10.875], "texture": "#1"},
				"up": {"uv": [2.125, 2.125, 0, 0], "texture": "#1"},
				"down": {"uv": [2.125, 2.25, 0, 4.375], "texture": "#1"}
			}
		},
		{
			"from": [-0.5, 6.51134, 5.82277],
			"to": [0.5, 11.51134, 6.82277],
			"rotation": {"angle": 0, "axis": "x", "origin": [8, 11.98634, 9.32277]},
			"faces": {
				"north": {"uv": [6.5, 11.75, 6.625, 12.375], "texture": "#1"},
				"east": {"uv": [6.75, 11.75, 6.875, 12.375], "texture": "#1"},
				"south": {"uv": [7, 11.75, 7.125, 12.375], "texture": "#1"},
				"west": {"uv": [11.75, 11, 11.875, 11.625], "texture": "#1"},
				"up": {"uv": [12.75, 3.75, 12.625, 3.625], "texture": "#1"},
				"down": {"uv": [12.75, 3.875, 12.625, 4], "texture": "#1"}
			}
		},
		{
			"from": [15.5, 6.51134, 5.82277],
			"to": [16.5, 11.51134, 6.82277],
			"rotation": {"angle": 0, "axis": "x", "origin": [8, 11.98634, 9.32277]},
			"faces": {
				"north": {"uv": [11.75, 11.75, 11.875, 12.375], "texture": "#1"},
				"east": {"uv": [11.875, 4.125, 12, 4.75], "texture": "#1"},
				"south": {"uv": [12, 1.75, 12.125, 2.375], "texture": "#1"},
				"west": {"uv": [12, 3.375, 12.125, 4], "texture": "#1"},
				"up": {"uv": [12.75, 10.875, 12.625, 10.75], "texture": "#1"},
				"down": {"uv": [11.25, 12.625, 11.125, 12.75], "texture": "#1"}
			}
		},
		{
			"from": [15.5, 6.51134, 12.82277],
			"to": [16.5, 11.51134, 13.82277],
			"rotation": {"angle": 0, "axis": "x", "origin": [8, 11.98634, 9.32277]},
			"faces": {
				"north": {"uv": [3.875, 12, 4, 12.625], "texture": "#1"},
				"east": {"uv": [4.125, 12, 4.25, 12.625], "texture": "#1"},
				"south": {"uv": [4.875, 12, 5, 12.625], "texture": "#1"},
				"west": {"uv": [5.125, 12, 5.25, 12.625], "texture": "#1"},
				"up": {"uv": [12.75, 11.875, 12.625, 11.75], "texture": "#1"},
				"down": {"uv": [12.75, 12, 12.625, 12.125], "texture": "#1"}
			}
		},
		{
			"from": [-0.5, 6.51134, 12.82277],
			"to": [0.5, 11.51134, 13.82277],
			"rotation": {"angle": 0, "axis": "x", "origin": [8, 11.98634, 9.32277]},
			"faces": {
				"north": {"uv": [5.375, 12, 5.5, 12.625], "texture": "#1"},
				"east": {"uv": [7.5, 12, 7.625, 12.625], "texture": "#1"},
				"south": {"uv": [7.75, 12, 7.875, 12.625], "texture": "#1"},
				"west": {"uv": [8, 12, 8.125, 12.625], "texture": "#1"},
				"up": {"uv": [12.75, 12.375, 12.625, 12.25], "texture": "#1"},
				"down": {"uv": [12.75, 12.5, 12.625, 12.625], "texture": "#1"}
			}
		},
		{
			"from": [15.505, 6.49134, 17.82777],
			"to": [16.495, 11.48134, 21.81777],
			"rotation": {"angle": 0, "axis": "x", "origin": [8, 11.98634, 9.32277]},
			"faces": {
				"north": {"uv": [8.25, 12, 8.375, 12.625], "texture": "#1"},
				"east": {"uv": [2.625, 9.875, 3.125, 10.5], "texture": "#1"},
				"south": {"uv": [8.5, 12, 8.625, 12.625], "texture": "#1"},
				"west": {"uv": [3.25, 9.875, 3.75, 10.5], "texture": "#1"},
				"up": {"uv": [0.875, 12.625, 0.75, 12.125], "texture": "#1"},
				"down": {"uv": [12.25, 4.125, 12.125, 4.625], "texture": "#1"}
			}
		},
		{
			"from": [-0.495, 6.49134, 17.82777],
			"to": [0.495, 11.48134, 21.81777],
			"rotation": {"angle": 0, "axis": "x", "origin": [8, 11.98634, 9.32277]},
			"faces": {
				"north": {"uv": [8.75, 12, 8.875, 12.625], "texture": "#1"},
				"east": {"uv": [3.875, 9.875, 4.375, 10.5], "texture": "#1"},
				"south": {"uv": [9, 12, 9.125, 12.625], "texture": "#1"},
				"west": {"uv": [7.625, 10, 8.125, 10.625], "texture": "#1"},
				"up": {"uv": [4.5, 12.625, 4.375, 12.125], "texture": "#1"},
				"down": {"uv": [4.75, 12.125, 4.625, 12.625], "texture": "#1"}
			}
		},
		{
			"from": [15.5, 6.52336, -0.36334],
			"to": [16.5, 12.52336, 0.63666],
			"rotation": {"angle": 22.5, "axis": "x", "origin": [8, 9.52336, 0.13666]},
			"faces": {
				"north": {"uv": [2.875, 11.625, 3, 12.375], "texture": "#1"},
				"east": {"uv": [3.125, 11.625, 3.25, 12.375], "texture": "#1"},
				"south": {"uv": [3.375, 11.625, 3.5, 12.375], "texture": "#1"},
				"west": {"uv": [3.625, 11.625, 3.75, 12.375], "texture": "#1"},
				"up": {"uv": [0.375, 12.875, 0.25, 12.75], "texture": "#1"},
				"down": {"uv": [0.625, 12.75, 0.5, 12.875], "texture": "#1"}
			}
		},
		{
			"from": [-0.5, 10.37635, 17.40307],
			"to": [2.5, 11.37635, 20.40307],
			"rotation": {"angle": 22.5, "axis": "x", "origin": [0, 10.87635, 20.40307]},
			"faces": {
				"north": {"uv": [12.5, 0.25, 12.875, 0.375], "texture": "#1"},
				"east": {"uv": [12.5, 0.5, 12.875, 0.625], "texture": "#1"},
				"south": {"uv": [12.5, 0.75, 12.875, 0.875], "texture": "#1"},
				"west": {"uv": [1, 12.5, 1.375, 12.625], "texture": "#1"},
				"up": {"uv": [4.625, 7, 4.25, 6.625], "texture": "#1"},
				"down": {"uv": [7.75, 5.75, 7.375, 6.125], "texture": "#1"}
			}
		},
		{
			"from": [-0.496, 6.37931, 20.78452],
			"to": [2.496, 11.37131, 21.77652],
			"rotation": {"angle": -22.5, "axis": "x", "origin": [0, 8.37531, 21.28052]},
			"faces": {
				"north": {"uv": [5.875, 10.5, 6.25, 11.125], "texture": "#1"},
				"east": {"uv": [9.25, 12, 9.375, 12.625], "texture": "#1"},
				"south": {"uv": [3.5, 10.625, 3.875, 11.25], "texture": "#1"},
				"west": {"uv": [9.5, 12, 9.625, 12.625], "texture": "#1"},
				"up": {"uv": [12.875, 1.125, 12.5, 1], "texture": "#1"},
				"down": {"uv": [12.875, 1.25, 12.5, 1.375], "texture": "#1"}
			}
		},
		{
			"from": [13.5, 10.37635, 17.40307],
			"to": [16.5, 11.37635, 20.40307],
			"rotation": {"angle": 22.5, "axis": "x", "origin": [16, 10.87635, 20.40307]},
			"faces": {
				"north": {"uv": [1.5, 12.5, 1.875, 12.625], "texture": "#1"},
				"east": {"uv": [2, 12.5, 2.375, 12.625], "texture": "#1"},
				"south": {"uv": [2.5, 12.5, 2.875, 12.625], "texture": "#1"},
				"west": {"uv": [3, 12.5, 3.375, 12.625], "texture": "#1"},
				"up": {"uv": [11.875, 2.125, 11.5, 1.75], "texture": "#1"},
				"down": {"uv": [11.875, 2.25, 11.5, 2.625], "texture": "#1"}
			}
		},
		{
			"from": [2.5, 10.37635, 17.40307],
			"to": [13.5, 11.37635, 18.40307],
			"rotation": {"angle": 22.5, "axis": "x", "origin": [16, 10.87635, 20.40307]},
			"faces": {
				"north": {"uv": [2.75, 7.75, 4.125, 7.875], "texture": "#1"},
				"east": {"uv": [0.75, 12.75, 0.875, 12.875], "texture": "#1"},
				"south": {"uv": [11.375, 3.125, 12.75, 3.25], "texture": "#1"},
				"west": {"uv": [1, 12.75, 1.125, 12.875], "texture": "#1"},
				"up": {"uv": [12.75, 7.375, 11.375, 7.25], "texture": "#1"},
				"down": {"uv": [12.75, 7.5, 11.375, 7.625], "texture": "#1"}
			}
		},
		{
			"from": [13.504, 6.37931, 20.78452],
			"to": [16.496, 11.37131, 21.77652],
			"rotation": {"angle": -22.5, "axis": "x", "origin": [16, 8.37531, 21.28052]},
			"faces": {
				"north": {"uv": [4, 10.625, 4.375, 11.25], "texture": "#1"},
				"east": {"uv": [10.375, 12, 10.5, 12.625], "texture": "#1"},
				"south": {"uv": [11, 1.75, 11.375, 2.375], "texture": "#1"},
				"west": {"uv": [10.625, 12, 10.75, 12.625], "texture": "#1"},
				"up": {"uv": [12.875, 5, 12.5, 4.875], "texture": "#1"},
				"down": {"uv": [12.875, 5.125, 12.5, 5.25], "texture": "#1"}
			}
		},
		{
			"from": [2.5, 6.37531, 20.78052],
			"to": [13.5, 8.37531, 21.78052],
			"rotation": {"angle": -22.5, "axis": "x", "origin": [16, 8.37531, 21.28052]},
			"faces": {
				"north": {"uv": [2.625, 4.5, 4, 4.75], "texture": "#1"},
				"east": {"uv": [2.375, 5.375, 2.5, 5.625], "texture": "#1"},
				"south": {"uv": [2.75, 7.375, 4.125, 7.625], "texture": "#1"},
				"west": {"uv": [12.5, 5.625, 12.625, 5.875], "texture": "#1"},
				"up": {"uv": [12.75, 7.875, 11.375, 7.75], "texture": "#1"},
				"down": {"uv": [12.75, 8.75, 11.375, 8.875], "texture": "#1"}
			}
		},
		{
			"from": [1, 0, 16.5],
			"to": [15, 7, 17.5],
			"rotation": {"angle": 0, "axis": "y", "origin": [8, 3.5, 11.33333]},
			"faces": {
				"north": {"uv": [6.5, 0.75, 8.25, 1.625], "texture": "#1"},
				"east": {"uv": [7.25, 11.375, 7.375, 12.25], "texture": "#1"},
				"south": {"uv": [6.5, 1.75, 8.25, 2.625], "texture": "#1"},
				"west": {"uv": [11.5, 3.375, 11.625, 4.25], "texture": "#1"},
				"up": {"uv": [12.875, 9.375, 11.125, 9.25], "texture": "#1"},
				"down": {"uv": [12.875, 9.5, 11.125, 9.625], "texture": "#1"}
			}
		},
		{
			"from": [-0.5, 3, -9.85],
			"to": [1.5, 5, -7.85],
			"rotation": {"angle": 22.5, "axis": "x", "origin": [0.5, 5.5, -9.5]},
			"faces": {
				"north": {"uv": [5.625, 12.125, 5.875, 12.375], "texture": "#1"},
				"east": {"uv": [6, 12.125, 6.25, 12.375], "texture": "#1"},
				"south": {"uv": [12.125, 6.75, 12.375, 7], "texture": "#1"},
				"west": {"uv": [12, 12.125, 12.25, 12.375], "texture": "#1"},
				"up": {"uv": [12.5, 2, 12.25, 1.75], "texture": "#1"},
				"down": {"uv": [12.5, 2.125, 12.25, 2.375], "texture": "#1"}
			}
		},
		{
			"from": [14.5, 3, -9.85],
			"to": [16.5, 5, -7.85],
			"shade": false,
			"rotation": {"angle": 22.5, "axis": "x", "origin": [15.5, 5.5, -9.5]},
			"faces": {
				"north": {"uv": [12.25, 3.375, 12.5, 3.625], "texture": "#1"},
				"east": {"uv": [12.25, 3.75, 12.5, 4], "texture": "#1"},
				"south": {"uv": [12.375, 2.5, 12.625, 2.75], "texture": "#1"},
				"west": {"uv": [12.375, 4.125, 12.625, 4.375], "texture": "#1"},
				"up": {"uv": [12.625, 4.75, 12.375, 4.5], "texture": "#1"},
				"down": {"uv": [10, 12.375, 9.75, 12.625], "texture": "#1"}
			}
		},
		{
			"from": [-4.3, 7, -0.4],
			"to": [-1.3, 9, -0.4],
			"rotation": {"angle": 22.5, "axis": "y", "origin": [-2.8, 8, -0.75]},
			"faces": {
				"north": {"uv": [1.875, 6.25, 2.25, 6.5], "texture": "#1"},
				"east": {"uv": [6.5, 8, 6.5, 8.25], "texture": "#1"},
				"south": {"uv": [11.625, 0.25, 12, 0.5], "texture": "#1"},
				"west": {"uv": [6.5, 8.375, 6.5, 8.625], "texture": "#1"},
				"up": {"uv": [7.125, 4.75, 6.75, 4.75], "texture": "#1"},
				"down": {"uv": [4.625, 7.125, 4.25, 7.125], "texture": "#1"}
			}
		},
		{
			"from": [-5.475, 7.475, -1.25],
			"to": [-3.475, 8.475, -0.25],
			"rotation": {"angle": -45, "axis": "z", "origin": [-3.9, 3.35, 0.5]},
			"faces": {
				"north": {"uv": [6, 12.5, 6.25, 12.625], "texture": "#1"},
				"east": {"uv": [1.25, 12.75, 1.375, 12.875], "texture": "#1"},
				"south": {"uv": [12.5, 6, 12.75, 6.125], "texture": "#1"},
				"west": {"uv": [1.5, 12.75, 1.625, 12.875], "texture": "#1"},
				"up": {"uv": [12.75, 6.375, 12.5, 6.25], "texture": "#1"},
				"down": {"uv": [6.625, 12.5, 6.375, 12.625], "texture": "#1"}
			}
		},
		{
			"from": [17.3, 7, -0.4],
			"to": [20.3, 9, -0.4],
			"rotation": {"angle": -22.5, "axis": "y", "origin": [18.8, 8, -0.75]},
			"faces": {
				"north": {"uv": [3.875, 11.625, 4.25, 11.875], "texture": "#1"},
				"east": {"uv": [4.5, 9.875, 4.5, 10.125], "texture": "#1"},
				"south": {"uv": [0, 11.75, 0.375, 12], "texture": "#1"},
				"west": {"uv": [4.5, 10.25, 4.5, 10.5], "texture": "#1"},
				"up": {"uv": [1.5, 7.25, 1.125, 7.25], "texture": "#1"},
				"down": {"uv": [8.75, 2.625, 8.375, 2.625], "texture": "#1"}
			}
		},
		{
			"from": [19.475, 7.475, -1.25],
			"to": [21.475, 8.475, -0.25],
			"rotation": {"angle": 45, "axis": "z", "origin": [19.9, 3.35, 0.5]},
			"faces": {
				"north": {"uv": [6.75, 12.5, 7, 12.625], "texture": "#1"},
				"east": {"uv": [1.75, 12.75, 1.875, 12.875], "texture": "#1"},
				"south": {"uv": [12.5, 6.75, 12.75, 6.875], "texture": "#1"},
				"west": {"uv": [2, 12.75, 2.125, 12.875], "texture": "#1"},
				"up": {"uv": [12.75, 7.125, 12.5, 7], "texture": "#1"},
				"down": {"uv": [12.75, 8, 12.5, 8.125], "texture": "#1"}
			}
		},
		{
			"from": [0.5, 6.96134, -0.25223],
			"to": [15.5, 12.96134, 0.24777],
			"rotation": {"angle": 22.5, "axis": "x", "origin": [8.5, 9.46134, -1.17723]},
			"faces": {
				"north": {"uv": [0, 14.1875, 1.875, 14.9375], "texture": "#1"},
				"south": {"uv": [1.875, 14.1875, 0, 14.9375], "texture": "#1"}
			}
		},
		{
			"from": [2.5, 7.71134, 20.42723],
			"to": [13.5, 10.71134, 20.92723],
			"rotation": {"angle": -22.5, "axis": "x", "origin": [8.5, 9.46134, 19.67723]},
			"faces": {
				"north": {"uv": [16, 13.3125, 14.625, 13.6875], "texture": "#1"},
				"south": {"uv": [14.625, 13.3125, 16, 13.6875], "texture": "#1"}
			}
		},
		{
			"from": [2.5, 11.35939, 17.00858],
			"to": [13.5, 11.85939, 20.00858],
			"rotation": {"angle": 22.5, "axis": "x", "origin": [8.5, 10.60939, 18.25858]},
			"faces": {
				"up": {"uv": [13.6875, 9.3125, 15.0625, 9.6875], "texture": "#1"},
				"down": {"uv": [13.6875, 9.6875, 15.0625, 9.3125], "texture": "#1"}
			}
		},
		{
			"from": [-0.25, 6.96134, -0.92723],
			"to": [0.25, 11.96134, 19.07277],
			"rotation": {"angle": 0, "axis": "y", "origin": [0, -0.51366, 0.32277]},
			"faces": {
				"east": {"uv": [9.1875, 14.9375, 6.6875, 15.5625], "texture": "#1"},
				"west": {"uv": [6.6875, 14.9375, 9.1875, 15.5625], "texture": "#1"}
			}
		},
		{
			"from": [15.75, 6.96134, -0.92723],
			"to": [16.25, 11.96134, 19.07277],
			"rotation": {"angle": 0, "axis": "y", "origin": [16, -0.51366, 0.32277]},
			"faces": {
				"east": {"uv": [9.1875, 14.9375, 6.6875, 15.5625], "texture": "#1"},
				"west": {"uv": [6.6875, 14.9375, 9.1875, 15.5625], "texture": "#1"}
			}
		},
		{
			"from": [9, 0.87026, 7.41151],
			"to": [14.5, 7.87026, 9.41151],
			"rotation": {"angle": 22.5, "axis": "x", "origin": [11.75, 4.37026, 8.41151]},
			"faces": {
				"north": {"uv": [3.5, 3, 4.875, 4.75], "texture": "#1_1"},
				"east": {"uv": [3.5, 7, 4, 8.75], "texture": "#1_1"},
				"south": {"uv": [0, 4, 1.375, 5.75], "texture": "#1_1"},
				"west": {"uv": [7, 4, 7.5, 5.75], "texture": "#1_1"},
				"up": {"uv": [7.625, 8, 6.25, 7.5], "texture": "#1_1"},
				"down": {"uv": [0, 0, 0, 0], "texture": "#1_1"}
			}
		},
		{
			"from": [9.004, 0.754, 3],
			"to": [14.5, 2.75, 7.996],
			"rotation": {"angle": 0, "axis": "y", "origin": [11.752, 3.002, 5.498]},
			"faces": {
				"north": {"uv": [7.75, 4, 9.125, 4.5], "texture": "#1_1"},
				"east": {"uv": [6.25, 8.25, 7.5, 8.75], "texture": "#1_1"},
				"south": {"uv": [0, 0, 0, 0], "texture": "#1_1"},
				"west": {"uv": [7.75, 8.25, 9, 8.75], "texture": "#1_1"},
				"up": {"uv": [6.625, 4.25, 5.25, 3], "texture": "#1_1"},
				"down": {"uv": [6.625, 4.5, 5.25, 5.75], "texture": "#1_1"}
			}
		},
		{
			"from": [1.5, 0.754, 3],
			"to": [6.996, 2.75, 7.996],
			"rotation": {"angle": 0, "axis": "y", "origin": [4.248, 3.002, 5.498]},
			"faces": {
				"north": {"uv": [7.75, 4.75, 9.125, 5.25], "texture": "#1_1"},
				"east": {"uv": [8.5, 1.5, 9.75, 2], "texture": "#1_1"},
				"south": {"uv": [0, 0, 0, 0], "texture": "#1_1"},
				"west": {"uv": [8.5, 2.25, 9.75, 2.75], "texture": "#1_1"},
				"up": {"uv": [1.375, 7.25, 0, 6], "texture": "#1_1"},
				"down": {"uv": [3.125, 6, 1.75, 7.25], "texture": "#1_1"}
			}
		},
		{
			"from": [1.496, 0.87026, 7.41151],
			"to": [6.996, 7.87026, 9.41151],
			"rotation": {"angle": 22.5, "axis": "x", "origin": [4.246, 4.37026, 8.41151]},
			"faces": {
				"north": {"uv": [1.75, 4, 3.125, 5.75], "texture": "#1_1"},
				"east": {"uv": [4.25, 7, 4.75, 8.75], "texture": "#1_1"},
				"south": {"uv": [3.5, 5, 4.875, 6.75], "texture": "#1_1"},
				"west": {"uv": [0, 7.5, 0.5, 9.25], "texture": "#1_1"},
				"up": {"uv": [9.375, 8, 8, 7.5], "texture": "#1_1"},
				"down": {"uv": [0, 0, 0, 0], "texture": "#1_1"}
			}
		},
		{
			"from": [1.502, 0.752, 10.502],
			"to": [14.498, 2.748, 15.498],
			"rotation": {"angle": 0, "axis": "y", "origin": [0, 1, 7.5]},
			"faces": {
				"north": {"uv": [5.25, 6, 8.5, 6.5], "texture": "#1_1"},
				"east": {"uv": [8.5, 3, 9.75, 3.5], "texture": "#1_1"},
				"south": {"uv": [5.25, 6.75, 8.5, 7.25], "texture": "#1_1"},
				"west": {"uv": [8.75, 5.5, 10, 6], "texture": "#1_1"},
				"up": {"uv": [6.75, 1.25, 3.5, 0], "texture": "#1_1"},
				"down": {"uv": [6.75, 1.5, 3.5, 2.75], "texture": "#1_1"}
			}
		},
		{
			"from": [1.498, 0.94438, 14.53083],
			"to": [14.498, 7.94438, 16.53083],
			"rotation": {"angle": 22.5, "axis": "x", "origin": [4.498, 3.44438, 15.53083]},
			"faces": {
				"north": {"uv": [0, 0, 3.25, 1.75], "texture": "#1_1"},
				"east": {"uv": [0.75, 7.5, 1.25, 9.25], "texture": "#1_1"},
				"south": {"uv": [0, 2, 3.25, 3.75], "texture": "#1_1"},
				"west": {"uv": [1.5, 7.5, 2, 9.25], "texture": "#1_1"},
				"up": {"uv": [10.25, 0.5, 7, 0], "texture": "#1_1"},
				"down": {"uv": [10.25, 0.75, 7, 1.25], "texture": "#1_1"}
			}
		},
		{
			"from": [2, 3.625, -0.5],
			"to": [7, 7.625, 1],
			"rotation": {"angle": 0, "axis": "y", "origin": [0, 1, -1]},
			"faces": {
				"north": {"uv": [7, 1.5, 8.25, 2.5], "texture": "#1_1"},
				"east": {"uv": [5, 8.75, 5.375, 9.75], "texture": "#1_1"},
				"south": {"uv": [7, 2.75, 8.25, 3.75], "texture": "#1_1"},
				"west": {"uv": [3.75, 9, 4.125, 10], "texture": "#1_1"},
				"up": {"uv": [10, 6.625, 8.75, 6.25], "texture": "#1_1"},
				"down": {"uv": [3.5, 9, 2.25, 9.375], "texture": "#1_1"}
			}
		},
		{
			"from": [4.25, 6.375, 0.275],
			"to": [4.75, 6.875, 1.775],
			"rotation": {"angle": -22.5, "axis": "x", "origin": [4.5, 6.25, 0.25]},
			"faces": {
				"north": {"uv": [6.25, 9, 6.375, 9.125], "texture": "#1_1"},
				"east": {"uv": [7.75, 5.5, 8.125, 5.625], "texture": "#1_1"},
				"south": {"uv": [6.75, 9, 6.875, 9.125], "texture": "#1_1"},
				"west": {"uv": [8.75, 7, 9.125, 7.125], "texture": "#1_1"},
				"up": {"uv": [5.875, 9.125, 5.75, 8.75], "texture": "#1_1"},
				"down": {"uv": [4.625, 9, 4.5, 9.375], "texture": "#1_1"}
			}
		},
		{
			"from": [2.75, 4.875, 1.825],
			"to": [6.25, 8.375, 1.825],
			"rotation": {"angle": -22.5, "axis": "x", "origin": [4.5, 6.25, 0.25]},
			"faces": {
				"north": {"uv": [2.25, 7.5, 3.125, 8.375], "texture": "#1_1"},
				"east": {"uv": [0, 0, 0, 0], "texture": "#1_1"},
				"south": {"uv": [5, 7.5, 5.875, 8.375], "texture": "#1_1"},
				"west": {"uv": [0, 0, 0, 0], "texture": "#1_1"},
				"up": {"uv": [0, 0, 0, 0], "texture": "#1_1"},
				"down": {"uv": [0, 0, 0, 0], "texture": "#1_1"}
			}
		}
	],
	"display": {
		"thirdperson_righthand": {
			"rotation": [75, 45, 0],
			"translation": [0, 2.5, 0],
			"scale": [0.375, 0.375, 0.375]
		},
		"thirdperson_lefthand": {
			"rotation": [75, 45, 0],
			"translation": [0, 2.5, 0],
			"scale": [0.375, 0.375, 0.375]
		},
		"firstperson_righthand": {
			"rotation": [0, 45, 0],
			"scale": [0.4, 0.4, 0.4]
		},
		"firstperson_lefthand": {
			"rotation": [0, 225, 0],
			"scale": [0.4, 0.4, 0.4]
		},
		"ground": {
			"translation": [0, 3, 0],
			"scale": [0.25, 0.25, 0.25]
		},
		"gui": {
			"rotation": [30, 225, 0],
			"translation": [-0.75, 1, 0],
			"scale": [0.4, 0.4, 0.4]
		},
		"head": {
			"translation": [0, -9.25, 11.75],
			"scale": [3.5, 3.5, 3.5]
		},
		"fixed": {
			"scale": [0.5, 0.5, 0.5]
		}
	},
	"groups": [
		{
			"name": "group",
			"origin": [3, 6, -6.5],
			"color": 0,
			"children": [0, 1, 2, 3, 4, 5, 6, 7, 8, 9, 10, 11, 12, 13, 14, 15, 16, 17, 18, 19, 20, 21, 22, 23, 24, 25, 26, 27, 28, 29, 30, 31, 32, 33, 34, 35, 36, 37, 38, 39, 40, 41, 42, 43, 44]
		},
		45,
		46,
		{
			"name": "seats",
			"origin": [8, 8, 8],
			"color": 0,
			"children": [
				{
					"name": "group",
					"origin": [8.5, 3, -9.5],
					"color": 0,
					"children": [47, 48, 49, 50]
				}
			]
		},
		{
			"name": "group",
			"origin": [0, -0.51366, 0.32277],
			"color": 0,
			"children": [51, 52, 53, 54, 55]
		},
		{
			"name": "lp_seats",
			"origin": [8, 8, 8],
			"color": 0,
			"children": [
				{
					"name": "group",
					"origin": [4.5, 6.25, 0.25],
					"color": 0,
					"children": [
						{
							"name": "group",
							"origin": [11.752, 3.002, 5.498],
							"color": 0,
							"children": [56, 57, 58, 59]
						},
						60,
						61,
						62,
						63,
						64
					]
				}
			]
		}
	]
}