{
    "parent": "item/generated",
    "textures": {
      "layer0": "item/leather_boots",
      "layer1": "item/leather_boots_overlay"
    },
    "overrides": [
      {
        "predicate": {
          "custom_model_data": 1
        },
        "model": "item/vehiles/car/ambulance"
      },
      {
        "predicate": {
          "custom_model_data": 3
        },
        "model": "item/vehiles/car/bike"
      },
      {
        "predicate": {
          "custom_model_data": 4
        },
        "model": "item/vehiles/car/boat"
      },
      {
        "predicate": {
          "custom_model_data": 5
        },
        "model": "item/vehiles/car/bus"
      },
      {
        "predicate": {
          "custom_model_data": 7
        },
        "model": "item/vehiles/car/car_transporter"
      },
      {
        "predicate": {
          "custom_model_data": 8
        },
        "model": "item/vehiles/car/car_with_banner"
      },
      {
        "predicate": {
          "custom_model_data": 9
        },
        "model": "item/vehiles/car/civilian_vehicle_1"
      },
      {
        "predicate": {
          "custom_model_data": 10
        },
        "model": "item/vehiles/car/civilian_vehicle_2"
      },
      {
        "predicate": {
          "custom_model_data": 11
        },
        "model": "item/vehiles/car/civilian_vehicle_3"
      },
      {
        "predicate": {
          "custom_model_data": 12
        },
        "model": "item/vehiles/car/civilian_vehicle_4"
      },
      {
        "predicate": {
          "custom_model_data": 13
        },
        "model": "item/vehiles/car/civilian_vehicle_5"
      },
      {
        "predicate": {
          "custom_model_data": 14
        },
        "model": "item/vehiles/car/civilian_vehicle_6"
      },
      {
        "predicate": {
          "custom_model_data": 15
        },
        "model": "item/vehiles/car/civilian_vehicle_7"
      },
      {
        "predicate": {
          "custom_model_data": 16
        },
        "model": "item/vehiles/car/civilian_vehicle_8"
      },
      {
        "predicate": {
          "custom_model_data": 17
        },
        "model": "item/vehiles/car/civilian_vehicle_9"
      },
      {
        "predicate": {
          "custom_model_data": 18
        },
        "model": "item/vehiles/car/fire_engine"
      },
      {
        "predicate": {
          "custom_model_data": 19
        },
        "model": "item/vehiles/car/garbage_truck"
      },
      {
        "predicate": {
          "custom_model_data": 20
        },
        "model": "item/vehiles/heli/helicopter"
      },
      {
        "predicate": {
          "custom_model_data": 21
        },
        "model": "item/vehiles/car/limousine"
      },
      {
        "predicate": {
          "custom_model_data": 22
        },
        "model": "item/vehiles/car/lowrider"
      },
      {
        "predicate": {
          "custom_model_data": 23
        },
        "model": "item/vehiles/car/luxury_vehicle_1"
      },
      {
        "predicate": {
          "custom_model_data": 24
        },
        "model": "item/vehiles/car/luxury_vehicle_2"
      },
      {
        "predicate": {
          "custom_model_data": 25
        },
        "model": "item/vehiles/car/luxury_vehicle_3"
      },
      {
        "predicate": {
          "custom_model_data": 26
        },
        "model": "item/vehiles/car/luxury_vehicle_4"
      },
      {
        "predicate": {
          "custom_model_data": 27
        },
        "model": "item/vehiles/car/motorcycle_1"
      },
      {
        "predicate": {
          "custom_model_data": 28
        },
        "model": "item/vehiles/car/motorcycle_2"
      },
      {
        "predicate": {
          "custom_model_data": 31
        },
        "model": "item/vehiles/car/police_car"
      },
      {
        "predicate": {
          "custom_model_data": 32
        },
        "model": "item/vehiles/car/postman_car"
      },
      {
        "predicate": {
          "custom_model_data": 33
        },
        "model": "item/vehiles/car/quad"
      },
      {
        "predicate": {
          "custom_model_data": 34
        },
        "model": "item/vehiles/car/scooter"
      },
      {
        "predicate": {
          "custom_model_data": 35
        },
        "model": "item/vehiles/car/tanker"
      },
      {
        "predicate": {
          "custom_model_data": 36
        },
        "model": "item/vehiles/car/taxi"
      },
      {
        "predicate": {
          "custom_model_data": 37
        },
        "model": "item/vehiles/car/truck"
      },
      {
        "predicate": {
          "custom_model_data": 39
        },
        "model": "item/vehiles/car/van"
      },
      {
        "predicate": {
          "custom_model_data": 40
        },
        "model": "item/vehiles/car/vintage_vehicle"
      },
      {
        "predicate": {
          "custom_model_data": 41
        },
        "model": "item/vehiles/heli/mi8"
      },
      {
        "predicate": {
          "custom_model_data": 42
        },
        "model": "item/vehiles/tank/t90_1"
      },
      {
        "predicate": {
          "custom_model_data": 43
        },
        "model": "item/vehiles/tank/t90_2"
      },
      {
        "predicate": {
          "custom_model_data": 44
        },
        "model": "item/vehiles/tank/abrams_1"
      },
      {
        "predicate": {
          "custom_model_data": 45
        },
        "model": "item/vehiles/tank/abrams_2"
      },
      {
        "predicate": {
          "custom_model_data": 47
        },
        "model": "item/vehiles/plane/albatros"
      },
      {
        "predicate": {
          "custom_model_data": 48
        },
        "model": "item/vehiles/plane/sopwith"
      }
    ]
  }