{
    "parent": "minecraft:item/generated",
    "textures": {
      "layer0": "minecraft:item/phantom_membrane"
    },
    "overrides": [
        {"predicate":{"custom_model_data":1},"model":"item/ammo/ammo9mm"},
        {"predicate":{"custom_model_data":2},"model":"item/ammo/ammo556"},
        {"predicate":{"custom_model_data":3},"model":"item/ammo/ammo762"},
        {"predicate":{"custom_model_data":4},"model":"item/ammo/ammoshotgun"},
        {"predicate": {"custom_model_data":5}, "model":"item/weapons/ammo_nuke"},
        {"predicate": {"custom_model_data":6}, "model":"item/weapons/ammo_rocket"}
    ]
}